,Price
2019-01-01 00:00:00,49.11689655172414
2019-01-01 00:15:00,45.64
2019-01-01 00:30:00,44.61
2019-01-01 00:45:00,44.61
2019-01-01 01:00:00,44.5
2019-01-01 01:15:00,43.64
2019-01-01 01:30:00,43.3919540229885
2019-01-01 01:45:00,42.574374999999996
2019-01-01 02:00:00,38.91
2019-01-01 02:15:00,58.24861111111111
2019-01-01 02:30:00,37.53142857142857
2019-01-01 02:45:00,60.06
2019-01-01 03:00:00,55.24020833333333
2019-01-01 03:15:00,54.10916666666667
2019-01-01 03:30:00,52.711999999999996
2019-01-01 03:45:00,50.8904
2019-01-01 04:00:00,49.192
2019-01-01 04:15:00,48.0216
2019-01-01 04:30:00,47.5816
2019-01-01 04:45:00,34.86
2019-01-01 05:00:00,34.78050420168067
2019-01-01 05:15:00,34.87
2019-01-01 05:30:00,34.67
2019-01-01 05:45:00,34.67
2019-01-01 06:00:00,47.9512
2019-01-01 06:15:00,54.62
2019-01-01 06:30:00,54.58
2019-01-01 06:45:00,53.94
2019-01-01 07:00:00,54.49
2019-01-01 07:15:00,54.45
2019-01-01 07:30:00,53.9088
2019-01-01 07:45:00,53.76
2019-01-01 08:00:00,51.9376
2019-01-01 08:15:00,51.9376
2019-01-01 08:30:00,51.0576
2019-01-01 08:45:00,50.204
2019-01-01 09:00:00,44.088
2019-01-01 09:15:00,36.14
2019-01-01 09:30:00,36.96
2019-01-01 09:45:00,37.06
2019-01-01 10:00:00,38.4384
2019-01-01 10:15:00,46.45
2019-01-01 10:30:00,46.82
2019-01-01 10:45:00,44.105599999999995
2019-01-01 11:00:00,46.46
2019-01-01 11:15:00,47.0578354978355
2019-01-01 11:30:00,46.83
2019-01-01 11:45:00,46.83
2019-01-01 12:00:00,47.0888
2019-01-01 12:15:00,47.12428571428571
2019-01-01 12:30:00,46.83
2019-01-01 12:45:00,47.0888
2019-01-01 13:00:00,47.0888
2019-01-01 13:15:00,46.84
2019-01-01 13:30:00,46.84
2019-01-01 13:45:00,46.84
2019-01-01 14:00:00,47.42
2019-01-01 14:15:00,47.66
2019-01-01 14:30:00,47.38
2019-01-01 14:45:00,47.6872
2019-01-01 15:00:00,49.93
2019-01-01 15:15:00,49.5
2019-01-01 15:30:00,49.89
2019-01-01 15:45:00,48.89
2019-01-01 16:00:00,50.239200000000004
2019-01-01 16:15:00,50.9041798941799
2019-01-01 16:30:00,53.77
2019-01-01 16:45:00,54.37
2019-01-01 17:00:00,52.3
2019-01-01 17:15:00,52.9144
2019-01-01 17:30:00,53.78
2019-01-01 17:45:00,54.38
2019-01-01 18:00:00,37.64
2019-01-01 18:15:00,37.63142857142857
2019-01-01 18:30:00,48.91
2019-01-01 18:45:00,56.36057692307692
2019-01-01 19:00:00,37.14
2019-01-01 19:15:00,36.96333333333334
2019-01-01 19:30:00,58.29
2019-01-01 19:45:00,52.008
2019-01-01 20:00:00,52.008
2019-01-01 20:15:00,50.2656
2019-01-01 20:30:00,48.637600000000006
2019-01-01 20:45:00,47.7224
2019-01-01 21:00:00,45.79
2019-01-01 21:15:00,45.79
2019-01-01 21:30:00,45.79
2019-01-01 21:45:00,45.8
2019-01-01 22:00:00,49.94
2019-01-01 22:15:00,47.1328
2019-01-01 22:30:00,46.684
2019-01-01 22:45:00,45.57
2019-01-01 23:00:00,45.57
2019-01-01 23:15:00,45.57
2019-01-01 23:30:00,45.58
2019-01-01 23:45:00,44.78
2019-01-02 00:00:00,47.18
2019-01-02 00:15:00,47.74
2019-01-02 00:30:00,45.78
2019-01-02 00:45:00,47.13
2019-01-02 01:00:00,47.1328
2019-01-02 01:15:00,45.72
2019-01-02 01:30:00,45.71
2019-01-02 01:45:00,45.69
2019-01-02 02:00:00,46.49
2019-01-02 02:15:00,46.39
2019-01-02 02:30:00,46.37
2019-01-02 02:45:00,46.36
2019-01-02 03:00:00,47.004285714285714
2019-01-02 03:15:00,46.95
2019-01-02 03:30:00,46.97
2019-01-02 03:45:00,47.071200000000005
2019-01-02 04:00:00,44.51
2019-01-02 04:15:00,45.28
2019-01-02 04:30:00,48.576
2019-01-02 04:45:00,46.29
2019-01-02 05:00:00,47.0184
2019-01-02 05:15:00,47.6432
2019-01-02 05:30:00,50.1864
2019-01-02 05:45:00,52.049656084656085
2019-01-02 06:00:00,53.7
2019-01-02 06:15:00,54.86898617511521
2019-01-02 06:30:00,54.84898617511521
2019-01-02 06:45:00,57.1032
2019-01-02 07:00:00,55.15
2019-01-02 07:15:00,58.16
2019-01-02 07:30:00,62.07107142857143
2019-01-02 07:45:00,62.05107142857143
2019-01-02 08:00:00,62.883
2019-01-02 08:15:00,63.54452380952381
2019-01-02 08:30:00,63.73
2019-01-02 08:45:00,67.05
2019-01-02 09:00:00,62.18
2019-01-02 09:15:00,62.17
2019-01-02 09:30:00,65.83
2019-01-02 09:45:00,63.69
2019-01-02 10:00:00,63.68
2019-01-02 10:15:00,60.68
2019-01-02 10:30:00,58.87
2019-01-02 10:45:00,58.87
2019-01-02 11:00:00,58.86
2019-01-02 11:15:00,58.85
2019-01-02 11:30:00,58.84
2019-01-02 11:45:00,58.84
2019-01-02 12:00:00,58.83
2019-01-02 12:15:00,58.82
2019-01-02 12:30:00,58.82
2019-01-02 12:45:00,58.81
2019-01-02 13:00:00,60.6
2019-01-02 13:15:00,59.84
2019-01-02 13:30:00,59.83
2019-01-02 13:45:00,60.58
2019-01-02 14:00:00,60.57
2019-01-02 14:15:00,62.6
2019-01-02 14:30:00,67.34364285714287
2019-01-02 14:45:00,67.38821428571428
2019-01-02 15:00:00,68.36
2019-01-02 15:15:00,79.99
2019-01-02 15:30:00,78.25
2019-01-02 15:45:00,81.99
2019-01-02 16:00:00,79.97
2019-01-02 16:15:00,85.64
2019-01-02 16:30:00,91.19
2019-01-02 16:45:00,94.95
2019-01-02 17:00:00,80.77
2019-01-02 17:15:00,87.61
2019-01-02 17:30:00,94.46
2019-01-02 17:45:00,101.62
2019-01-02 18:00:00,93.21261904761906
2019-01-02 18:15:00,94.88
2019-01-02 18:30:00,50.27916666666666
2019-01-02 18:45:00,51.620799999999996
2019-01-02 19:00:00,53.38
2019-01-02 19:15:00,154.15
2019-01-02 19:30:00,139.29
2019-01-02 19:45:00,139.23
2019-01-02 20:00:00,139.18
2019-01-02 20:15:00,139.12
2019-01-02 20:30:00,139.07
2019-01-02 20:45:00,139.02
2019-01-02 21:00:00,138.96
2019-01-02 21:15:00,138.91
2019-01-02 21:30:00,77.87
2019-01-02 21:45:00,63.32995833333333
2019-01-02 22:00:00,68.16
2019-01-02 22:15:00,65.46
2019-01-02 22:30:00,61.81
2019-01-02 22:45:00,60.35
2019-01-02 23:00:00,63.32
2019-01-02 23:15:00,58.565312500000005
2019-01-02 23:30:00,56.96
2019-01-02 23:45:00,55.19
2019-01-03 00:00:00,56.95
2019-01-03 00:15:00,87.37
2019-01-03 00:30:00,84.97
2019-01-03 00:45:00,79.71
2019-01-03 01:00:00,72.63
2019-01-03 01:15:00,68.12
2019-01-03 01:30:00,68.12
2019-01-03 01:45:00,65.43
2019-01-03 02:00:00,66.62
2019-01-03 02:15:00,63.29995833333333
2019-01-03 02:30:00,63.33
2019-01-03 02:45:00,61.896071428571425
2019-01-03 03:00:00,58.57
2019-01-03 03:15:00,56.839375000000004
2019-01-03 03:30:00,56.99
2019-01-03 03:45:00,56.716
2019-01-03 04:00:00,55.23
2019-01-03 04:15:00,68.16
2019-01-03 04:30:00,68.17
2019-01-03 04:45:00,55.24
2019-01-03 05:00:00,85.05
2019-01-03 05:15:00,86.13
2019-01-03 05:30:00,87.47
2019-01-03 05:45:00,99.37
2019-01-03 06:00:00,127.19
2019-01-03 06:15:00,138.63
2019-01-03 06:30:00,138.64
2019-01-03 06:45:00,138.66
2019-01-03 07:00:00,138.67
2019-01-03 07:15:00,138.68
2019-01-03 07:30:00,138.69
2019-01-03 07:45:00,138.71
2019-01-03 08:00:00,138.72
2019-01-03 08:15:00,138.73
2019-01-03 08:30:00,138.74
2019-01-03 08:45:00,138.76
2019-01-03 09:00:00,138.77
2019-01-03 09:15:00,138.78
2019-01-03 09:30:00,138.79
2019-01-03 09:45:00,138.81
2019-01-03 10:00:00,138.82
2019-01-03 10:15:00,138.83
2019-01-03 10:30:00,138.84
2019-01-03 10:45:00,138.86
2019-01-03 11:00:00,138.87
2019-01-03 11:15:00,138.88
2019-01-03 11:30:00,138.89
2019-01-03 11:45:00,138.91
2019-01-03 12:00:00,138.92
2019-01-03 12:15:00,138.93
2019-01-03 12:30:00,138.94
2019-01-03 12:45:00,138.96
2019-01-03 13:00:00,138.97
2019-01-03 13:15:00,138.98
2019-01-03 13:30:00,138.99
2019-01-03 13:45:00,139.01
2019-01-03 14:00:00,139.02
2019-01-03 14:15:00,139.03
2019-01-03 14:30:00,139.04
2019-01-03 14:45:00,139.06
2019-01-03 15:00:00,139.07
2019-01-03 15:15:00,139.08
2019-01-03 15:30:00,139.09
2019-01-03 15:45:00,139.11
2019-01-03 16:00:00,139.12
2019-01-03 16:15:00,139.13
2019-01-03 16:30:00,139.14
2019-01-03 16:45:00,139.16
2019-01-03 17:00:00,139.17
2019-01-03 17:15:00,103.59
2019-01-03 17:30:00,105.6
2019-01-03 17:45:00,105.61
2019-01-03 18:00:00,139.22
2019-01-03 18:15:00,139.23
2019-01-03 18:30:00,139.24
2019-01-03 18:45:00,139.25
2019-01-03 19:00:00,139.27
2019-01-03 19:15:00,139.28
2019-01-03 19:30:00,139.29
2019-01-03 19:45:00,139.3
2019-01-03 20:00:00,139.32
2019-01-03 20:15:00,139.33
2019-01-03 20:30:00,139.34
2019-01-03 20:45:00,139.35
2019-01-03 21:00:00,139.37
2019-01-03 21:15:00,139.38
2019-01-03 21:30:00,139.39
2019-01-03 21:45:00,139.4
2019-01-03 22:00:00,139.42
2019-01-03 22:15:00,139.43
2019-01-03 22:30:00,139.44
2019-01-03 22:45:00,139.45
2019-01-03 23:00:00,139.47
2019-01-03 23:15:00,127.97
2019-01-03 23:30:00,102.49
2019-01-03 23:45:00,99.74
2019-01-04 00:00:00,91.3088
2019-01-04 00:15:00,87.8
2019-01-04 00:30:00,85.8
2019-01-04 00:45:00,80.78098039215686
2019-01-04 01:00:00,84.73
2019-01-04 01:15:00,73.2746875
2019-01-04 01:30:00,66.91
2019-01-04 01:45:00,63.59995833333334
2019-01-04 02:00:00,62.06
2019-01-04 02:15:00,58.845312500000006
2019-01-04 02:30:00,59.85
2019-01-04 02:45:00,57.99
2019-01-04 03:00:00,60.59
2019-01-04 03:15:00,99.69
2019-01-04 03:30:00,92.29
2019-01-04 03:45:00,90.08
2019-01-04 04:00:00,99.68
2019-01-04 04:15:00,88.43
2019-01-04 04:30:00,87.74
2019-01-04 04:45:00,87.74
2019-01-04 05:00:00,99.67
2019-01-04 05:15:00,90.3
2019-01-04 05:30:00,88.41
2019-01-04 05:45:00,85.31
2019-01-04 06:00:00,102.4
2019-01-04 06:15:00,86.38
2019-01-04 06:30:00,87.72
2019-01-04 06:45:00,94.59
2019-01-04 07:00:00,102.39
2019-01-04 07:15:00,122.3
2019-01-04 07:30:00,134.04
2019-01-04 07:45:00,134.03
2019-01-04 08:00:00,134.01
2019-01-04 08:15:00,134.0
2019-01-04 08:30:00,133.99
2019-01-04 08:45:00,54.94
2019-01-04 09:00:00,54.5512
2019-01-04 09:15:00,54.93
2019-01-04 09:30:00,55.38
2019-01-04 09:45:00,138.23
2019-01-04 10:00:00,138.22
2019-01-04 10:15:00,138.21
2019-01-04 10:30:00,138.19
2019-01-04 10:45:00,138.18
2019-01-04 11:00:00,138.17
2019-01-04 11:15:00,138.16
2019-01-04 11:30:00,138.14
2019-01-04 11:45:00,99.55
2019-01-04 12:00:00,87.62
2019-01-04 12:15:00,87.62
2019-01-04 12:30:00,85.61
2019-01-04 12:45:00,81.93
2019-01-04 13:00:00,85.6
2019-01-04 13:15:00,84.55
2019-01-04 13:30:00,80.58098039215686
2019-01-04 13:45:00,79.99
2019-01-04 14:00:00,87.58
2019-01-04 14:15:00,87.57
2019-01-04 14:30:00,85.15
2019-01-04 14:45:00,85.15
2019-01-04 15:00:00,84.51
2019-01-04 15:15:00,84.5
2019-01-04 15:30:00,81.87
2019-01-04 15:45:00,79.86
2019-01-04 16:00:00,79.85
2019-01-04 16:15:00,84.48
2019-01-04 16:30:00,87.52
2019-01-04 16:45:00,87.52
2019-01-04 17:00:00,84.47
2019-01-04 17:15:00,84.46
2019-01-04 17:30:00,85.51
2019-01-04 17:45:00,85.5
2019-01-04 18:00:00,79.82
2019-01-04 18:15:00,71.16045454545454
2019-01-04 18:30:00,68.2
2019-01-04 18:45:00,68.19
2019-01-04 19:00:00,65.5
2019-01-04 19:15:00,63.35995833333333
2019-01-04 19:30:00,61.93607142857143
2019-01-04 19:45:00,60.5869696969697
2019-01-04 20:00:00,84.41
2019-01-04 20:15:00,61.83
2019-01-04 20:30:00,59.63
2019-01-04 20:45:00,57.78
2019-01-04 21:00:00,56.849375
2019-01-04 21:15:00,55.22
2019-01-04 21:30:00,54.77
2019-01-04 21:45:00,53.9
2019-01-04 22:00:00,53.9
2019-01-04 22:15:00,53.3
2019-01-04 22:30:00,52.729166666666664
2019-01-04 22:45:00,49.38
2019-01-04 23:00:00,44.86
2019-01-04 23:15:00,44.05
2019-01-04 23:30:00,43.350646942582486
2019-01-04 23:45:00,43.05
2019-01-05 00:00:00,42.94
2019-01-05 00:15:00,42.4776
2019-01-05 00:30:00,42.3
2019-01-05 00:45:00,42.09
2019-01-05 01:00:00,42.09
2019-01-05 01:15:00,42.08
2019-01-05 01:30:00,41.721954022988506
2019-01-05 01:45:00,41.37
2019-01-05 02:00:00,41.36
2019-01-05 02:15:00,40.85333333333334
2019-01-05 02:30:00,41.26
2019-01-05 02:45:00,40.68731182795699
2019-01-05 03:00:00,41.35
2019-01-05 03:15:00,40.66
2019-01-05 03:30:00,39.92509803921568
2019-01-05 03:45:00,42.98
2019-01-05 04:00:00,45.496
2019-01-05 04:15:00,43.96
2019-01-05 04:30:00,43.95
2019-01-05 04:45:00,45.4784
2019-01-05 05:00:00,42.85
2019-01-05 05:15:00,51.4712
2019-01-05 05:30:00,51.08
2019-01-05 05:45:00,51.07
2019-01-05 06:00:00,52.3776
2019-01-05 06:15:00,53.23
2019-01-05 06:30:00,42.82
2019-01-05 06:45:00,42.82
2019-01-05 07:00:00,43.03
2019-01-05 07:15:00,48.1096
2019-01-05 07:30:00,50.7408
2019-01-05 07:45:00,51.03
2019-01-05 08:00:00,54.66
2019-01-05 08:15:00,53.79
2019-01-05 08:30:00,53.79
2019-01-05 08:45:00,54.73778509008523
2019-01-05 09:00:00,55.1
2019-01-05 09:15:00,55.09
2019-01-05 09:30:00,57.63
2019-01-05 09:45:00,57.63
2019-01-05 10:00:00,58.43
2019-01-05 10:15:00,58.42
2019-01-05 10:30:00,59.510000000000005
2019-01-05 10:45:00,60.17843884892086
2019-01-05 11:00:00,60.2
2019-01-05 11:15:00,61.64
2019-01-05 11:30:00,61.659632265717676
2019-01-05 11:45:00,61.63
2019-01-05 12:00:00,60.19
2019-01-05 12:15:00,59.45
2019-01-05 12:30:00,60.21
2019-01-05 12:45:00,60.22
2019-01-05 13:00:00,60.23
2019-01-05 13:15:00,59.49
2019-01-05 13:30:00,59.51
2019-01-05 13:45:00,60.27
2019-01-05 14:00:00,60.28
2019-01-05 14:15:00,61.589632265717675
2019-01-05 14:30:00,64.13
2019-01-05 14:45:00,60.31
2019-01-05 15:00:00,63.3
2019-01-05 15:15:00,63.31
2019-01-05 15:30:00,65.15872448979592
2019-01-05 15:45:00,65.15872448979592
2019-01-05 16:00:00,60.37
2019-01-05 16:15:00,64.21
2019-01-05 16:30:00,68.19
2019-01-05 16:45:00,77.91
2019-01-05 17:00:00,50.1
2019-01-05 17:15:00,51.6032
2019-01-05 17:30:00,53.14
2019-01-05 17:45:00,102.22
2019-01-05 18:00:00,50.7496
2019-01-05 18:15:00,136.29
2019-01-05 18:30:00,136.28
2019-01-05 18:45:00,136.27
2019-01-05 19:00:00,136.26
2019-01-05 19:15:00,136.24
2019-01-05 19:30:00,136.23
2019-01-05 19:45:00,136.22
2019-01-05 20:00:00,71.09482333333334
2019-01-05 20:15:00,61.84916666666667
2019-01-05 20:30:00,59.82
2019-01-05 20:45:00,58.8053125
2019-01-05 21:00:00,57.96
2019-01-05 21:15:00,57.049375000000005
2019-01-05 21:30:00,57.7896
2019-01-05 21:45:00,56.892
2019-01-05 22:00:00,57.95
2019-01-05 22:15:00,57.7896
2019-01-05 22:30:00,56.892
2019-01-05 22:45:00,57.7808
2019-01-05 23:00:00,55.39
2019-01-05 23:15:00,54.964800000000004
2019-01-05 23:30:00,55.39
2019-01-05 23:45:00,54.94
2019-01-06 00:00:00,58.75
2019-01-06 00:15:00,57.95
2019-01-06 00:30:00,56.9008
2019-01-06 00:45:00,55.42
2019-01-06 01:00:00,57.2
2019-01-06 01:15:00,56.936
2019-01-06 01:30:00,58.01
2019-01-06 01:45:00,66.94
2019-01-06 02:00:00,58.84
2019-01-06 02:15:00,60.66
2019-01-06 02:30:00,59.91
2019-01-06 02:45:00,59.93
2019-01-06 03:00:00,58.09
2019-01-06 03:15:00,58.91
2019-01-06 03:30:00,58.11
2019-01-06 03:45:00,58.12
2019-01-06 04:00:00,55.12
2019-01-06 04:15:00,55.1584
2019-01-06 04:30:00,55.59
2019-01-06 04:45:00,57.1032
2019-01-06 05:00:00,58.99
2019-01-06 05:15:00,59.0
2019-01-06 05:30:00,59.01
2019-01-06 05:45:00,59.02
2019-01-06 06:00:00,67.17
2019-01-06 06:15:00,59.105312500000004
2019-01-06 06:30:00,68.72
2019-01-06 06:45:00,82.47
2019-01-06 07:00:00,85.75
2019-01-06 07:15:00,88.2
2019-01-06 07:30:00,88.22
2019-01-06 07:45:00,102.38
2019-01-06 08:00:00,92.83
2019-01-06 08:15:00,100.29
2019-01-06 08:30:00,111.76
2019-01-06 08:45:00,127.32
2019-01-06 09:00:00,127.31
2019-01-06 09:15:00,130.98
2019-01-06 09:30:00,130.96
2019-01-06 09:45:00,130.95
2019-01-06 10:00:00,130.94
2019-01-06 10:15:00,130.93
2019-01-06 10:30:00,130.91
2019-01-06 10:45:00,130.9
2019-01-06 11:00:00,130.89
2019-01-06 11:15:00,130.87
2019-01-06 11:30:00,130.86
2019-01-06 11:45:00,111.62
2019-01-06 12:00:00,130.83
2019-01-06 12:15:00,130.82
2019-01-06 12:30:00,130.81
2019-01-06 12:45:00,130.79
2019-01-06 13:00:00,130.78
2019-01-06 13:15:00,130.77
2019-01-06 13:30:00,130.75
2019-01-06 13:45:00,130.74
2019-01-06 14:00:00,130.73
2019-01-06 14:15:00,130.72
2019-01-06 14:30:00,130.7
2019-01-06 14:45:00,130.69
2019-01-06 15:00:00,130.68
2019-01-06 15:15:00,130.66
2019-01-06 15:30:00,130.65
2019-01-06 15:45:00,130.64
2019-01-06 16:00:00,130.62
2019-01-06 16:15:00,130.61
2019-01-06 16:30:00,130.6
2019-01-06 16:45:00,130.58
2019-01-06 17:00:00,130.57
2019-01-06 17:15:00,64.42995833333333
2019-01-06 17:30:00,65.56
2019-01-06 17:45:00,130.53
2019-01-06 18:00:00,64.41995833333334
2019-01-06 18:15:00,130.51
2019-01-06 18:30:00,130.49
2019-01-06 18:45:00,130.48
2019-01-06 19:00:00,130.47
2019-01-06 19:15:00,130.45
2019-01-06 19:30:00,130.44
2019-01-06 19:45:00,130.43
2019-01-06 20:00:00,130.41
2019-01-06 20:15:00,130.4
2019-01-06 20:30:00,130.39
2019-01-06 20:45:00,130.37
2019-01-06 21:00:00,130.36
2019-01-06 21:15:00,130.35
2019-01-06 21:30:00,126.28
2019-01-06 21:45:00,115.23
2019-01-06 22:00:00,107.07
2019-01-06 22:15:00,111.75
2019-01-06 22:30:00,101.01
2019-01-06 22:45:00,89.61
2019-01-06 23:00:00,89.62
2019-01-06 23:15:00,86.94
2019-01-06 23:30:00,79.38
2019-01-06 23:45:00,66.61
2019-01-07 00:00:00,64.46
2019-01-07 00:15:00,61.42
2019-01-07 00:30:00,88.93
2019-01-07 00:45:00,65.6216
2019-01-07 01:00:00,91.5
2019-01-07 01:15:00,88.87
2019-01-07 01:30:00,88.85
2019-01-07 01:45:00,85.74
2019-01-07 02:00:00,88.81
2019-01-07 02:15:00,88.79
2019-01-07 02:30:00,85.68
2019-01-07 02:45:00,81.05
2019-01-07 03:00:00,71.74462389380531
2019-01-07 03:15:00,68.84074074074074
2019-01-07 03:30:00,64.31995833333335
2019-01-07 03:45:00,66.4
2019-01-07 04:00:00,86.21
2019-01-07 04:15:00,86.63
2019-01-07 04:30:00,88.61
2019-01-07 04:45:00,65.06
2019-01-07 05:00:00,99.23
2019-01-07 05:15:00,100.6
2019-01-07 05:30:00,124.61
2019-01-07 05:45:00,128.63
2019-01-07 06:00:00,128.64
2019-01-07 06:15:00,128.66
2019-01-07 06:30:00,128.67
2019-01-07 06:45:00,128.69
2019-01-07 07:00:00,128.71
2019-01-07 07:15:00,128.72
2019-01-07 07:30:00,128.74
2019-01-07 07:45:00,128.75
2019-01-07 08:00:00,128.77
2019-01-07 08:15:00,128.79
2019-01-07 08:30:00,128.8
2019-01-07 08:45:00,128.82
2019-01-07 09:00:00,128.83
2019-01-07 09:15:00,128.85
2019-01-07 09:30:00,128.87
2019-01-07 09:45:00,128.88
2019-01-07 10:00:00,128.9
2019-01-07 10:15:00,128.91
2019-01-07 10:30:00,128.93
2019-01-07 10:45:00,128.95
2019-01-07 11:00:00,128.96
2019-01-07 11:15:00,128.98
2019-01-07 11:30:00,128.99
2019-01-07 11:45:00,129.01
2019-01-07 12:00:00,129.03
2019-01-07 12:15:00,129.04
2019-01-07 12:30:00,129.06
2019-01-07 12:45:00,129.07
2019-01-07 13:00:00,129.09
2019-01-07 13:15:00,129.11
2019-01-07 13:30:00,129.12
2019-01-07 13:45:00,129.14
2019-01-07 14:00:00,129.15
2019-01-07 14:15:00,129.17
2019-01-07 14:30:00,129.19
2019-01-07 14:45:00,129.2
2019-01-07 15:00:00,129.22
2019-01-07 15:15:00,129.23
2019-01-07 15:30:00,129.25
2019-01-07 15:45:00,129.27
2019-01-07 16:00:00,129.28
2019-01-07 16:15:00,129.3
2019-01-07 16:30:00,129.31
2019-01-07 16:45:00,129.33
2019-01-07 17:00:00,129.35
2019-01-07 17:15:00,129.36
2019-01-07 17:30:00,129.38
2019-01-07 17:45:00,129.39
2019-01-07 18:00:00,129.41
2019-01-07 18:15:00,129.43
2019-01-07 18:30:00,129.44
2019-01-07 18:45:00,129.46
2019-01-07 19:00:00,129.47
2019-01-07 19:15:00,125.86
2019-01-07 19:30:00,102.47
2019-01-07 19:45:00,99.10952380952381
2019-01-07 20:00:00,85.73
2019-01-07 20:15:00,68.38
2019-01-07 20:30:00,62.7528
2019-01-07 20:45:00,58.74
2019-01-07 21:00:00,57.92
2019-01-07 21:15:00,55.656527777777775
2019-01-07 21:30:00,54.9
2019-01-07 21:45:00,53.90544117647059
2019-01-07 22:00:00,53.41
2019-01-07 22:15:00,51.37
2019-01-07 22:30:00,48.161006944444445
2019-01-07 22:45:00,44.5544
2019-01-07 23:00:00,43.6
2019-01-07 23:15:00,42.73
2019-01-07 23:30:00,41.9
2019-01-07 23:45:00,41.7
2019-01-08 00:00:00,41.7032
2019-01-08 00:15:00,41.26376344086021
2019-01-08 00:30:00,42.73
2019-01-08 00:45:00,42.73
2019-01-08 01:00:00,42.61
2019-01-08 01:15:00,42.5
2019-01-08 01:30:00,42.49
2019-01-08 01:45:00,42.02
2019-01-08 02:00:00,41.65
2019-01-08 02:15:00,41.64
2019-01-08 02:30:00,41.63
2019-01-08 02:45:00,41.623999999999995
2019-01-08 03:00:00,41.9848
2019-01-08 03:15:00,41.6856
2019-01-08 03:30:00,41.6768
2019-01-08 03:45:00,41.9672
2019-01-08 04:00:00,42.52
2019-01-08 04:15:00,43.27
2019-01-08 04:30:00,43.48
2019-01-08 04:45:00,42.5
2019-01-08 05:00:00,43.38
2019-01-08 05:15:00,44.36
2019-01-08 05:30:00,49.5088
2019-01-08 05:45:00,53.10935185185185
2019-01-08 06:00:00,54.42
2019-01-08 06:15:00,55.603125
2019-01-08 06:30:00,57.2
2019-01-08 06:45:00,58.435471698113204
2019-01-08 07:00:00,59.92
2019-01-08 07:15:00,61.89201438848921
2019-01-08 07:30:00,43.28
2019-01-08 07:45:00,110.43
2019-01-08 08:00:00,128.72
2019-01-08 08:15:00,43.47
2019-01-08 08:30:00,43.7624
2019-01-08 08:45:00,128.66
2019-01-08 09:00:00,128.63
2019-01-08 09:15:00,128.61
2019-01-08 09:30:00,128.59
2019-01-08 09:45:00,128.57
2019-01-08 10:00:00,128.55
2019-01-08 10:15:00,128.52
2019-01-08 10:30:00,86.69
2019-01-08 10:45:00,83.05
2019-01-08 11:00:00,83.66
2019-01-08 11:15:00,67.56
2019-01-08 11:30:00,62.004799999999996
2019-01-08 11:45:00,58.98
2019-01-08 12:00:00,61.84
2019-01-08 12:15:00,59.83
2019-01-08 12:30:00,59.83
2019-01-08 12:45:00,58.06
2019-01-08 13:00:00,67.55
2019-01-08 13:15:00,79.05
2019-01-08 13:30:00,62.71995833333333
2019-01-08 13:45:00,61.28
2019-01-08 14:00:00,62.79
2019-01-08 14:15:00,77.37
2019-01-08 14:30:00,70.37166666666667
2019-01-08 14:45:00,66.07
2019-01-08 15:00:00,67.56
2019-01-08 15:15:00,79.06
2019-01-08 15:30:00,67.57
2019-01-08 15:45:00,62.73995833333333
2019-01-08 16:00:00,61.29
2019-01-08 16:15:00,61.86
2019-01-08 16:30:00,61.29
2019-01-08 16:45:00,61.29
2019-01-08 17:00:00,53.29544117647059
2019-01-08 17:15:00,88.96494117647059
2019-01-08 17:30:00,87.38
2019-01-08 17:45:00,89.01
2019-01-08 18:00:00,87.38
2019-01-08 18:15:00,87.16
2019-01-08 18:30:00,86.71
2019-01-08 18:45:00,86.71
2019-01-08 19:00:00,79.09
2019-01-08 19:15:00,67.59
2019-01-08 19:30:00,66.1
2019-01-08 19:45:00,58.1
2019-01-08 20:00:00,57.3
2019-01-08 20:15:00,54.78
2019-01-08 20:30:00,53.48
2019-01-08 20:45:00,52.383676470588235
2019-01-08 21:00:00,52.89
2019-01-08 21:15:00,52.28916666666667
2019-01-08 21:30:00,48.584687499999994
2019-01-08 21:45:00,48.13
2019-01-08 22:00:00,52.66
2019-01-08 22:15:00,48.611200000000004
2019-01-08 22:30:00,47.68100694444444
2019-01-08 22:45:00,46.89
2019-01-08 23:00:00,43.868
2019-01-08 23:15:00,43.01
2019-01-08 23:30:00,42.8
2019-01-08 23:45:00,42.57555555555556
2019-01-09 00:00:00,42.89
2019-01-09 00:15:00,43.67
2019-01-09 00:30:00,42.68
2019-01-09 00:45:00,42.68
2019-01-09 01:00:00,42.1
2019-01-09 01:15:00,42.1344
2019-01-09 01:30:00,42.68
2019-01-09 01:45:00,42.11
2019-01-09 02:00:00,41.94
2019-01-09 02:15:00,42.11
2019-01-09 02:30:00,42.11
2019-01-09 02:45:00,42.11
2019-01-09 03:00:00,42.11
2019-01-09 03:15:00,42.1432
2019-01-09 03:30:00,42.69
2019-01-09 03:45:00,42.91
2019-01-09 04:00:00,42.91
2019-01-09 04:15:00,41.84
2019-01-09 04:30:00,41.95
2019-01-09 04:45:00,42.12
2019-01-09 05:00:00,44.4048
2019-01-09 05:15:00,51.2248
2019-01-09 05:30:00,54.418260869565216
2019-01-09 05:45:00,56.33738636363637
2019-01-09 06:00:00,59.421546031051825
2019-01-09 06:15:00,66.49375
2019-01-09 06:30:00,77.56
2019-01-09 06:45:00,86.89
2019-01-09 07:00:00,89.44
2019-01-09 07:15:00,101.43
2019-01-09 07:30:00,123.81
2019-01-09 07:45:00,127.38
2019-01-09 08:00:00,127.39
2019-01-09 08:15:00,127.39
2019-01-09 08:30:00,127.39
2019-01-09 08:45:00,127.39
2019-01-09 09:00:00,127.39
2019-01-09 09:15:00,127.4
2019-01-09 09:30:00,127.4
2019-01-09 09:45:00,127.4
2019-01-09 10:00:00,127.4
2019-01-09 10:15:00,127.4
2019-01-09 10:30:00,127.41
2019-01-09 10:45:00,127.41
2019-01-09 11:00:00,127.41
2019-01-09 11:15:00,127.41
2019-01-09 11:30:00,127.42
2019-01-09 11:45:00,127.42
2019-01-09 12:00:00,127.42
2019-01-09 12:15:00,127.42
2019-01-09 12:30:00,127.42
2019-01-09 12:45:00,127.43
2019-01-09 13:00:00,127.43
2019-01-09 13:15:00,127.43
2019-01-09 13:30:00,127.43
2019-01-09 13:45:00,127.44
2019-01-09 14:00:00,127.44
2019-01-09 14:15:00,127.44
2019-01-09 14:30:00,127.44
2019-01-09 14:45:00,127.44
2019-01-09 15:00:00,127.45
2019-01-09 15:15:00,127.45
2019-01-09 15:30:00,127.45
2019-01-09 15:45:00,127.45
2019-01-09 16:00:00,127.45
2019-01-09 16:15:00,127.46
2019-01-09 16:30:00,127.46
2019-01-09 16:45:00,127.46
2019-01-09 17:00:00,127.46
2019-01-09 17:15:00,123.51
2019-01-09 17:30:00,65.25
2019-01-09 17:45:00,65.26
2019-01-09 18:00:00,67.95
2019-01-09 18:15:00,127.47
2019-01-09 18:30:00,127.48
2019-01-09 18:45:00,127.48
2019-01-09 19:00:00,127.48
2019-01-09 19:15:00,127.48
2019-01-09 19:30:00,127.49
2019-01-09 19:45:00,127.49
2019-01-09 20:00:00,127.49
2019-01-09 20:15:00,127.49
2019-01-09 20:30:00,127.49
2019-01-09 20:45:00,127.5
2019-01-09 21:00:00,127.5
2019-01-09 21:15:00,127.5
2019-01-09 21:30:00,127.5
2019-01-09 21:45:00,127.5
2019-01-09 22:00:00,127.51
2019-01-09 22:15:00,123.55
2019-01-09 22:30:00,105.07
2019-01-09 22:45:00,101.22
2019-01-09 23:00:00,94.08
2019-01-09 23:15:00,87.25
2019-01-09 23:30:00,84.85
2019-01-09 23:45:00,84.22
2019-01-10 00:00:00,85.26
2019-01-10 00:15:00,87.26
2019-01-10 00:30:00,87.26
2019-01-10 00:45:00,84.86
2019-01-10 01:00:00,87.72
2019-01-10 01:15:00,87.95
2019-01-10 01:30:00,87.27
2019-01-10 01:45:00,87.95
2019-01-10 02:00:00,85.94
2019-01-10 02:15:00,87.27
2019-01-10 02:30:00,87.27
2019-01-10 02:45:00,87.72
2019-01-10 03:00:00,101.25
2019-01-10 03:15:00,101.87
2019-01-10 03:30:00,101.87
2019-01-10 03:45:00,105.11
2019-01-10 04:00:00,123.61
2019-01-10 04:15:00,92.04
2019-01-10 04:30:00,99.14
2019-01-10 04:45:00,105.12
2019-01-10 05:00:00,127.58
2019-01-10 05:15:00,127.59
2019-01-10 05:30:00,127.59
2019-01-10 05:45:00,127.59
2019-01-10 06:00:00,127.6
2019-01-10 06:15:00,127.6
2019-01-10 06:30:00,127.6
2019-01-10 06:45:00,127.6
2019-01-10 07:00:00,127.61
2019-01-10 07:15:00,127.61
2019-01-10 07:30:00,127.61
2019-01-10 07:45:00,127.62
2019-01-10 08:00:00,127.62
2019-01-10 08:15:00,127.62
2019-01-10 08:30:00,127.63
2019-01-10 08:45:00,127.63
2019-01-10 09:00:00,127.63
2019-01-10 09:15:00,127.63
2019-01-10 09:30:00,127.64
2019-01-10 09:45:00,127.64
2019-01-10 10:00:00,127.64
2019-01-10 10:15:00,127.65
2019-01-10 10:30:00,127.65
2019-01-10 10:45:00,127.65
2019-01-10 11:00:00,127.66
2019-01-10 11:15:00,127.66
2019-01-10 11:30:00,127.66
2019-01-10 11:45:00,127.66
2019-01-10 12:00:00,127.67
2019-01-10 12:15:00,127.67
2019-01-10 12:30:00,127.67
2019-01-10 12:45:00,127.68
2019-01-10 13:00:00,127.68
2019-01-10 13:15:00,127.68
2019-01-10 13:30:00,127.69
2019-01-10 13:45:00,127.69
2019-01-10 14:00:00,127.69
2019-01-10 14:15:00,127.69
2019-01-10 14:30:00,127.7
2019-01-10 14:45:00,127.7
2019-01-10 15:00:00,127.7
2019-01-10 15:15:00,117.21
2019-01-10 15:30:00,117.21
2019-01-10 15:45:00,117.22
2019-01-10 16:00:00,127.72
2019-01-10 16:15:00,127.72
2019-01-10 16:30:00,127.72
2019-01-10 16:45:00,127.72
2019-01-10 17:00:00,127.73
2019-01-10 17:15:00,127.73
2019-01-10 17:30:00,127.73
2019-01-10 17:45:00,127.74
2019-01-10 18:00:00,127.74
2019-01-10 18:15:00,127.74
2019-01-10 18:30:00,127.74
2019-01-10 18:45:00,127.75
2019-01-10 19:00:00,127.75
2019-01-10 19:15:00,127.75
2019-01-10 19:30:00,127.76
2019-01-10 19:45:00,127.76
2019-01-10 20:00:00,127.76
2019-01-10 20:15:00,127.77
2019-01-10 20:30:00,127.77
2019-01-10 20:45:00,127.77
2019-01-10 21:00:00,127.77
2019-01-10 21:15:00,127.78
2019-01-10 21:30:00,127.78
2019-01-10 21:45:00,127.78
2019-01-10 22:00:00,127.79
2019-01-10 22:15:00,127.79
2019-01-10 22:30:00,127.79
2019-01-10 22:45:00,127.8
2019-01-10 23:00:00,127.8
2019-01-10 23:15:00,127.8
2019-01-10 23:30:00,127.8
2019-01-10 23:45:00,127.81
