,timestamp,bidQuantity,electrolyzer_consumption,compressor_consumption,produced_h2,electrolyzer_to_plant_h2,electrolyzer_to_storage_h2,storage_to_plant_h2,SOC,isRunning,hotstart,PFC,h2demand
0,2016-01-01 00:00:00,17.68018857142857,17.16018857142857,0.0,90.1,90.1,0.0,0.0,0.0,1.0,0.0,26.57,90.1
1,2016-01-01 00:15:00,17.05543714285714,17.05543714285714,0.0,89.55,89.55,0.0,0.0,0.0,1.0,0.0,26.57,89.55
2,2016-01-01 00:30:00,16.950685714285715,16.950685714285715,0.0,89.0,89.0,0.0,0.0,0.0,1.0,0.0,26.17,89.0
3,2016-01-01 00:45:00,16.83641142857143,16.83641142857143,0.0,88.4,88.4,0.0,0.0,0.0,1.0,0.0,26.17,88.4
4,2016-01-01 01:00:00,16.579294285714287,16.579294285714287,0.0,87.05,87.05,0.0,0.0,0.0,1.0,0.0,26.04,87.05
5,2016-01-01 01:15:00,16.3317,16.3317,0.0,85.75,85.75,0.0,0.0,0.0,1.0,0.0,25.91,85.75
6,2016-01-01 01:30:00,16.16028857142857,16.16028857142857,0.0,84.85,84.85,0.0,0.0,0.0,1.0,0.0,25.59,84.85
7,2016-01-01 01:45:00,16.046014285714286,16.046014285714286,0.0,84.25,84.25,0.0,0.0,0.0,1.0,0.0,25.59,84.25
8,2016-01-01 02:00:00,15.82698857142857,15.82698857142857,0.0,83.1,83.1,0.0,0.0,0.0,1.0,0.0,25.52,83.1
9,2016-01-01 02:15:00,15.6651,15.6651,0.0,82.25,82.25,0.0,0.0,0.0,1.0,0.0,25.52,82.25
10,2016-01-01 02:30:00,15.522257142857143,15.522257142857143,0.0,81.5,81.5,0.0,0.0,0.0,1.0,0.0,25.52,81.5
11,2016-01-01 02:45:00,15.350845714285713,15.350845714285713,0.0,80.6,80.6,0.0,0.0,0.0,1.0,0.0,25.15,80.6
12,2016-01-01 03:00:00,15.350845714285713,15.350845714285713,0.0,80.6,80.6,0.0,0.0,0.0,1.0,0.0,25.15,80.6
13,2016-01-01 03:15:00,15.246094285714285,15.246094285714285,0.0,80.05,80.05,0.0,0.0,0.0,1.0,0.0,25.15,80.05
14,2016-01-01 03:30:00,15.160388571428571,15.160388571428571,0.0,79.6,79.6,0.0,0.0,0.0,1.0,0.0,25.15,79.6
15,2016-01-01 03:45:00,104.53514300630063,100.0,0.53514300630063,525.0525052505251,79.1,445.9525052505251,0.0,445.95250525052506,1.0,0.0,25.03,79.1
16,2016-01-01 04:00:00,15.122297142857144,15.122297142857144,0.0,79.4,79.4,0.0,0.0,445.95250525052506,1.0,0.0,25.15,79.4
17,2016-01-01 04:15:00,15.084205714285716,15.084205714285716,0.0,79.2,79.2,0.0,0.0,445.95250525052506,1.0,0.0,25.15,79.2
18,2016-01-01 04:30:00,15.046114285714285,15.046114285714285,0.0,79.0,79.0,0.0,0.0,445.95250525052506,1.0,0.0,25.15,79.0
19,2016-01-01 04:45:00,0.0,0.0,0.0,0.0,0.0,0.0,78.9,367.0525052505251,0.0,0.0,25.15,78.9
20,2016-01-01 05:00:00,0.0,0.0,0.0,0.0,0.0,0.0,78.75,288.3025052505251,0.0,0.0,25.52,78.75
21,2016-01-01 05:15:00,14.82708857142857,14.82708857142857,0.0,77.85,77.85,0.0,0.0,288.3025052505251,1.0,1.0,25.15,77.85
22,2016-01-01 05:30:00,100.53742300630063,100.0,0.53742300630063,525.0525052505251,77.2,447.85250525052504,0.0,736.1550105010501,1.0,0.0,25.15,77.2
23,2016-01-01 05:45:00,14.512834285714286,14.512834285714286,0.0,76.2,76.2,0.0,0.0,736.1550105010501,1.0,0.0,25.15,76.2
24,2016-01-01 06:00:00,100.53958300630063,100.0,0.53958300630063,525.0525052505251,75.4,449.65250525052505,0.0,1185.8075157515752,1.0,0.0,25.03,75.4
25,2016-01-01 06:15:00,100.54054300630062,100.0,0.54054300630063,525.0525052505251,74.6,450.45250525052506,0.0,1636.2600210021003,1.0,0.0,25.03,74.6
26,2016-01-01 06:30:00,14.227148571428572,14.227148571428572,0.0,74.7,74.7,0.0,0.0,1636.2600210021003,1.0,0.0,25.15,74.7
27,2016-01-01 06:45:00,83.95955940336887,83.5230714285714,0.4364879747974796,438.53997899789965,74.8,363.7399789978997,0.0,2000.0,1.0,0.0,25.15,74.8
28,2016-01-01 07:00:00,14.303331428571427,14.303331428571427,0.0,75.1,75.1,0.0,0.0,2000.0,1.0,0.0,25.52,75.1
29,2016-01-01 07:15:00,14.360468571428573,14.360468571428573,0.0,75.4,75.4,0.0,0.0,2000.0,1.0,0.0,25.52,75.4
30,2016-01-01 07:30:00,14.39856,14.39856,0.0,75.6,75.6,0.0,0.0,2000.0,1.0,0.0,25.52,75.6
31,2016-01-01 07:45:00,14.484265714285714,14.484265714285714,0.0,76.05,76.05,0.0,0.0,2000.0,1.0,0.0,25.59,76.05
32,2016-01-01 08:00:00,14.579494285714285,14.579494285714285,0.0,76.55,76.55,0.0,0.0,2000.0,1.0,0.0,25.91,76.55
33,2016-01-01 08:15:00,14.579494285714285,14.579494285714285,0.0,76.55,76.55,0.0,0.0,2000.0,1.0,0.0,25.91,76.55
34,2016-01-01 08:30:00,14.712814285714286,14.712814285714286,0.0,77.25,77.25,0.0,0.0,2000.0,1.0,0.0,25.91,77.25
35,2016-01-01 08:45:00,14.855657142857144,14.855657142857144,0.0,78.0,78.0,0.0,0.0,2000.0,1.0,0.0,26.04,78.0
36,2016-01-01 09:00:00,15.208002857142857,15.208002857142857,0.0,79.85,79.85,0.0,0.0,2000.0,1.0,0.0,26.17,79.85
37,2016-01-01 09:15:00,15.407982857142859,15.407982857142859,0.0,80.9,80.9,0.0,0.0,2000.0,1.0,0.0,26.57,80.9
38,2016-01-01 09:30:00,15.579394285714285,15.579394285714285,0.0,81.8,81.8,0.0,0.0,2000.0,1.0,0.0,26.57,81.8
39,2016-01-01 09:45:00,15.83651142857143,15.83651142857143,0.0,83.15,83.15,0.0,0.0,2000.0,1.0,0.0,26.57,83.15
40,2016-01-01 10:00:00,16.122197142857143,16.122197142857143,0.0,84.65,84.65,0.0,0.0,2000.0,1.0,0.0,26.64,84.65
41,2016-01-01 10:15:00,16.38883714285714,16.38883714285714,0.0,86.05,86.05,0.0,0.0,2000.0,1.0,0.0,26.71,86.05
42,2016-01-01 10:30:00,16.69356857142857,16.69356857142857,0.0,87.65,87.65,0.0,0.0,2000.0,1.0,0.0,27.21,87.65
43,2016-01-01 10:45:00,16.988777142857142,16.988777142857142,0.0,89.2,89.2,0.0,0.0,2000.0,1.0,0.0,27.21,89.2
44,2016-01-01 11:00:00,17.25541714285714,17.25541714285714,0.0,90.6,90.6,0.0,0.0,2000.0,1.0,0.0,27.87,90.6
45,2016-01-01 11:15:00,17.56967142857143,17.56967142857143,0.0,92.25,92.25,0.0,0.0,2000.0,1.0,0.0,27.87,92.25
46,2016-01-01 11:30:00,17.788697142857146,17.788697142857146,0.0,93.4,93.4,0.0,0.0,2000.0,1.0,0.0,28.49,93.4
47,2016-01-01 11:45:00,17.883925714285716,17.883925714285716,0.0,93.9,93.9,0.0,0.0,2000.0,1.0,0.0,28.49,93.9
48,2016-01-01 12:00:00,17.979154285714287,17.979154285714287,0.0,94.4,94.4,0.0,0.0,2000.0,1.0,0.0,28.57,94.4
49,2016-01-01 12:15:00,17.979154285714287,17.979154285714287,0.0,94.4,94.4,0.0,0.0,2000.0,1.0,0.0,28.57,94.4
50,2016-01-01 12:30:00,17.941062857142857,17.941062857142857,0.0,94.2,94.2,0.0,0.0,2000.0,1.0,0.0,28.57,94.2
51,2016-01-01 12:45:00,17.90297142857143,17.90297142857143,0.0,94.0,94.0,0.0,0.0,2000.0,1.0,0.0,28.57,94.0
52,2016-01-01 13:00:00,17.79822,17.79822,0.0,93.45,93.45,0.0,0.0,2000.0,1.0,0.0,28.57,93.45
53,2016-01-01 13:15:00,17.6649,17.6649,0.0,92.75,92.75,0.0,0.0,2000.0,1.0,0.0,28.57,92.75
54,2016-01-01 13:30:00,17.645854285714286,17.645854285714286,0.0,92.65,92.65,0.0,0.0,2000.0,1.0,0.0,29.17,92.65
55,2016-01-01 13:45:00,17.588717142857142,17.588717142857142,0.0,92.35,92.35,0.0,0.0,2000.0,1.0,0.0,29.17,92.35
56,2016-01-01 14:00:00,17.59824,17.59824,0.0,92.4,92.4,0.0,0.0,2000.0,1.0,0.0,29.17,92.4
57,2016-01-01 14:15:00,17.512534285714285,17.512534285714285,0.0,91.95,91.95,0.0,0.0,2000.0,1.0,0.0,29.54,91.95
58,2016-01-01 14:30:00,17.474442857142858,17.474442857142858,0.0,91.75,91.75,0.0,0.0,2000.0,1.0,0.0,29.54,91.75
59,2016-01-01 14:45:00,17.40778285714286,17.40778285714286,0.0,91.4,91.4,0.0,0.0,2000.0,1.0,0.0,29.54,91.4
60,2016-01-01 15:00:00,10.0,10.0,0.0,52.5052505250525,52.505250525052496,0.0,39.94474947494751,1960.0552505250525,1.0,0.0,29.85,92.45
61,2016-01-01 15:15:00,15.083205714285317,15.083205714285317,0.0,79.19474947494541,79.19474947494541,0.0,13.55525052505459,1946.5,1.0,0.0,29.85,92.75
62,2016-01-01 15:30:00,0.0,0.0,0.0,0.0,0.0,0.0,93.05,1853.45,0.0,0.0,29.85,93.05
63,2016-01-01 15:45:00,0.0,0.0,0.0,0.0,0.0,0.0,93.35,1760.1,0.0,0.0,29.85,93.35
64,2016-01-01 16:00:00,0.0,0.0,0.0,0.0,0.0,0.0,94.9,1665.2,0.0,0.0,29.98,94.9
65,2016-01-01 16:15:00,0.0,0.0,0.0,0.0,0.0,0.0,96.8,1568.4,0.0,0.0,29.98,96.8
66,2016-01-01 16:30:00,0.0,0.0,0.0,0.0,0.0,0.0,99.35,1469.05,0.0,0.0,29.98,99.35
67,2016-01-01 16:45:00,0.0,0.0,0.0,0.0,0.0,0.0,101.85,1367.2,0.0,0.0,30.76,101.85
68,2016-01-01 17:00:00,0.0,0.0,0.0,0.0,0.0,0.0,104.0,1263.2,0.0,0.0,31.58,104.0
69,2016-01-01 17:15:00,0.0,0.0,0.0,0.0,0.0,0.0,105.15,1158.05,0.0,0.0,31.58,105.15
70,2016-01-01 17:30:00,0.0,0.0,0.0,0.0,0.0,0.0,106.1,1051.95,0.0,0.0,32.16,106.1
71,2016-01-01 17:45:00,0.0,0.0,0.0,0.0,0.0,0.0,106.4,945.55,0.0,0.0,32.16,106.4
72,2016-01-01 18:00:00,0.0,0.0,0.0,0.0,0.0,0.0,107.1,838.45,0.0,0.0,32.16,107.1
73,2016-01-01 18:15:00,0.0,0.0,0.0,0.0,0.0,0.0,106.85,731.6,0.0,0.0,31.58,106.85
74,2016-01-01 18:30:00,0.0,0.0,0.0,0.0,0.0,0.0,106.95,624.65,0.0,0.0,31.58,106.95
75,2016-01-01 18:45:00,0.0,0.0,0.0,0.0,0.0,0.0,105.9,518.75,0.0,0.0,30.76,105.9
76,2016-01-01 19:00:00,0.0,0.0,0.0,0.0,0.0,0.0,105.85,412.9,0.0,0.0,30.76,105.85
77,2016-01-01 19:15:00,0.0,0.0,0.0,0.0,0.0,0.0,104.55,308.35,0.0,0.0,29.98,104.55
78,2016-01-01 19:30:00,0.0,0.0,0.0,0.0,0.0,0.0,103.75,204.6,0.0,0.0,29.98,103.75
79,2016-01-01 19:45:00,0.0,0.0,0.0,0.0,0.0,0.0,102.3,102.3,0.0,0.0,29.98,102.3
80,2016-01-01 20:00:00,10.52,10.0,0.0,52.5052505250525,52.505250525052496,0.0,49.5947494749475,52.70525052505155,1.0,1.0,29.98,102.1
81,2016-01-01 20:15:00,14.159988571428665,14.159988571428665,0.0,74.34737473747424,74.34737473747423,0.0,26.352625262525773,26.352625262525773,1.0,0.0,29.85,100.7
82,2016-01-01 20:30:00,16.355257142857187,16.355257142857187,0.0,85.87368736873711,85.87368736873711,0.0,13.176312631262887,13.176312631262887,1.0,0.0,29.56,99.05
83,2016-01-01 20:45:00,17.419561428571452,17.419561428571452,0.0,91.46184368436856,91.46184368436856,0.0,6.588156315631443,6.588156315631443,1.0,0.0,29.54,98.05
84,2016-01-01 21:00:00,18.02789642857144,18.02789642857144,0.0,94.65592184218428,94.65592184218428,0.0,3.2940781578157217,3.2940781578157217,1.0,0.0,29.17,97.95
85,2016-01-01 21:15:00,18.274926785714293,18.274926785714293,0.0,95.95296092109214,95.95296092109213,0.0,1.6470390789078608,1.6470390789078608,1.0,0.0,29.17,97.6
86,2016-01-01 21:30:00,18.307974821428573,18.307974821428573,0.0,96.12648046054606,96.12648046054608,0.0,0.8235195394539304,0.8235195394539304,1.0,0.0,29.17,96.95
87,2016-01-01 21:45:00,18.436251428571428,18.436251428571428,0.0,96.8,96.8,0.0,0.0,0.8235195394539304,1.0,0.0,28.57,96.8
88,2016-01-01 22:00:00,18.662560267857145,18.662560267857145,0.0,97.98824023027304,97.98824023027304,0.0,0.4117597697269652,0.4117597697269652,1.0,0.0,29.17,98.4
89,2016-01-01 22:15:00,18.473222991071427,18.473222991071427,0.0,96.99412011513651,96.99412011513652,0.0,0.2058798848634826,0.2058798848634826,1.0,0.0,28.57,97.2
90,2016-01-01 22:30:00,18.207142924107146,18.207142924107146,0.0,95.59706005756827,95.59706005756826,0.0,0.1029399424317413,0.1029399424317413,1.0,0.0,28.49,95.7
91,2016-01-01 22:45:00,17.969351462053574,17.969351462053574,0.0,94.34853002878414,94.34853002878414,0.0,0.05146997121587065,0.05146997121587065,1.0,0.0,27.87,94.4
92,2016-01-01 23:00:00,17.593338588169644,17.593338588169644,0.0,92.37426501439207,92.37426501439207,0.0,0.025734985607935325,0.025734985607935325,1.0,0.0,27.21,92.4
93,2016-01-01 23:15:00,17.25296643694196,17.25296643694196,0.0,90.58713250719602,90.58713250719603,0.0,0.012867492803967663,0.012867492803967663,1.0,0.0,27.21,90.6
94,2016-01-01 23:30:00,16.90184607561384,16.90184607561384,0.0,88.74356625359802,88.74356625359802,0.0,0.006433746401983831,0.006433746401983831,1.0,0.0,26.64,88.75
95,2016-01-01 23:45:00,16.61677303780692,16.61677303780692,0.0,87.246783126799,87.246783126799,0.0,0.0032168732009919157,0.0032168732009919157,1.0,0.0,26.57,87.25
96,2016-01-02 00:00:00,16.81360857142857,16.29360857142857,0.0,85.55,85.55,0.0,0.0,0.0,1.0,0.0,26.17,85.55
97,2016-01-02 00:15:00,15.893648571428573,15.893648571428573,0.0,83.45,83.45,0.0,0.0,0.0,1.0,0.0,25.91,83.45
98,2016-01-02 00:30:00,15.722237142857143,15.722237142857143,0.0,82.55,82.55,0.0,0.0,0.0,1.0,0.0,25.52,82.55
99,2016-01-02 00:45:00,15.512734285714286,15.512734285714286,0.0,81.45,81.45,0.0,0.0,0.0,1.0,0.0,25.52,81.45
100,2016-01-02 01:00:00,15.360368571428573,15.360368571428573,0.0,80.65,80.65,0.0,0.0,0.0,1.0,0.0,25.15,80.65
101,2016-01-02 01:15:00,15.122297142857144,15.122297142857144,0.0,79.4,79.4,0.0,0.0,0.0,1.0,0.0,24.62,79.4
102,2016-01-02 01:30:00,15.055637142857142,15.055637142857142,0.0,79.05,79.05,0.0,0.0,0.0,1.0,0.0,23.94,79.05
103,2016-01-02 01:45:00,14.979454285714286,14.979454285714286,0.0,78.65,78.65,0.0,0.0,0.0,1.0,0.0,23.89,78.65
104,2016-01-02 02:00:00,14.865179999999999,14.865179999999999,0.0,78.05,78.05,0.0,0.0,0.0,1.0,0.0,23.78,78.05
105,2016-01-02 02:15:00,14.79852,14.79852,0.0,77.7,77.7,0.0,0.0,0.0,1.0,0.0,23.78,77.7
106,2016-01-02 02:30:00,14.741382857142858,14.741382857142858,0.0,77.4,77.4,0.0,0.0,0.0,1.0,0.0,23.78,77.4
107,2016-01-02 02:45:00,14.722337142857143,14.722337142857143,0.0,77.3,77.3,0.0,0.0,0.0,1.0,0.0,23.51,77.3
108,2016-01-02 03:00:00,14.722337142857143,14.722337142857143,0.0,77.3,77.3,0.0,0.0,0.0,1.0,0.0,23.51,77.3
109,2016-01-02 03:15:00,14.693768571428572,14.693768571428572,0.0,77.15,77.15,0.0,0.0,0.0,1.0,0.0,23.51,77.15
110,2016-01-02 03:30:00,14.684245714285714,14.684245714285714,0.0,77.1,77.1,0.0,0.0,0.0,1.0,0.0,23.51,77.1
111,2016-01-02 03:45:00,14.741382857142858,14.741382857142858,0.0,77.4,77.4,0.0,0.0,0.0,1.0,0.0,23.51,77.4
112,2016-01-02 04:00:00,14.865179999999999,14.865179999999999,0.0,78.05,78.05,0.0,0.0,0.0,1.0,0.0,23.51,78.05
113,2016-01-02 04:15:00,60.54838797479747,56.287699999999994,0.2606879747974797,295.53997899789977,78.3,217.23997899789975,0.0,217.23997899789975,1.0,0.0,23.46,78.3
114,2016-01-02 04:30:00,100.53562300630063,100.0,0.5356230063006301,525.0525052505251,78.7,446.3525052505251,0.0,663.5924842484249,1.0,0.0,23.46,78.7
115,2016-01-02 04:45:00,100.53508300630062,100.0,0.53508300630063,525.0525052505251,79.15,445.90250525052505,0.0,1109.49498949895,1.0,0.0,23.46,79.15
116,2016-01-02 05:00:00,100.53430300630063,100.0,0.53430300630063,525.0525052505251,79.8,445.252505250525,0.0,1554.747494749475,1.0,0.0,23.46,79.8
117,2016-01-02 05:15:00,100.53430300630063,100.0,0.53430300630063,525.0525052505251,79.8,445.252505250525,0.0,2000.0,1.0,0.0,23.46,79.8
118,2016-01-02 05:30:00,15.29370857142857,15.29370857142857,0.0,80.3,80.3,0.0,0.0,2000.0,1.0,0.0,23.46,80.3
119,2016-01-02 05:45:00,15.407982857142859,15.407982857142859,0.0,80.9,80.9,0.0,0.0,2000.0,1.0,0.0,23.46,80.9
120,2016-01-02 06:00:00,15.50321142857143,15.50321142857143,0.0,81.4,81.4,0.0,0.0,2000.0,1.0,0.0,23.46,81.4
121,2016-01-02 06:15:00,15.550825714285715,15.550825714285715,0.0,81.65,81.65,0.0,0.0,2000.0,1.0,0.0,23.46,81.65
122,2016-01-02 06:30:00,15.722237142857143,15.722237142857143,0.0,82.55,82.55,0.0,0.0,2000.0,1.0,0.0,23.46,82.55
123,2016-01-02 06:45:00,15.9984,15.9984,0.0,84.0,84.0,0.0,0.0,2000.0,1.0,0.0,23.51,84.0
124,2016-01-02 07:00:00,16.40788285714286,16.40788285714286,0.0,86.15,86.15,0.0,0.0,2000.0,1.0,0.0,23.51,86.15
125,2016-01-02 07:15:00,16.655477142857144,16.655477142857144,0.0,87.45,87.45,0.0,0.0,2000.0,1.0,0.0,23.51,87.45
126,2016-01-02 07:30:00,16.96020857142857,16.96020857142857,0.0,89.05,89.05,0.0,0.0,2000.0,1.0,0.0,23.78,89.05
127,2016-01-02 07:45:00,17.455397142857144,17.455397142857144,0.0,91.65,91.65,0.0,0.0,2000.0,1.0,0.0,23.89,91.65
128,2016-01-02 08:00:00,17.874402857142858,17.874402857142858,0.0,93.85,93.85,0.0,0.0,2000.0,1.0,0.0,23.94,93.85
129,2016-01-02 08:15:00,18.236271428571428,18.236271428571428,0.0,95.75,95.75,0.0,0.0,2000.0,1.0,0.0,24.62,95.75
130,2016-01-02 08:30:00,18.483865714285713,18.483865714285713,0.0,97.05,97.05,0.0,0.0,2000.0,1.0,0.0,24.62,97.05
131,2016-01-02 08:45:00,18.89334857142857,18.89334857142857,0.0,99.2,99.2,0.0,0.0,2000.0,1.0,0.0,25.03,99.2
132,2016-01-02 09:00:00,19.426628571428573,19.426628571428573,0.0,102.0,102.0,0.0,0.0,2000.0,1.0,0.0,25.52,102.0
133,2016-01-02 09:15:00,19.740882857142857,19.740882857142857,0.0,103.65,103.65,0.0,0.0,2000.0,1.0,0.0,25.52,103.65
134,2016-01-02 09:30:00,20.112274285714285,20.112274285714285,0.0,105.6,105.6,0.0,0.0,2000.0,1.0,0.0,25.59,105.6
135,2016-01-02 09:45:00,20.36939142857143,20.36939142857143,0.0,106.95,106.95,0.0,0.0,2000.0,1.0,0.0,25.59,106.95
136,2016-01-02 10:00:00,20.70269142857143,20.70269142857143,0.0,108.7,108.7,0.0,0.0,2000.0,1.0,0.0,25.91,108.7
137,2016-01-02 10:15:00,20.82648857142857,20.82648857142857,0.0,109.35,109.35,0.0,0.0,2000.0,1.0,0.0,25.91,109.35
138,2016-01-02 10:30:00,20.978854285714288,20.978854285714288,0.0,110.15,110.15,0.0,0.0,2000.0,1.0,0.0,25.91,110.15
139,2016-01-02 10:45:00,21.093128571428572,21.093128571428572,0.0,110.75,110.75,0.0,0.0,2000.0,1.0,0.0,25.91,110.75
140,2016-01-02 11:00:00,21.340722857142858,21.340722857142858,0.0,112.05,112.05,0.0,0.0,2000.0,1.0,0.0,26.04,112.05
141,2016-01-02 11:15:00,21.56927142857143,21.56927142857143,0.0,113.25,113.25,0.0,0.0,2000.0,1.0,0.0,26.17,113.25
142,2016-01-02 11:30:00,21.79782,21.79782,0.0,114.45,114.45,0.0,0.0,2000.0,1.0,0.0,26.17,114.45
143,2016-01-02 11:45:00,0.0,0.0,0.0,0.0,0.0,0.0,114.9,1885.1,0.0,0.0,26.57,114.9
144,2016-01-02 12:00:00,0.0,0.0,0.0,0.0,0.0,0.0,114.9,1770.2,0.0,0.0,26.17,114.9
145,2016-01-02 12:15:00,0.0,0.0,0.0,0.0,0.0,0.0,114.8,1655.4,0.0,0.0,26.57,114.8
146,2016-01-02 12:30:00,0.0,0.0,0.0,0.0,0.0,0.0,115.15,1540.25,0.0,0.0,26.17,115.15
147,2016-01-02 12:45:00,0.0,0.0,0.0,0.0,0.0,0.0,114.45,1425.8,0.0,0.0,26.57,114.45
148,2016-01-02 13:00:00,21.70259142857143,21.70259142857143,0.0,113.95,113.95,0.0,0.0,1425.8,1.0,1.0,26.17,113.95
149,2016-01-02 13:15:00,21.55974857142857,21.55974857142857,0.0,113.2,113.2,0.0,0.0,1425.8,1.0,0.0,26.17,113.2
150,2016-01-02 13:30:00,100.49464300630063,100.0,0.49464300630063,525.0525052505251,112.85,412.20250525052506,0.0,1838.0025052505248,1.0,0.0,26.17,112.85
151,2016-01-02 13:45:00,21.40738285714286,21.40738285714286,0.0,112.4,112.4,0.0,0.0,1838.0025052505248,1.0,0.0,26.17,112.4
152,2016-01-02 14:00:00,21.416905714285715,21.416905714285715,0.0,112.45,112.45,0.0,0.0,1838.0025052505248,1.0,0.0,26.17,112.45
153,2016-01-02 14:15:00,10.0,10.0,0.0,52.5052505250525,52.50525052505251,0.0,59.844749474947484,1778.1577557755772,1.0,0.0,26.57,112.35
154,2016-01-02 14:30:00,63.82980497878365,63.563594285714345,0.2662106930693073,333.74224422442273,111.9,221.84224422442276,0.0,2000.0,1.0,0.0,26.17,111.9
155,2016-01-02 14:45:00,21.25501714285714,21.25501714285714,0.0,111.6,111.6,0.0,0.0,2000.0,1.0,0.0,26.57,111.6
156,2016-01-02 15:00:00,21.36929142857143,21.36929142857143,0.0,112.2,112.2,0.0,0.0,2000.0,1.0,0.0,26.57,112.2
157,2016-01-02 15:15:00,21.36929142857143,21.36929142857143,0.0,112.2,112.2,0.0,0.0,2000.0,1.0,0.0,26.57,112.2
158,2016-01-02 15:30:00,21.40738285714286,21.40738285714286,0.0,112.4,112.4,0.0,0.0,2000.0,1.0,0.0,26.57,112.4
159,2016-01-02 15:45:00,20.882625714285787,20.882625714285787,0.0,109.64474947494787,109.64474947494787,0.0,3.0052505250521335,1996.9947494749479,1.0,0.0,26.57,112.65
160,2016-01-02 16:00:00,10.0,10.0,0.0,52.5052505250525,52.505250525052496,0.0,61.5447494749475,1935.45,1.0,0.0,26.64,114.05
161,2016-01-02 16:15:00,0.0,0.0,0.0,0.0,0.0,0.0,115.05,1820.4,0.0,0.0,26.64,115.05
162,2016-01-02 16:30:00,0.0,0.0,0.0,0.0,0.0,0.0,116.7,1703.7,0.0,0.0,26.71,116.7
163,2016-01-02 16:45:00,0.0,0.0,0.0,0.0,0.0,0.0,118.9,1584.8,0.0,0.0,27.21,118.9
164,2016-01-02 17:00:00,0.0,0.0,0.0,0.0,0.0,0.0,120.95,1463.85,0.0,0.0,27.28,120.95
165,2016-01-02 17:15:00,0.0,0.0,0.0,0.0,0.0,0.0,122.2,1341.65,0.0,0.0,27.87,122.2
166,2016-01-02 17:30:00,0.0,0.0,0.0,0.0,0.0,0.0,123.2,1218.45,0.0,0.0,27.87,123.2
167,2016-01-02 17:45:00,0.0,0.0,0.0,0.0,0.0,0.0,123.9,1094.55,0.0,0.0,27.87,123.9
168,2016-01-02 18:00:00,0.0,0.0,0.0,0.0,0.0,0.0,124.1,970.45,0.0,0.0,27.87,124.1
169,2016-01-02 18:15:00,0.0,0.0,0.0,0.0,0.0,0.0,124.0,846.45,0.0,0.0,27.87,124.0
170,2016-01-02 18:30:00,0.0,0.0,0.0,0.0,0.0,0.0,123.35,723.1,0.0,0.0,27.87,123.35
171,2016-01-02 18:45:00,0.0,0.0,0.0,0.0,0.0,0.0,122.3,600.8,0.0,0.0,27.87,122.3
172,2016-01-02 19:00:00,0.0,0.0,0.0,0.0,0.0,0.0,122.2,478.6,0.0,0.0,27.87,122.2
173,2016-01-02 19:15:00,0.0,0.0,0.0,0.0,0.0,0.0,120.85,357.75,0.0,0.0,27.28,120.85
174,2016-01-02 19:30:00,0.0,0.0,0.0,0.0,0.0,0.0,120.05,237.7,0.0,0.0,27.21,120.05
175,2016-01-02 19:45:00,0.0,0.0,0.0,0.0,0.0,0.0,118.85,118.85,0.0,0.0,27.21,118.85
176,2016-01-02 20:00:00,11.380818571428573,10.860818571428574,0.0,57.02500000000001,57.025000000000006,0.0,59.425,59.425,1.0,1.0,26.71,116.45
177,2016-01-02 20:15:00,16.053156428571427,16.053156428571427,0.0,84.2875,84.2875,0.0,29.7125,29.7125,1.0,0.0,26.57,114.0
178,2016-01-02 20:30:00,18.511243928571428,18.511243928571428,0.0,97.19375,97.19375,0.0,14.85625,14.85625,1.0,0.0,26.17,112.05
179,2016-01-02 20:45:00,19.564114821428575,19.564114821428575,0.0,102.72187500000001,102.72187500000001,0.0,7.428125,7.428125,1.0,0.0,26.04,110.15
180,2016-01-02 21:00:00,20.071504553571426,20.071504553571426,0.0,105.38593749999998,105.3859375,0.0,3.7140625,3.7140625,1.0,0.0,26.04,109.1
181,2016-01-02 21:15:00,20.339483705357143,20.339483705357143,0.0,106.79296875,106.79296875,0.0,1.85703125,1.85703125,1.0,0.0,26.04,108.65
182,2016-01-02 21:30:00,20.287777566964287,20.287777566964287,0.0,106.521484375,106.521484375,0.0,0.928515625,0.928515625,1.0,0.0,25.91,107.45
183,2016-01-02 21:45:00,20.319061640625,20.319061640625,0.0,106.68574218750001,106.68574218750001,0.0,0.4642578125,0.4642578125,1.0,0.0,25.91,107.15
184,2016-01-02 22:00:00,20.553729391741072,20.553729391741072,0.0,107.91787109375001,107.91787109375001,0.0,0.23212890625,0.23212890625,1.0,0.0,26.04,108.15
185,2016-01-02 22:15:00,20.39490041015625,20.39490041015625,0.0,107.083935546875,107.083935546875,0.0,0.116064453125,0.116064453125,1.0,0.0,25.91,107.2
186,2016-01-02 22:30:00,20.1583587765067,20.1583587765067,0.0,105.84196777343752,105.8419677734375,0.0,0.0580322265625,0.0580322265625,1.0,0.0,25.59,105.9
187,2016-01-02 22:45:00,19.887722245396205,19.887722245396205,0.0,104.42098388671874,104.42098388671876,0.0,0.02901611328125,0.02901611328125,1.0,0.0,25.52,104.45
188,2016-01-02 23:00:00,19.604799694126676,19.604799694126676,0.0,102.93549194335938,102.93549194335938,0.0,0.014508056640625,0.014508056640625,1.0,0.0,25.15,102.95
189,2016-01-02 23:15:00,19.339541275634765,19.339541275634765,0.0,101.54274597167968,101.54274597167968,0.0,0.0072540283203125,0.0072540283203125,1.0,0.0,25.03,101.55
190,2016-01-02 23:30:00,18.97836349496024,18.97836349496024,0.0,99.64637298583985,99.64637298583985,0.0,0.00362701416015625,0.00362701416015625,1.0,0.0,24.62,99.65
191,2016-01-02 23:45:00,18.616840318908693,18.616840318908693,0.0,97.74818649291993,97.74818649291993,0.0,0.001813507080078125,0.001813507080078125,1.0,0.0,23.89,97.75
192,2016-01-03 00:00:00,18.841977142857143,18.321977142857143,0.0,96.2,96.2,0.0,0.0,0.0,1.0,0.0,23.78,96.2
193,2016-01-03 00:15:00,17.979154285714287,17.979154285714287,0.0,94.4,94.4,0.0,0.0,0.0,1.0,0.0,23.78,94.4
194,2016-01-03 00:30:00,17.59824,17.59824,0.0,92.4,92.4,0.0,0.0,0.0,1.0,0.0,23.51,92.4
195,2016-01-03 00:45:00,17.3316,17.3316,0.0,91.0,91.0,0.0,0.0,0.0,1.0,0.0,23.51,91.0
196,2016-01-03 01:00:00,17.03639142857143,17.03639142857143,0.0,89.45,89.45,0.0,0.0,0.0,1.0,0.0,23.51,89.45
197,2016-01-03 01:15:00,16.874502857142858,16.874502857142858,0.0,88.6,88.6,0.0,0.0,0.0,1.0,0.0,23.46,88.6
198,2016-01-03 01:30:00,16.645954285714286,16.645954285714286,0.0,87.4,87.4,0.0,0.0,0.0,1.0,0.0,23.46,87.4
199,2016-01-03 01:45:00,16.512634285714288,16.512634285714288,0.0,86.7,86.7,0.0,0.0,0.0,1.0,0.0,23.15,86.7
200,2016-01-03 02:00:00,16.455497142857144,16.455497142857144,0.0,86.4,86.4,0.0,0.0,0.0,1.0,0.0,23.15,86.4
201,2016-01-03 02:15:00,16.322177142857143,16.322177142857143,0.0,85.7,85.7,0.0,0.0,0.0,1.0,0.0,23.15,85.7
202,2016-01-03 02:30:00,16.226948571428572,16.226948571428572,0.0,85.2,85.2,0.0,0.0,0.0,1.0,0.0,22.6,85.2
203,2016-01-03 02:45:00,16.207902857142855,16.207902857142855,0.0,85.1,85.1,0.0,0.0,0.0,1.0,0.0,22.6,85.1
204,2016-01-03 03:00:00,16.13172,16.13172,0.0,84.7,84.7,0.0,0.0,0.0,1.0,0.0,22.6,84.7
205,2016-01-03 03:15:00,100.52836300630064,100.0,0.52836300630063,525.0525052505251,84.75,440.3025052505251,0.0,440.30250525052503,1.0,0.0,22.6,84.75
206,2016-01-03 03:30:00,16.150765714285715,16.150765714285715,0.0,84.8,84.8,0.0,0.0,440.30250525052503,1.0,0.0,22.6,84.8
207,2016-01-03 03:45:00,60.22100511765465,59.94447714285717,0.27652797479747987,314.7399789978999,84.3,230.4399789978999,0.0,670.742484248425,1.0,0.0,22.6,84.3
208,2016-01-03 04:00:00,16.10315142857143,16.10315142857143,0.0,84.55,84.55,0.0,0.0,670.742484248425,1.0,0.0,22.6,84.55
209,2016-01-03 04:15:00,16.084105714285716,16.084105714285716,0.0,84.45,84.45,0.0,0.0,670.742484248425,1.0,0.0,22.6,84.45
210,2016-01-03 04:30:00,16.141242857142856,16.141242857142856,0.0,84.75,84.75,0.0,0.0,670.742484248425,1.0,0.0,22.6,84.75
211,2016-01-03 04:45:00,16.055537142857144,16.055537142857144,0.0,84.3,84.3,0.0,0.0,670.742484248425,1.0,0.0,22.6,84.3
212,2016-01-03 05:00:00,16.074582857142858,16.074582857142858,0.0,84.4,84.4,0.0,0.0,670.742484248425,1.0,0.0,22.6,84.4
213,2016-01-03 05:15:00,15.950785714285715,15.950785714285715,0.0,83.75,83.75,0.0,0.0,670.742484248425,1.0,0.0,22.6,83.75
214,2016-01-03 05:30:00,15.855557142857142,15.855557142857142,0.0,83.25,83.25,0.0,0.0,670.742484248425,1.0,0.0,22.6,83.25
215,2016-01-03 05:45:00,105.53106300630063,100.0,0.5310630063006301,525.0525052505251,82.5,442.5525052505251,0.0,1113.29498949895,1.0,0.0,22.55,82.5
216,2016-01-03 06:00:00,100.53226300630062,100.0,0.5322630063006301,525.0525052505251,81.5,443.5525052505251,0.0,1556.847494749475,1.0,0.0,22.55,81.5
217,2016-01-03 06:15:00,100.53178300630063,100.0,0.53178300630063,525.0525052505251,81.9,443.15250525052505,0.0,2000.0,1.0,0.0,22.55,81.9
218,2016-01-03 06:30:00,15.693668571428573,15.693668571428573,0.0,82.4,82.4,0.0,0.0,2000.0,1.0,0.0,22.6,82.4
219,2016-01-03 06:45:00,15.83651142857143,15.83651142857143,0.0,83.15,83.15,0.0,0.0,2000.0,1.0,0.0,22.6,83.15
220,2016-01-03 07:00:00,15.979354285714287,15.979354285714287,0.0,83.9,83.9,0.0,0.0,2000.0,1.0,0.0,22.6,83.9
221,2016-01-03 07:15:00,16.09362857142857,16.09362857142857,0.0,84.5,84.5,0.0,0.0,2000.0,1.0,0.0,23.15,84.5
222,2016-01-03 07:30:00,16.455497142857144,16.455497142857144,0.0,86.4,86.4,0.0,0.0,2000.0,1.0,0.0,23.46,86.4
223,2016-01-03 07:45:00,16.731659999999998,16.731659999999998,0.0,87.85,87.85,0.0,0.0,2000.0,1.0,0.0,23.51,87.85
224,2016-01-03 08:00:00,16.979254285714287,16.979254285714287,0.0,89.15,89.15,0.0,0.0,2000.0,1.0,0.0,23.51,89.15
225,2016-01-03 08:15:00,17.236371428571427,17.236371428571427,0.0,90.5,90.5,0.0,0.0,2000.0,1.0,0.0,23.51,90.5
226,2016-01-03 08:30:00,17.445874285714286,17.445874285714286,0.0,91.6,91.6,0.0,0.0,2000.0,1.0,0.0,23.78,91.6
227,2016-01-03 08:45:00,17.712514285714285,17.712514285714285,0.0,93.0,93.0,0.0,0.0,2000.0,1.0,0.0,23.78,93.0
228,2016-01-03 09:00:00,18.16008857142857,18.16008857142857,0.0,95.35,95.35,0.0,0.0,2000.0,1.0,0.0,23.89,95.35
229,2016-01-03 09:15:00,18.474342857142858,18.474342857142858,0.0,97.0,97.0,0.0,0.0,2000.0,1.0,0.0,23.94,97.0
230,2016-01-03 09:30:00,18.82668857142857,18.82668857142857,0.0,98.85,98.85,0.0,0.0,2000.0,1.0,0.0,24.62,98.85
231,2016-01-03 09:45:00,19.112374285714285,19.112374285714285,0.0,100.35,100.35,0.0,0.0,2000.0,1.0,0.0,25.03,100.35
232,2016-01-03 10:00:00,19.445674285714286,19.445674285714286,0.0,102.1,102.1,0.0,0.0,2000.0,1.0,0.0,25.15,102.1
233,2016-01-03 10:15:00,19.73136,19.73136,0.0,103.6,103.6,0.0,0.0,2000.0,1.0,0.0,25.52,103.6
234,2016-01-03 10:30:00,19.950385714285716,19.950385714285716,0.0,104.75,104.75,0.0,0.0,2000.0,1.0,0.0,25.52,104.75
235,2016-01-03 10:45:00,20.302731428571427,20.302731428571427,0.0,106.6,106.6,0.0,0.0,2000.0,1.0,0.0,25.91,106.6
236,2016-01-03 11:00:00,20.550325714285716,20.550325714285716,0.0,107.9,107.9,0.0,0.0,2000.0,1.0,0.0,26.04,107.9
237,2016-01-03 11:15:00,0.0,0.0,0.0,0.0,0.0,0.0,109.8,1890.2,0.0,0.0,26.57,109.8
238,2016-01-03 11:30:00,0.0,0.0,0.0,0.0,0.0,0.0,111.7,1778.5,0.0,0.0,26.64,111.7
239,2016-01-03 11:45:00,0.0,0.0,0.0,0.0,0.0,0.0,111.65,1666.85,0.0,0.0,26.64,111.65
240,2016-01-03 12:00:00,0.0,0.0,0.0,0.0,0.0,0.0,111.45,1555.4,0.0,0.0,26.64,111.45
241,2016-01-03 12:15:00,0.0,0.0,0.0,0.0,0.0,0.0,111.1,1444.3,0.0,0.0,26.64,111.1
242,2016-01-03 12:30:00,0.0,0.0,0.0,0.0,0.0,0.0,110.25,1334.05,0.0,0.0,26.57,110.25
243,2016-01-03 12:45:00,0.0,0.0,0.0,0.0,0.0,0.0,109.05,1225.0,0.0,0.0,26.57,109.05
244,2016-01-03 13:00:00,0.0,0.0,0.0,0.0,0.0,0.0,108.3,1116.7,0.0,0.0,26.17,108.3
245,2016-01-03 13:15:00,0.0,0.0,0.0,0.0,0.0,0.0,107.45,1009.25,0.0,0.0,26.57,107.45
246,2016-01-03 13:30:00,100.50154300630064,100.0,0.50154300630063,525.0525052505251,107.1,417.95250525052506,0.0,1427.202505250525,1.0,1.0,26.17,107.1
247,2016-01-03 13:45:00,100.50316300630062,100.0,0.50316300630063,525.0525052505251,105.75,419.3025052505251,0.0,1846.50501050105,1.0,0.0,26.17,105.75
248,2016-01-03 14:00:00,49.51163970168447,49.32744571428573,0.18419398739873993,258.99498949894996,105.5,153.49498949894996,0.0,2000.0,1.0,0.0,26.17,105.5
249,2016-01-03 14:15:00,19.95990857142857,19.95990857142857,0.0,104.8,104.8,0.0,0.0,2000.0,1.0,0.0,26.17,104.8
250,2016-01-03 14:30:00,19.817065714285715,19.817065714285715,0.0,104.05,104.05,0.0,0.0,2000.0,1.0,0.0,26.17,104.05
251,2016-01-03 14:45:00,19.636131428571428,19.636131428571428,0.0,103.1,103.1,0.0,0.0,2000.0,1.0,0.0,26.17,103.1
252,2016-01-03 15:00:00,19.82658857142857,19.82658857142857,0.0,104.1,104.1,0.0,0.0,2000.0,1.0,0.0,26.17,104.1
253,2016-01-03 15:15:00,19.817065714285715,19.817065714285715,0.0,104.05,104.05,0.0,0.0,2000.0,1.0,0.0,26.57,104.05
254,2016-01-03 15:30:00,19.92181714285714,19.92181714285714,0.0,104.6,104.6,0.0,0.0,2000.0,1.0,0.0,26.57,104.6
255,2016-01-03 15:45:00,19.940862857142857,19.940862857142857,0.0,104.7,104.7,0.0,0.0,2000.0,1.0,0.0,26.57,104.7
256,2016-01-03 16:00:00,13.968031428571397,13.968031428571397,0.0,73.33949894989482,73.33949894989482,0.0,32.26050105010518,1967.7394989498948,1.0,0.0,26.57,105.6
257,2016-01-03 16:15:00,0.0,0.0,0.0,0.0,0.0,0.0,106.85,1860.889498949895,0.0,0.0,26.64,106.85
258,2016-01-03 16:30:00,0.0,0.0,0.0,0.0,0.0,0.0,109.15,1751.7394989498948,0.0,0.0,26.71,109.15
259,2016-01-03 16:45:00,0.0,0.0,0.0,0.0,0.0,0.0,111.95,1639.7894989498948,0.0,0.0,27.21,111.95
260,2016-01-03 17:00:00,0.0,0.0,0.0,0.0,0.0,0.0,114.85,1524.9394989498949,0.0,0.0,27.87,114.85
261,2016-01-03 17:15:00,0.0,0.0,0.0,0.0,0.0,0.0,115.6,1409.339498949895,0.0,0.0,27.87,115.6
262,2016-01-03 17:30:00,0.0,0.0,0.0,0.0,0.0,0.0,117.35,1291.989498949895,0.0,0.0,27.87,117.35
263,2016-01-03 17:45:00,0.0,0.0,0.0,0.0,0.0,0.0,118.25,1173.739498949895,0.0,0.0,28.49,118.25
264,2016-01-03 18:00:00,0.0,0.0,0.0,0.0,0.0,0.0,119.3,1054.439498949895,0.0,0.0,28.49,119.3
265,2016-01-03 18:15:00,0.0,0.0,0.0,0.0,0.0,0.0,118.7,935.739498949895,0.0,0.0,28.49,118.7
266,2016-01-03 18:30:00,0.0,0.0,0.0,0.0,0.0,0.0,118.35,817.389498949895,0.0,0.0,27.87,118.35
267,2016-01-03 18:45:00,0.0,0.0,0.0,0.0,0.0,0.0,118.15,699.239498949895,0.0,0.0,27.87,118.15
268,2016-01-03 19:00:00,0.0,0.0,0.0,0.0,0.0,0.0,117.75,581.489498949895,0.0,0.0,27.87,117.75
269,2016-01-03 19:15:00,0.0,0.0,0.0,0.0,0.0,0.0,116.65,464.839498949895,0.0,0.0,27.87,116.65
270,2016-01-03 19:30:00,0.0,0.0,0.0,0.0,0.0,0.0,115.55,349.289498949895,0.0,0.0,27.21,115.55
271,2016-01-03 19:45:00,0.0,0.0,0.0,0.0,0.0,0.0,114.75,234.539498949895,0.0,0.0,27.21,114.75
272,2016-01-03 20:00:00,0.0,0.0,0.0,0.0,0.0,0.0,114.45,120.08949894989499,0.0,0.0,27.21,114.45
273,2016-01-03 20:15:00,10.52,10.0,0.0,52.5052505250525,52.5052505250525,0.0,60.044749474947494,60.044749474947494,1.0,1.0,26.71,112.55
274,2016-01-03 20:30:00,15.36563,15.36563,0.0,80.67762526252625,80.67762526252625,0.0,30.022374737473747,30.022374737473747,1.0,0.0,26.57,110.7
275,2016-01-03 20:45:00,17.872272142857142,17.872272142857142,0.0,93.83881263126312,93.83881263126312,0.0,15.011187368736874,15.011187368736874,1.0,0.0,26.57,108.85
276,2016-01-03 21:00:00,19.39699464285714,19.39699464285714,0.0,101.84440631563156,101.84440631563156,0.0,7.505593684368437,7.505593684368437,1.0,0.0,26.57,109.35
277,2016-01-03 21:15:00,19.997467321428573,19.997467321428573,0.0,104.99720315781579,104.99720315781578,0.0,3.7527968421842184,3.7527968421842184,1.0,0.0,26.57,108.75
278,2016-01-03 21:30:00,52.56315649189919,52.36265875,0.20049774189918992,274.93145158265827,107.85,167.08145158265827,0.0,170.83424842484249,1.0,0.0,26.17,107.85
279,2016-01-03 21:45:00,10.0,10.0,0.0,52.5052505250525,52.5052505250525,0.0,55.7447494749475,115.08949894989499,1.0,0.0,26.57,108.25
280,2016-01-03 22:00:00,10.0,10.0,0.0,52.5052505250525,52.5052505250525,0.0,57.544749474947494,57.544749474947494,1.0,0.0,26.64,110.05
281,2016-01-03 22:15:00,15.222787142857145,15.222787142857145,0.0,79.92762526252626,79.92762526252625,0.0,28.772374737473747,28.772374737473747,1.0,0.0,26.57,108.7
282,2016-01-03 22:30:00,17.54373357142857,17.54373357142857,0.0,92.11381263126313,92.11381263126313,0.0,14.386187368736874,14.386187368736874,1.0,0.0,26.17,106.5
283,2016-01-03 22:45:00,18.637546785714285,18.637546785714285,0.0,97.85690631563156,97.85690631563156,0.0,7.193093684368437,7.193093684368437,1.0,0.0,26.04,105.05
284,2016-01-03 23:00:00,19.027326249999998,19.027326249999998,0.0,99.90345315781578,99.90345315781578,0.0,3.5965468421842184,3.5965468421842184,1.0,0.0,25.91,103.5
285,2016-01-03 23:15:00,19.188885982142857,19.188885982142857,0.0,100.75172657890789,100.75172657890789,0.0,1.7982734210921092,1.7982734210921092,1.0,0.0,25.59,102.55
286,2016-01-03 23:30:00,19.007787276785717,19.007787276785717,0.0,99.80086328945396,99.80086328945394,0.0,0.8991367105460546,0.8991367105460546,1.0,0.0,25.52,100.7
287,2016-01-03 23:45:00,18.64583649553571,18.64583649553571,0.0,97.90043164472695,97.90043164472696,0.0,0.4495683552730273,0.4495683552730273,1.0,0.0,25.15,98.35
