,PFC
0,-500.0
1,-500.0
2,-500.0
3,-500.0
4,-500.0
5,-500.0
6,-500.0
7,-500.0
8,-500.0
9,-500.0
10,-500.0
11,-500.0
12,-500.0
13,-500.0
14,-500.0
15,-500.0
16,-500.0
17,-500.0
18,-500.0
19,-500.0
20,-500.0
21,-500.0
22,-500.0
23,-500.0
24,-500.0
25,-500.0
26,-500.0
27,-500.0
28,-500.0
29,-500.0
30,-500.0
31,-500.0
32,-500.0
33,-500.0
34,-500.0
35,-500.0
36,-500.0
37,-500.0
38,-500.0
39,-500.0
40,-500.0
41,-500.0
42,-500.0
43,-500.0
44,-500.0
45,-500.0
46,-500.0
47,-500.0
48,-500.0
49,-500.0
50,-500.0
51,-500.0
52,-500.0
53,-500.0
54,-500.0
55,-500.0
56,-500.0
57,-500.0
58,-500.0
59,-500.0
60,-500.0
61,-500.0
62,-500.0
63,-500.0
64,-500.0
65,-500.0
66,-500.0
67,-500.0
68,-500.0
69,-500.0
70,-500.0
71,-500.0
72,-500.0
73,-500.0
74,-500.0
75,-500.0
76,-500.0
77,-500.0
78,-500.0
79,-500.0
80,-500.0
81,-500.0
82,-500.0
83,-500.0
84,-500.0
85,-500.0
86,-500.0
87,-500.0
88,-500.0
89,-500.0
90,-500.0
91,-500.0
92,-500.0
93,-500.0
94,-500.0
95,-500.0
96,-500.0
97,-500.0
98,-500.0
99,-500.0
100,-500.0
101,-500.0
102,-500.0
103,-500.0
104,-500.0
105,-500.0
106,-500.0
107,-500.0
108,-500.0
109,-500.0
110,-500.0
111,-500.0
112,-500.0
113,-500.0
114,-500.0
115,-500.0
116,-500.0
117,-500.0
118,-500.0
119,-500.0
120,-500.0
121,-500.0
122,-500.0
123,-500.0
124,-500.0
125,-500.0
126,-500.0
127,-500.0
128,-500.0
129,-500.0
130,-500.0
131,-500.0
132,-500.0
133,-500.0
134,-500.0
135,-500.0
136,-500.0
137,-500.0
138,-500.0
139,-500.0
140,-500.0
141,-500.0
142,-500.0
143,-500.0
144,-500.0
145,-500.0
146,-500.0
147,-500.0
148,-500.0
149,-500.0
150,-500.0
151,-500.0
152,-500.0
153,-500.0
154,-500.0
155,-500.0
156,-500.0
157,-500.0
158,-500.0
159,-500.0
160,87.18
161,89.05
162,89.62
163,89.62
164,90.2
165,90.49
166,91.1
167,91.66
168,91.66
169,91.99
170,91.99
171,92.06
172,92.06
173,92.06
174,92.06
175,92.19
176,92.19
177,92.19
178,92.06
179,92.06
180,92.06
181,92.19
182,92.06
183,92.06
184,92.06
185,92.19
186,92.06
187,92.19
188,92.06
189,92.06
190,92.06
191,91.99
192,91.66
193,91.66
194,91.66
195,91.1
196,91.1
197,91.1
198,90.49
199,90.89
200,91.1
201,91.1
202,91.1
203,91.1
204,91.1
205,90.49
206,90.49
207,90.49
208,90.49
209,90.49
210,90.2
211,90.2
212,90.49
213,90.49
214,90.49
215,91.1
216,91.1
217,91.66
218,91.99
219,92.19
220,92.64
221,92.64
222,92.76
223,93.55
224,95.81
225,95.81
226,95.81
227,95.16
228,93.55
229,93.55
230,92.76
231,92.76
232,92.64
233,92.19
234,92.19
235,92.19
236,92.64
237,92.64
238,92.76
239,92.86
240,93.55
241,95.16
242,98.55
243,98.55
244,100.16
245,100.91
246,101.27
247,102.6
248,107.03
249,112.47
250,128.69
251,142.74
252,154.27
253,172.15
254,396.64
255,419.5
256,420.85
257,420.85
258,0.0
259,1000.0
260,1000.0
261,1000.0
262,1000.0
263,1000.0
264,0.0
265,433.39
266,419.5
267,419.5
268,396.64
269,177.74
270,172.15
271,172.15
272,171.07
273,147.68
274,146.9
275,142.74
276,144.6
277,146.9
278,146.9
279,146.9
280,147.68
281,146.9
282,146.9
283,144.6
284,141.65
285,130.69
286,128.69
287,128.69
288,112.71
289,112.47
290,108.46
291,102.6
292,100.91
293,100.88
294,98.55
295,97.16
296,93.55
297,92.76
298,92.76
299,92.19
300,92.06
301,91.99
302,91.66
303,91.1
304,90.89
305,91.1
306,91.1
307,90.89
308,90.49
309,90.49
310,90.49
311,90.49
312,90.49
313,91.1
314,91.1
315,91.1
316,91.1
317,91.66
318,91.1
319,91.1
320,91.66
321,91.66
322,91.66
323,91.66
324,91.1
325,91.1
326,90.89
327,90.49
328,89.62
329,89.53
330,89.47
331,87.38
332,87.18
333,-500.0
334,-500.0
335,-500.0
336,-500.0
337,-500.0
338,-500.0
339,-500.0
340,-500.0
341,-500.0
342,-500.0
343,-500.0
344,-500.0
345,-500.0
346,-500.0
347,-500.0
348,-500.0
349,-500.0
350,-500.0
351,-500.0
352,-500.0
353,87.18
354,87.18
355,87.18
356,87.18
357,87.38
358,87.38
359,87.38
360,87.38
361,87.18
362,87.18
363,87.18
364,-500.0
365,-500.0
366,-500.0
367,-500.0
368,-500.0
369,-500.0
370,-500.0
371,-500.0
372,-500.0
373,-500.0
374,-500.0
375,-500.0
376,-500.0
377,-500.0
378,-500.0
379,-500.0
380,-500.0
381,-500.0
382,-500.0
383,-500.0
384,-500.0
385,-500.0
386,-500.0
387,-500.0
388,-500.0
389,-500.0
390,-500.0
391,-500.0
392,-500.0
393,-500.0
394,-500.0
395,-500.0
396,-500.0
397,-500.0
398,-500.0
399,-500.0
400,-500.0
401,-500.0
402,-500.0
403,-500.0
404,-500.0
405,-500.0
406,-500.0
407,-500.0
408,-500.0
409,-500.0
410,-500.0
411,-500.0
412,-500.0
413,-500.0
414,-500.0
415,-500.0
416,-500.0
417,-500.0
418,-500.0
419,-500.0
420,-500.0
421,-500.0
422,-500.0
423,-500.0
424,-500.0
425,-500.0
426,-500.0
427,-500.0
428,-500.0
429,-500.0
430,-500.0
431,-500.0
432,-500.0
433,-500.0
434,-500.0
435,-500.0
436,-500.0
437,-500.0
438,-500.0
439,-500.0
440,-500.0
441,-500.0
442,-500.0
443,-500.0
444,87.18
445,87.38
446,87.38
447,89.05
448,89.53
449,89.53
450,89.62
451,90.2
452,90.89
453,90.89
454,91.1
455,91.1
456,91.1
457,91.1
458,90.89
459,90.49
460,91.1
461,91.1
462,91.1
463,90.89
464,90.49
465,89.62
466,89.53
467,89.53
468,89.53
469,89.53
470,89.53
471,89.53
472,90.2
473,90.2
474,90.2
475,90.2
476,89.53
477,89.53
478,89.53
479,89.53
480,89.53
481,89.47
482,89.47
483,89.47
484,89.05
485,89.47
486,89.53
487,89.53
488,89.53
489,89.62
490,89.62
491,89.62
492,90.2
493,90.2
494,90.2
495,90.2
496,90.49
497,90.49
498,90.49
499,91.1
500,90.89
501,91.1
502,91.1
503,91.1
504,91.66
505,91.66
506,91.99
507,92.06
508,92.19
509,92.76
510,92.76
511,93.55
512,94.54
513,95.81
514,97.15
515,98.55
516,100.16
517,100.88
518,100.91
519,100.88
520,100.34
521,98.55
522,100.16
523,100.88
524,100.88
525,100.91
526,100.88
527,100.91
528,101.27
529,100.91
530,100.88
531,100.88
532,100.16
533,98.55
534,100.34
535,100.88
536,100.91
537,101.83
538,102.6
539,104.14
540,104.14
541,104.94
542,108.46
543,110.43
544,110.43
545,110.43
546,110.43
547,110.43
548,112.47
549,112.47
550,112.47
551,110.43
552,111.29
553,110.43
554,108.46
555,105.14
556,104.94
557,102.6
558,101.83
559,101.83
560,102.6
561,102.6
562,101.83
563,101.83
564,101.83
565,101.27
566,100.91
567,100.88
568,100.88
569,100.88
570,98.55
571,98.55
572,98.55
573,97.16
574,96.82
575,93.55
576,93.55
577,92.76
578,92.76
579,92.64
580,92.64
581,92.64
582,92.19
583,92.19
584,92.19
585,92.19
586,92.06
587,92.06
588,92.19
589,92.64
590,92.19
591,92.19
592,92.76
593,92.76
594,92.76
595,92.76
596,93.55
597,93.55
598,97.15
599,98.55
600,102.21
601,110.43
602,115.26
603,142.74
604,171.07
605,369.82
606,433.39
607,1000.0
608,1000.0
609,1000.0
610,1000.0
611,1000.0
612,1000.0
613,1000.0
614,1000.0
615,1000.0
616,1000.0
617,433.39
618,419.5
619,172.15
620,148.08
621,146.9
622,128.69
623,112.47
624,106.77
625,102.6
626,101.27
627,100.91
628,100.16
629,98.55
630,98.55
631,98.55
632,98.55
633,98.55
634,98.55
635,98.55
636,98.55
637,97.16
638,97.16
639,97.15
640,95.81
641,93.55
642,92.76
643,92.76
644,92.76
645,92.19
646,92.06
647,91.99
648,91.1
649,90.49
650,89.62
651,89.47
652,87.18
653,-500.0
654,-500.0
655,-500.0
656,-500.0
657,-500.0
658,-500.0
659,-500.0
660,-500.0
661,-500.0
662,-500.0
663,-500.0
664,-500.0
665,-500.0
666,-500.0
667,-500.0
668,-500.0
669,-500.0
670,-500.0
671,-500.0
672,-500.0
673,-500.0
674,-500.0
675,-500.0
676,-500.0
677,-500.0
678,-500.0
679,-500.0
680,-500.0
681,-500.0
682,-500.0
683,-500.0
684,-500.0
685,-500.0
686,-500.0
687,-500.0
688,-500.0
689,-500.0
690,-500.0
691,-500.0
692,-500.0
693,-500.0
694,-500.0
695,-500.0
696,-500.0
697,-500.0
698,-500.0
699,-500.0
700,-500.0
701,-500.0
702,-500.0
703,-500.0
704,-500.0
705,-500.0
706,-500.0
707,-500.0
708,-500.0
709,-500.0
710,-500.0
711,-500.0
712,-500.0
713,-500.0
714,-500.0
715,-500.0
716,-500.0
717,-500.0
718,-500.0
719,-500.0
720,-500.0
721,-500.0
722,-500.0
723,-500.0
724,-500.0
725,-500.0
726,-500.0
727,-500.0
728,-500.0
729,-500.0
730,-500.0
731,-500.0
732,-500.0
733,-500.0
734,-500.0
735,-500.0
736,-500.0
737,-500.0
738,-500.0
739,-500.0
740,-500.0
741,-500.0
742,-500.0
743,-500.0
744,-500.0
745,-500.0
746,-500.0
747,-500.0
748,-500.0
749,-500.0
750,-500.0
751,-500.0
752,-500.0
753,-500.0
754,-500.0
755,-500.0
756,-500.0
757,-500.0
758,-500.0
759,-500.0
760,-500.0
761,-500.0
762,-500.0
763,-500.0
764,-500.0
765,-500.0
766,-500.0
767,-500.0
768,-500.0
769,-500.0
770,-500.0
771,-500.0
772,-500.0
773,-500.0
774,-500.0
775,-500.0
776,-500.0
777,-500.0
778,-500.0
779,-500.0
780,-500.0
781,-500.0
782,-500.0
783,-500.0
784,-500.0
785,-500.0
786,-500.0
787,-500.0
788,-500.0
789,-500.0
790,-500.0
791,-500.0
792,-500.0
793,-500.0
794,-500.0
795,-500.0
796,-500.0
797,-500.0
798,-500.0
799,-500.0
800,-500.0
801,-500.0
802,-500.0
803,-500.0
804,-500.0
805,-500.0
806,-500.0
807,-500.0
808,-500.0
809,-500.0
810,-500.0
811,-500.0
812,-500.0
813,-500.0
814,-500.0
815,-500.0
816,-500.0
817,-500.0
818,-500.0
819,-500.0
820,-500.0
821,-500.0
822,-500.0
823,-500.0
824,-500.0
825,-500.0
826,-500.0
827,-500.0
828,-500.0
829,-500.0
830,-500.0
831,-500.0
832,-500.0
833,-500.0
834,-500.0
835,-500.0
836,-500.0
837,-500.0
838,-500.0
839,-500.0
840,-500.0
841,-500.0
842,-500.0
843,-500.0
844,-500.0
845,-500.0
846,-500.0
847,-500.0
848,-500.0
849,-500.0
850,-500.0
851,-500.0
852,-500.0
853,-500.0
854,87.18
855,87.38
856,89.53
857,89.53
858,89.53
859,89.53
860,89.53
861,89.62
862,90.2
863,90.49
864,90.49
865,91.1
866,91.1
867,91.66
868,91.66
869,91.66
870,91.66
871,91.99
872,92.06
873,92.19
874,92.76
875,92.76
876,93.55
877,95.81
878,96.82
879,97.16
880,98.55
881,98.55
882,100.88
883,101.27
884,102.6
885,108.46
886,112.47
887,128.69
888,146.9
889,172.15
890,419.5
891,1000.0
892,1000.0
893,1000.0
894,1000.0
895,1000.0
896,1000.0
897,1000.0
898,1000.0
899,1000.0
900,1000.0
901,1000.0
902,1000.0
903,1000.0
904,1000.0
905,1000.0
906,1000.0
907,1000.0
908,1000.0
909,1000.0
910,1000.0
911,1000.0
912,1000.0
913,1000.0
914,1000.0
915,1000.0
916,1000.0
917,1000.0
918,1000.0
919,1000.0
920,1000.0
921,1000.0
922,1000.0
923,1000.0
924,1000.0
925,1000.0
926,1000.0
927,1000.0
928,1000.0
929,1000.0
930,1000.0
931,1000.0
932,1000.0
933,1000.0
934,1000.0
935,1000.0
936,1000.0
937,1000.0
938,1000.0
939,1000.0
940,1000.0
941,1000.0
942,1000.0
943,1000.0
944,1000.0
945,1000.0
946,1000.0
947,1000.0
948,1000.0
949,1000.0
950,1000.0
951,1000.0
952,1000.0
953,1000.0
954,433.39
955,419.5
956,177.74
957,160.94
958,146.9
959,142.74
960,135.11
961,131.82
962,123.99
963,112.47
964,110.43
965,107.03
966,104.14
967,100.91
968,98.55
969,98.55
970,97.16
971,95.81
972,92.86
973,92.76
974,92.19
975,92.19
976,92.19
977,92.19
978,92.19
979,92.06
980,92.06
981,92.06
982,92.06
983,92.19
984,92.76
985,92.86
986,95.81
987,97.16
988,98.55
989,98.55
990,100.16
991,100.88
992,100.91
993,100.88
994,100.88
995,100.88
996,98.55
997,98.55
998,98.55
999,97.16
1000,95.81
1001,93.55
1002,93.55
1003,92.76
1004,92.76
1005,92.76
1006,92.64
1007,92.06
1008,91.99
1009,91.66
1010,91.1
1011,91.1
1012,90.89
1013,90.49
1014,89.62
1015,89.53
1016,89.53
1017,89.53
1018,89.47
1019,89.05
1020,89.05
1021,87.38
1022,87.38
1023,89.05
1024,89.47
1025,89.53
1026,89.53
1027,89.53
1028,89.62
1029,89.62
1030,89.53
1031,89.53
1032,89.53
1033,89.47
1034,89.47
1035,89.53
1036,89.53
1037,89.53
1038,89.53
1039,89.47
1040,89.05
1041,87.38
1042,87.18
1043,87.18
1044,-500.0
1045,-500.0
1046,-500.0
1047,-500.0
1048,-500.0
1049,-500.0
1050,-500.0
1051,-500.0
1052,-500.0
1053,-500.0
1054,-500.0
1055,-500.0
1056,-500.0
1057,-500.0
1058,-500.0
1059,-500.0
1060,-500.0
1061,-500.0
1062,-500.0
1063,-500.0
1064,-500.0
1065,-500.0
1066,-500.0
1067,-500.0
1068,-500.0
1069,-500.0
1070,-500.0
1071,-500.0
1072,-500.0
1073,-500.0
1074,-500.0
1075,-500.0
1076,-500.0
1077,-500.0
1078,-500.0
1079,-500.0
1080,-500.0
1081,-500.0
1082,-500.0
1083,-500.0
1084,-500.0
1085,-500.0
1086,-500.0
1087,-500.0
1088,-500.0
1089,-500.0
1090,-500.0
1091,-500.0
1092,-500.0
1093,-500.0
1094,-500.0
1095,-500.0
1096,-500.0
1097,-500.0
1098,-500.0
1099,-500.0
1100,-500.0
1101,-500.0
1102,-500.0
1103,-500.0
1104,-500.0
1105,-500.0
1106,-500.0
1107,-500.0
1108,-500.0
1109,-500.0
1110,-500.0
1111,-500.0
1112,-500.0
1113,-500.0
1114,-500.0
1115,-500.0
1116,-500.0
1117,-500.0
1118,-500.0
1119,-500.0
1120,-500.0
1121,-500.0
1122,-500.0
1123,-500.0
1124,-500.0
1125,-500.0
1126,-500.0
1127,-500.0
1128,-500.0
1129,-500.0
1130,-500.0
1131,-500.0
1132,-500.0
1133,-500.0
1134,-500.0
1135,-500.0
1136,-500.0
1137,-500.0
1138,-500.0
1139,-500.0
1140,-500.0
1141,-500.0
1142,-500.0
1143,-500.0
1144,-500.0
1145,-500.0
1146,-500.0
1147,-500.0
1148,-500.0
1149,-500.0
1150,-500.0
1151,-500.0
1152,-500.0
1153,-500.0
1154,-500.0
1155,-500.0
1156,-500.0
1157,-500.0
1158,-500.0
1159,-500.0
1160,-500.0
1161,-500.0
1162,-500.0
1163,-500.0
1164,-500.0
1165,-500.0
1166,-500.0
1167,-500.0
1168,-500.0
1169,-500.0
1170,-500.0
1171,-500.0
1172,-500.0
1173,-500.0
1174,-500.0
1175,-500.0
1176,-500.0
1177,-500.0
1178,-500.0
1179,-500.0
1180,-500.0
1181,-500.0
1182,-500.0
1183,-500.0
1184,-500.0
1185,-500.0
1186,-500.0
1187,-500.0
1188,-500.0
1189,-500.0
1190,-500.0
1191,-500.0
1192,-500.0
1193,-500.0
1194,-500.0
1195,-500.0
1196,-500.0
1197,-500.0
1198,-500.0
1199,-500.0
1200,-500.0
1201,-500.0
1202,-500.0
1203,-500.0
1204,-500.0
1205,-500.0
1206,-500.0
1207,-500.0
1208,-500.0
1209,-500.0
1210,-500.0
1211,-500.0
1212,-500.0
1213,-500.0
1214,-500.0
1215,-500.0
1216,-500.0
1217,-500.0
1218,-500.0
1219,-500.0
1220,-500.0
1221,-500.0
1222,-500.0
1223,-500.0
1224,-500.0
1225,-500.0
1226,-500.0
1227,-500.0
1228,-500.0
1229,-500.0
1230,-500.0
1231,-500.0
1232,-500.0
1233,-500.0
1234,-500.0
1235,-500.0
1236,-500.0
1237,-500.0
1238,-500.0
1239,-500.0
1240,-500.0
1241,-500.0
1242,-500.0
1243,-500.0
1244,-500.0
1245,-500.0
1246,-500.0
1247,-500.0
1248,-500.0
1249,-500.0
1250,-500.0
1251,-500.0
1252,-500.0
1253,-500.0
1254,-500.0
1255,-500.0
1256,-500.0
1257,-500.0
1258,-500.0
1259,-500.0
1260,-500.0
1261,-500.0
1262,-500.0
1263,-500.0
1264,-500.0
1265,-500.0
1266,-500.0
1267,-500.0
1268,-500.0
1269,-500.0
1270,-500.0
1271,-500.0
1272,-500.0
1273,-500.0
1274,-500.0
1275,-500.0
1276,-500.0
1277,-500.0
1278,-500.0
1279,-500.0
1280,-500.0
1281,-500.0
1282,-500.0
1283,-500.0
1284,-500.0
1285,-500.0
1286,-500.0
1287,-500.0
1288,-500.0
1289,-500.0
1290,-500.0
1291,-500.0
1292,-500.0
1293,-500.0
1294,-500.0
1295,-500.0
1296,-500.0
1297,-500.0
1298,-500.0
1299,-500.0
1300,-500.0
1301,-500.0
1302,-500.0
1303,-500.0
1304,-500.0
1305,-500.0
1306,-500.0
1307,-500.0
1308,-500.0
1309,-500.0
1310,-500.0
1311,-500.0
1312,-500.0
1313,-500.0
1314,-500.0
1315,-500.0
1316,-500.0
1317,-500.0
1318,-500.0
1319,-500.0
1320,-500.0
1321,-500.0
1322,-500.0
1323,-500.0
1324,-500.0
1325,-500.0
1326,-500.0
1327,-500.0
1328,-500.0
1329,-500.0
1330,-500.0
1331,-500.0
1332,-500.0
1333,-500.0
1334,-500.0
1335,-500.0
1336,-500.0
1337,-500.0
1338,-500.0
1339,-500.0
1340,-500.0
1341,-500.0
1342,-500.0
1343,-500.0
1344,-500.0
1345,-500.0
1346,-500.0
1347,-500.0
1348,-500.0
1349,-500.0
1350,-500.0
1351,-500.0
1352,-500.0
1353,-500.0
1354,-500.0
1355,-500.0
1356,-500.0
1357,-500.0
1358,-500.0
1359,-500.0
1360,-500.0
1361,-500.0
1362,-500.0
1363,-500.0
1364,-500.0
1365,-500.0
1366,-500.0
1367,-500.0
1368,-500.0
1369,-500.0
1370,-500.0
1371,-500.0
1372,-500.0
1373,-500.0
1374,-500.0
1375,-500.0
1376,-500.0
1377,-500.0
1378,-500.0
1379,-500.0
1380,-500.0
1381,-500.0
1382,-500.0
1383,-500.0
1384,-500.0
1385,-500.0
1386,-500.0
1387,-500.0
1388,-500.0
1389,-500.0
1390,-500.0
1391,-500.0
1392,-500.0
1393,-500.0
1394,-500.0
1395,-500.0
1396,-500.0
1397,-500.0
1398,-500.0
1399,-500.0
1400,-500.0
1401,-500.0
1402,-500.0
1403,-500.0
1404,-500.0
1405,-500.0
1406,-500.0
1407,-500.0
1408,-500.0
1409,-500.0
1410,-500.0
1411,-500.0
1412,-500.0
1413,-500.0
1414,-500.0
1415,-500.0
1416,-500.0
1417,-500.0
1418,-500.0
1419,-500.0
1420,-500.0
1421,-500.0
1422,-500.0
1423,-500.0
1424,-500.0
1425,-500.0
1426,-500.0
1427,-500.0
1428,-500.0
1429,-500.0
1430,-500.0
1431,-500.0
1432,-500.0
1433,-500.0
1434,-500.0
1435,-500.0
1436,-500.0
1437,-500.0
1438,-500.0
1439,-500.0
1440,-500.0
1441,-500.0
1442,-500.0
1443,-500.0
1444,-500.0
1445,-500.0
1446,-500.0
1447,-500.0
1448,-500.0
1449,-500.0
1450,-500.0
1451,-500.0
1452,-500.0
1453,-500.0
1454,-500.0
1455,-500.0
1456,-500.0
1457,-500.0
1458,-500.0
1459,-500.0
1460,-500.0
1461,-500.0
1462,-500.0
1463,-500.0
1464,-500.0
1465,-500.0
1466,-500.0
1467,-500.0
1468,87.18
1469,87.38
1470,89.47
1471,89.53
1472,89.53
1473,89.53
1474,89.47
1475,87.18
1476,-500.0
1477,-500.0
1478,-500.0
1479,-500.0
1480,-500.0
1481,-500.0
1482,-500.0
1483,-500.0
1484,-500.0
1485,-500.0
1486,-500.0
1487,-500.0
1488,-500.0
1489,-500.0
1490,-500.0
1491,-500.0
1492,-500.0
1493,-500.0
1494,-500.0
1495,-500.0
1496,-500.0
1497,-500.0
1498,-500.0
1499,-500.0
1500,-500.0
1501,-500.0
1502,-500.0
1503,-500.0
1504,-500.0
1505,87.18
1506,87.38
1507,89.05
1508,89.53
1509,89.53
1510,89.53
1511,89.53
1512,89.05
1513,87.38
1514,87.18
1515,87.18
1516,-500.0
1517,-500.0
1518,-500.0
1519,-500.0
1520,-500.0
1521,-500.0
1522,-500.0
1523,-500.0
1524,-500.0
1525,-500.0
1526,-500.0
1527,-500.0
1528,-500.0
1529,-500.0
1530,-500.0
1531,-500.0
1532,-500.0
1533,-500.0
1534,-500.0
1535,-500.0
1536,-500.0
1537,-500.0
1538,-500.0
1539,-500.0
1540,-500.0
1541,-500.0
1542,-500.0
1543,-500.0
1544,-500.0
1545,-500.0
1546,-500.0
1547,-500.0
1548,-500.0
1549,-500.0
1550,-500.0
1551,-500.0
1552,-500.0
1553,-500.0
1554,-500.0
1555,-500.0
1556,-500.0
1557,-500.0
1558,-500.0
1559,-500.0
1560,-500.0
1561,-500.0
1562,-500.0
1563,-500.0
1564,-500.0
1565,-500.0
1566,-500.0
1567,-500.0
1568,-500.0
1569,-500.0
1570,-500.0
1571,-500.0
1572,-500.0
1573,-500.0
1574,-500.0
1575,-500.0
1576,-500.0
1577,-500.0
1578,-500.0
1579,-500.0
1580,-500.0
1581,-500.0
1582,-500.0
1583,-500.0
1584,-500.0
1585,-500.0
1586,-500.0
1587,-500.0
1588,-500.0
1589,-500.0
1590,-500.0
1591,-500.0
1592,-500.0
1593,-500.0
1594,-500.0
1595,-500.0
1596,-500.0
1597,-500.0
1598,-500.0
1599,-500.0
1600,87.38
1601,87.18
1602,87.18
1603,-500.0
1604,87.18
1605,87.18
1606,-500.0
1607,-500.0
1608,87.18
1609,87.18
1610,-500.0
1611,-500.0
1612,-500.0
1613,-500.0
1614,-500.0
1615,-500.0
1616,-500.0
1617,-500.0
1618,-500.0
1619,-500.0
1620,-500.0
1621,-500.0
1622,-500.0
1623,-500.0
1624,-500.0
1625,-500.0
1626,-500.0
1627,-500.0
1628,-500.0
1629,-500.0
1630,-500.0
1631,-500.0
1632,-500.0
1633,-500.0
1634,-500.0
1635,-500.0
1636,-500.0
1637,-500.0
1638,-500.0
1639,87.18
1640,87.38
1641,89.53
1642,89.62
1643,90.2
1644,90.49
1645,91.1
1646,91.66
1647,91.66
1648,91.99
1649,92.19
1650,92.76
1651,93.55
1652,97.16
1653,98.55
1654,98.55
1655,98.55
1656,102.6
1657,110.43
1658,112.47
1659,115.26
1660,128.69
1661,146.9
1662,154.46
1663,172.15
1664,419.5
1665,419.5
1666,172.15
1667,171.07
1668,154.27
1669,146.9
1670,135.11
1671,115.26
1672,115.08
1673,110.43
1674,102.21
1675,100.88
1676,98.55
1677,93.55
1678,92.19
1679,92.19
1680,91.99
1681,91.66
1682,91.66
1683,91.1
1684,91.1
1685,91.1
1686,91.66
1687,91.66
1688,92.06
1689,93.55
1690,98.55
1691,101.27
1692,110.43
1693,141.65
1694,172.15
1695,1000.0
1696,1000.0
1697,1000.0
1698,1000.0
1699,1000.0
1700,1000.0
1701,1000.0
1702,1000.0
1703,1000.0
1704,1000.0
1705,1000.0
1706,1000.0
1707,1000.0
1708,1000.0
1709,1000.0
1710,1000.0
1711,1000.0
1712,1000.0
1713,1000.0
1714,1000.0
1715,1000.0
1716,433.39
1717,433.39
1718,420.85
1719,419.5
1720,419.5
1721,419.5
1722,396.64
1723,369.82
1724,172.15
1725,172.15
1726,171.07
1727,160.94
1728,148.08
1729,146.9
1730,146.9
1731,146.9
1732,141.65
1733,141.65
1734,141.65
1735,141.65
1736,141.65
1737,141.65
1738,142.74
1739,141.65
1740,146.9
1741,144.6
1742,142.74
1743,135.11
1744,141.65
1745,141.65
1746,138.57
1747,138.57
1748,141.65
1749,135.11
1750,131.82
1751,130.69
1752,131.82
1753,133.82
1754,131.82
1755,135.11
1756,142.74
1757,142.74
1758,146.9
1759,146.9
1760,147.68
1761,148.08
1762,144.6
1763,117.56
1764,110.43
1765,101.83
1766,98.55
1767,93.55
1768,92.06
1769,91.1
1770,90.2
1771,87.38
1772,-500.0
1773,-500.0
1774,-500.0
1775,-500.0
1776,-500.0
1777,-500.0
1778,-500.0
1779,-500.0
1780,-500.0
1781,-500.0
1782,-500.0
1783,87.18
1784,89.53
1785,90.49
1786,91.66
1787,92.76
1788,98.55
1789,102.6
1790,115.08
1791,146.9
1792,172.15
1793,420.85
1794,1000.0
1795,1000.0
1796,1000.0
1797,1000.0
1798,1000.0
1799,1000.0
1800,1000.0
1801,1000.0
1802,1000.0
1803,420.85
1804,419.5
1805,367.75
1806,172.15
1807,171.07
1808,148.08
1809,146.9
1810,141.65
1811,133.82
1812,130.69
1813,130.69
1814,128.69
1815,128.69
1816,135.11
1817,131.82
1818,128.69
1819,130.69
1820,128.69
1821,130.69
1822,128.69
1823,128.69
1824,117.56
1825,128.69
1826,128.69
1827,130.69
1828,128.69
1829,131.82
1830,135.11
1831,135.11
1832,140.57
1833,141.65
1834,142.74
1835,144.6
1836,146.9
1837,146.9
1838,146.9
1839,147.68
1840,148.08
1841,148.08
1842,154.46
1843,171.07
1844,171.07
1845,171.07
1846,171.07
1847,172.15
1848,171.07
1849,172.15
1850,172.15
1851,172.15
1852,177.74
1853,396.64
1854,419.5
1855,419.5
1856,433.39
1857,433.39
1858,419.5
1859,172.15
1860,148.08
1861,135.11
1862,110.43
1863,102.6
1864,98.55
1865,96.27
1866,92.76
1867,92.06
1868,91.66
1869,91.66
1870,91.1
1871,90.89
1872,90.49
1873,90.2
1874,90.2
1875,90.49
1876,90.49
1877,91.1
1878,91.1
1879,91.66
1880,92.06
1881,93.55
1882,98.55
1883,101.27
1884,110.43
1885,135.11
1886,172.15
1887,420.85
1888,1000.0
1889,1000.0
1890,1000.0
1891,1000.0
1892,1000.0
1893,1000.0
1894,1000.0
1895,1000.0
1896,1000.0
1897,1000.0
1898,1000.0
1899,1000.0
1900,1000.0
1901,1000.0
1902,1000.0
1903,1000.0
1904,1000.0
1905,1000.0
1906,1000.0
1907,1000.0
1908,1000.0
1909,1000.0
1910,1000.0
1911,1000.0
1912,1000.0
1913,1000.0
1914,1000.0
1915,1000.0
1916,1000.0
1917,1000.0
1918,433.39
1919,419.5
1920,419.5
1921,381.64
1922,177.74
1923,172.15
1924,158.71
1925,148.08
1926,146.9
1927,142.74
1928,141.65
1929,135.11
1930,128.69
1931,128.69
1932,115.26
1933,115.26
1934,115.26
1935,115.08
1936,115.26
1937,120.15
1938,123.99
1939,128.69
1940,138.57
1941,144.9
1942,146.9
1943,171.07
1944,419.5
1945,1000.0
1946,1000.0
1947,1000.0
1948,1000.0
1949,1000.0
1950,1000.0
1951,1000.0
1952,1000.0
1953,1000.0
1954,1000.0
1955,1000.0
1956,1000.0
1957,1000.0
1958,1000.0
1959,369.82
1960,146.9
1961,115.26
1962,106.77
1963,101.27
1964,98.55
1965,95.81
1966,92.76
1967,92.76
1968,92.19
1969,91.99
1970,91.99
1971,91.99
1972,91.99
1973,92.06
1974,92.19
1975,92.76
1976,96.82
1977,98.55
1978,101.27
1979,110.43
1980,138.57
1981,172.15
1982,433.39
1983,1000.0
1984,1000.0
1985,1000.0
1986,1000.0
1987,1000.0
1988,1000.0
1989,1000.0
1990,1000.0
1991,1000.0
1992,1000.0
1993,1000.0
1994,1000.0
1995,1000.0
1996,1000.0
1997,1000.0
1998,1000.0
1999,1000.0
2000,1000.0
2001,1000.0
2002,1000.0
2003,1000.0
2004,1000.0
2005,1000.0
2006,1000.0
2007,1000.0
2008,1000.0
2009,1000.0
2010,1000.0
2011,1000.0
2012,1000.0
2013,1000.0
2014,1000.0
2015,1000.0
2016,419.5
2017,419.5
2018,367.75
2019,172.15
2020,148.08
2021,146.9
2022,146.9
2023,138.57
2024,128.69
2025,115.08
2026,112.47
2027,110.43
2028,110.43
2029,105.14
2030,102.85
2031,102.6
2032,102.6
2033,102.6
2034,102.21
2035,102.6
2036,102.6
2037,102.6
2038,104.14
2039,110.43
2040,115.26
2041,135.11
2042,146.9
2043,148.08
2044,172.15
2045,172.15
2046,172.15
2047,172.15
2048,172.15
2049,172.15
2050,155.14
2051,144.9
2052,123.99
2053,111.29
2054,102.85
2055,100.91
2056,98.55
2057,96.27
2058,92.76
2059,92.19
2060,91.99
2061,91.66
2062,91.1
2063,91.1
2064,90.49
2065,90.2
2066,90.2
2067,90.49
2068,90.49
2069,90.49
2070,90.49
2071,91.1
2072,91.66
2073,92.06
2074,92.76
2075,93.55
2076,98.55
2077,100.88
2078,101.83
2079,104.14
2080,108.25
2081,112.47
2082,112.47
2083,112.47
2084,115.08
2085,115.26
2086,115.26
2087,115.08
2088,112.47
2089,110.43
2090,110.43
2091,110.43
2092,107.03
2093,107.03
2094,106.77
2095,105.14
2096,104.14
2097,104.14
2098,104.14
2099,104.14
2100,104.14
2101,104.14
2102,102.6
2103,102.6
2104,104.94
2105,106.77
2106,104.94
2107,102.85
2108,102.6
2109,102.6
2110,102.85
2111,104.14
2112,102.6
2113,102.85
2114,104.14
2115,102.6
2116,102.6
2117,102.6
2118,102.6
2119,102.6
2120,102.6
2121,102.6
2122,104.14
2123,106.77
2124,108.46
2125,108.46
2126,110.43
2127,110.43
2128,112.47
2129,115.26
2130,128.69
2131,135.11
2132,146.9
2133,147.68
2134,160.94
2135,172.15
2136,420.85
2137,1000.0
2138,1000.0
2139,1000.0
2140,1000.0
2141,1000.0
2142,1000.0
2143,1000.0
2144,1000.0
2145,1000.0
2146,1000.0
2147,1000.0
2148,1000.0
2149,1000.0
2150,1000.0
2151,1000.0
2152,1000.0
2153,1000.0
2154,1000.0
2155,1000.0
2156,419.5
2157,419.5
2158,419.5
2159,381.64
2160,177.74
2161,175.74
2162,367.75
2163,419.5
2164,419.5
2165,433.39
2166,1000.0
2167,1000.0
2168,1000.0
2169,1000.0
2170,1000.0
2171,1000.0
2172,1000.0
2173,1000.0
2174,1000.0
2175,1000.0
2176,1000.0
2177,1000.0
2178,1000.0
2179,1000.0
2180,1000.0
2181,1000.0
2182,1000.0
2183,1000.0
2184,1000.0
2185,1000.0
2186,1000.0
2187,1000.0
2188,1000.0
2189,1000.0
2190,1000.0
2191,1000.0
2192,1000.0
2193,1000.0
2194,1000.0
2195,1000.0
2196,1000.0
2197,1000.0
2198,1000.0
2199,1000.0
2200,1000.0
2201,1000.0
2202,1000.0
2203,1000.0
2204,1000.0
2205,1000.0
2206,1000.0
2207,1000.0
2208,1000.0
2209,1000.0
2210,1000.0
2211,1000.0
2212,1000.0
2213,1000.0
2214,1000.0
2215,1000.0
2216,1000.0
2217,1000.0
2218,1000.0
2219,1000.0
2220,1000.0
2221,1000.0
2222,1000.0
2223,1000.0
2224,1000.0
2225,1000.0
2226,1000.0
2227,1000.0
2228,1000.0
2229,1000.0
2230,1000.0
2231,1000.0
2232,1000.0
2233,1000.0
2234,1000.0
2235,1000.0
2236,1000.0
2237,1000.0
2238,1000.0
2239,1000.0
2240,1000.0
2241,1000.0
2242,1000.0
2243,1000.0
2244,1000.0
2245,1000.0
2246,1000.0
2247,1000.0
2248,1000.0
2249,1000.0
2250,1000.0
2251,1000.0
2252,1000.0
2253,1000.0
2254,1000.0
2255,1000.0
2256,1000.0
2257,1000.0
2258,1000.0
2259,1000.0
2260,1000.0
2261,1000.0
2262,1000.0
2263,1000.0
2264,1000.0
2265,1000.0
2266,1000.0
2267,1000.0
2268,1000.0
2269,1000.0
2270,1000.0
2271,1000.0
2272,1000.0
2273,1000.0
2274,1000.0
2275,1000.0
2276,1000.0
2277,1000.0
2278,1000.0
2279,1000.0
2280,1000.0
2281,1000.0
2282,1000.0
2283,1000.0
2284,1000.0
2285,1000.0
2286,1000.0
2287,1000.0
2288,1000.0
2289,1000.0
2290,1000.0
2291,1000.0
2292,1000.0
2293,1000.0
2294,1000.0
2295,1000.0
2296,1000.0
2297,1000.0
2298,1000.0
2299,1000.0
2300,1000.0
2301,1000.0
2302,1000.0
2303,1000.0
2304,1000.0
2305,1000.0
2306,1000.0
2307,1000.0
2308,1000.0
2309,1000.0
2310,1000.0
2311,1000.0
2312,1000.0
2313,1000.0
2314,1000.0
2315,1000.0
2316,1000.0
2317,1000.0
2318,1000.0
2319,1000.0
2320,1000.0
2321,1000.0
2322,1000.0
2323,1000.0
2324,1000.0
2325,1000.0
2326,1000.0
2327,1000.0
2328,1000.0
2329,1000.0
2330,1000.0
2331,1000.0
2332,1000.0
2333,1000.0
2334,1000.0
2335,1000.0
2336,1000.0
2337,1000.0
2338,1000.0
2339,1000.0
2340,1000.0
2341,1000.0
2342,1000.0
2343,1000.0
2344,1000.0
2345,1000.0
2346,1000.0
2347,1000.0
2348,1000.0
2349,1000.0
2350,1000.0
2351,420.85
2352,419.5
2353,367.75
2354,172.15
2355,171.07
2356,148.08
2357,146.9
2358,146.9
2359,142.74
2360,141.65
2361,142.74
2362,142.74
2363,146.9
2364,148.08
2365,146.9
2366,146.9
2367,146.9
2368,142.74
2369,142.74
2370,146.9
2371,144.6
2372,146.9
2373,142.74
2374,135.11
2375,120.15
2376,115.08
2377,112.47
2378,110.43
2379,104.14
2380,102.85
2381,102.6
2382,101.83
2383,100.91
2384,98.55
2385,97.16
2386,96.82
2387,93.55
2388,93.55
2389,93.55
2390,92.76
2391,92.64
2392,92.76
2393,92.76
2394,92.19
2395,92.06
2396,91.99
2397,91.99
2398,91.99
2399,91.66
2400,91.1
2401,91.1
2402,90.89
2403,90.49
2404,90.2
2405,89.62
2406,89.53
2407,89.53
2408,89.53
2409,89.53
2410,89.53
2411,89.53
2412,89.47
2413,89.53
2414,89.53
2415,89.53
2416,89.62
2417,89.62
2418,90.2
2419,90.49
2420,91.1
2421,91.1
2422,91.1
2423,91.1
2424,91.1
2425,91.1
2426,91.1
2427,90.49
2428,91.1
2429,91.1
2430,91.66
2431,91.66
2432,92.06
2433,92.19
2434,92.64
2435,92.64
2436,92.76
2437,92.76
2438,92.76
2439,92.76
2440,92.76
2441,92.76
2442,92.64
2443,92.19
2444,92.06
2445,91.99
2446,91.66
2447,91.1
2448,91.1
2449,90.89
2450,90.49
2451,90.2
2452,89.53
2453,89.53
2454,89.53
2455,89.53
2456,89.53
2457,89.53
2458,89.53
2459,89.53
2460,89.53
2461,89.62
2462,90.2
2463,90.2
2464,90.2
2465,90.2
2466,89.62
2467,89.62
2468,90.49
2469,90.49
2470,90.49
2471,90.49
2472,90.2
2473,89.62
2474,89.53
2475,89.47
2476,87.38
2477,-500.0
2478,-500.0
2479,-500.0
2480,-500.0
2481,-500.0
2482,-500.0
2483,-500.0
2484,-500.0
2485,-500.0
2486,-500.0
2487,-500.0
2488,-500.0
2489,-500.0
2490,-500.0
2491,-500.0
2492,-500.0
2493,-500.0
2494,-500.0
2495,-500.0
2496,-500.0
2497,-500.0
2498,-500.0
2499,-500.0
2500,-500.0
2501,-500.0
2502,-500.0
2503,-500.0
2504,-500.0
2505,-500.0
2506,-500.0
2507,-500.0
2508,-500.0
2509,-500.0
2510,-500.0
2511,-500.0
2512,-500.0
2513,-500.0
2514,-500.0
2515,-500.0
2516,-500.0
2517,-500.0
2518,-500.0
2519,-500.0
2520,-500.0
2521,-500.0
2522,-500.0
2523,-500.0
2524,-500.0
2525,-500.0
2526,-500.0
2527,-500.0
2528,-500.0
2529,-500.0
2530,-500.0
2531,-500.0
2532,-500.0
2533,-500.0
2534,-500.0
2535,-500.0
2536,-500.0
2537,-500.0
2538,-500.0
2539,-500.0
2540,-500.0
2541,-500.0
2542,-500.0
2543,-500.0
2544,-500.0
2545,-500.0
2546,-500.0
2547,-500.0
2548,-500.0
2549,-500.0
2550,-500.0
2551,-500.0
2552,-500.0
2553,-500.0
2554,-500.0
2555,-500.0
2556,-500.0
2557,-500.0
2558,-500.0
2559,87.38
2560,89.47
2561,89.62
2562,90.49
2563,91.1
2564,91.66
2565,91.66
2566,91.66
2567,91.99
2568,91.66
2569,91.66
2570,91.66
2571,91.1
2572,91.1
2573,91.1
2574,91.1
2575,90.89
2576,90.89
2577,90.49
2578,90.2
2579,89.62
2580,89.62
2581,89.62
2582,89.62
2583,90.2
2584,90.49
2585,90.2
2586,89.62
2587,89.62
2588,89.53
2589,89.53
2590,89.53
2591,89.53
2592,89.53
2593,89.53
2594,89.53
2595,89.53
2596,89.53
2597,89.47
2598,89.05
2599,89.05
2600,89.05
2601,89.05
2602,89.47
2603,89.47
2604,89.47
2605,89.53
2606,89.53
2607,89.62
2608,90.2
2609,90.49
2610,91.1
2611,91.1
2612,91.66
2613,91.66
2614,91.99
2615,92.06
2616,92.19
2617,92.76
2618,96.27
2619,98.55
2620,100.88
2621,100.91
2622,101.27
2623,102.21
2624,102.6
2625,101.83
2626,100.16
2627,96.82
2628,93.55
2629,92.19
2630,91.99
2631,91.66
2632,91.1
2633,90.49
2634,90.49
2635,89.62
2636,89.53
2637,89.53
2638,87.38
2639,87.18
2640,-500.0
2641,-500.0
2642,-500.0
2643,-500.0
2644,-500.0
2645,-500.0
2646,87.38
2647,87.38
2648,89.05
2649,89.53
2650,89.53
2651,89.62
2652,90.49
2653,90.89
2654,91.1
2655,91.1
2656,91.1
2657,91.66
2658,91.66
2659,91.66
2660,92.06
2661,92.19
2662,92.76
2663,92.86
2664,92.76
2665,92.76
2666,94.54
2667,93.55
2668,93.55
2669,92.86
2670,92.19
2671,92.19
2672,92.06
2673,92.06
2674,92.19
2675,92.19
2676,92.06
2677,92.06
2678,92.06
2679,92.06
2680,92.19
2681,92.06
2682,91.99
2683,91.99
2684,91.66
2685,91.66
2686,90.89
2687,90.49
2688,90.49
2689,90.2
2690,90.49
2691,90.49
2692,90.2
2693,89.62
2694,89.53
2695,89.05
2696,89.53
2697,89.53
2698,89.53
2699,89.53
2700,89.53
2701,89.53
2702,89.53
2703,90.2
2704,90.49
2705,90.89
2706,90.49
2707,90.49
2708,91.1
2709,91.66
2710,92.06
2711,92.86
2712,96.82
2713,98.55
2714,101.83
2715,104.94
2716,111.29
2717,115.08
2718,128.69
2719,135.11
2720,141.65
2721,141.65
2722,135.11
2723,130.69
2724,115.26
2725,115.26
2726,112.47
2727,110.43
2728,104.14
2729,100.91
2730,98.55
2731,94.54
2732,92.76
2733,92.06
2734,91.66
2735,91.1
2736,91.1
2737,91.1
2738,91.1
2739,91.1
2740,90.89
2741,91.1
2742,91.1
2743,91.66
2744,91.99
2745,92.64
2746,93.55
2747,93.55
2748,98.55
2749,102.6
2750,112.47
2751,130.69
2752,146.9
2753,148.08
2754,172.15
2755,419.5
2756,419.5
2757,419.5
2758,419.5
2759,419.5
2760,367.75
2761,172.15
2762,172.15
2763,154.71
2764,142.74
2765,128.69
2766,112.47
2767,110.43
2768,106.77
2769,102.6
2770,102.21
2771,101.83
2772,101.27
2773,100.91
2774,100.88
2775,100.88
2776,100.88
2777,100.88
2778,98.55
2779,98.55
2780,96.82
2781,95.16
2782,93.55
2783,92.86
2784,92.86
2785,92.86
2786,92.76
2787,92.76
2788,92.76
2789,92.64
2790,92.64
2791,92.19
2792,92.06
2793,92.06
2794,92.06
2795,91.99
2796,91.99
2797,91.99
2798,91.99
2799,91.66
2800,91.66
2801,91.66
2802,91.66
2803,91.66
2804,91.99
2805,92.06
2806,92.06
2807,92.19
2808,92.76
2809,96.82
2810,97.16
2811,98.55
2812,100.16
2813,100.88
2814,100.16
2815,98.55
2816,100.34
2817,98.55
2818,97.16
2819,95.16
2820,92.76
2821,92.19
2822,92.06
2823,91.66
2824,91.66
2825,91.1
2826,90.49
2827,90.2
2828,89.47
2829,87.18
2830,-500.0
2831,-500.0
2832,-500.0
2833,-500.0
2834,-500.0
2835,-500.0
2836,-500.0
2837,-500.0
2838,-500.0
2839,-500.0
2840,87.18
2841,89.53
2842,89.62
2843,90.49
2844,91.1
2845,91.66
2846,91.99
2847,92.06
2848,92.64
2849,92.76
2850,93.55
2851,93.55
2852,93.55
2853,95.81
2854,95.81
2855,96.27
2856,95.81
2857,95.81
2858,96.27
2859,96.27
2860,95.81
2861,95.81
2862,95.16
2863,95.16
2864,93.55
2865,93.55
2866,95.81
2867,97.15
2868,97.15
2869,97.16
2870,97.16
2871,97.16
2872,98.55
2873,98.55
2874,98.55
2875,98.55
2876,98.55
2877,97.16
2878,97.16
2879,97.16
