,industry_demand,optimalBidamount,elecStandByCons,elecCons,comprCons,prodH2,elecToPlantUse_kg,elecToStorage_kg,storageToPlantUse_kg,currentSOC,price,all_isRunning,isIdle,isStandBy,isColdStarted
0,180.2,34.32,0.0,34.32,0.0,180.2,180.2,0.0,0.0,0.0,45.53,1.0,0.0,0.0,0.0
1,179.1,34.111,0.0,34.111,0.0,179.1,179.1,0.0,0.0,0.0,26.13,1.0,0.0,0.0,0.0
2,178.0,67.484,0.0,67.274,0.21,353.225,178.0,175.225,0.0,175.225,24.97,1.0,0.0,0.0,0.0
3,176.8,0.0,0.3,0.3,0.0,1.575,1.575,0.0,175.225,0.0,27.13,0.0,0.0,1.0,0.0
4,174.1,65.726,0.0,65.522,0.204,344.025,174.1,169.925,0.0,169.925,24.31,1.0,0.0,0.0,0.0
5,171.5,0.0,0.3,0.3,0.0,1.575,1.575,0.0,169.925,0.0,25.0,0.0,0.0,1.0,0.0
6,169.7,95.864,0.0,95.467,0.398,501.25,169.7,331.55,0.0,331.55,23.72,1.0,0.0,0.0,0.0
7,168.5,0.0,0.3,0.3,0.0,1.575,1.575,0.0,166.925,164.625,23.73,0.0,0.0,1.0,0.0
8,166.2,0.0,0.3,0.3,0.0,1.575,1.575,0.0,164.625,0.0,24.27,0.0,0.0,1.0,0.0
9,164.5,123.455,0.0,122.878,0.577,645.175,164.5,480.675,0.0,480.675,23.68,1.0,0.0,0.0,0.0
10,163.0,0.0,0.3,0.3,0.0,1.575,1.575,0.0,161.425,319.25,23.68,0.0,0.0,1.0,0.0
11,161.2,0.0,0.3,0.3,0.0,1.575,1.575,0.0,159.625,159.625,23.68,0.0,0.0,1.0,0.0
12,161.2,0.0,0.3,0.3,0.0,1.575,1.575,0.0,159.625,0.0,23.68,0.0,0.0,1.0,0.0
13,160.1,120.854,0.0,120.288,0.566,631.575,160.1,471.475,0.0,471.475,23.32,1.0,0.0,0.0,0.0
14,159.2,0.0,0.3,0.3,0.0,1.575,1.575,0.0,157.625,313.85,23.66,0.0,0.0,1.0,0.0
15,158.2,0.0,0.3,0.3,0.0,1.575,1.575,0.0,156.625,157.225,23.68,0.0,0.0,1.0,0.0
16,158.8,0.0,0.3,0.3,0.0,1.575,1.575,0.0,157.225,0.0,23.32,0.0,0.0,1.0,0.0
17,158.4,30.168,0.0,30.168,0.0,158.4,158.4,0.0,0.0,0.0,23.21,1.0,0.0,0.0,0.0
18,158.0,89.918,0.0,89.543,0.375,470.15,158.0,312.15,0.0,312.15,22.16,1.0,0.0,0.0,0.0
19,157.8,0.0,0.3,0.3,0.0,1.575,1.575,0.0,156.225,155.925,22.16,0.0,0.0,1.0,0.0
20,157.5,0.0,0.3,0.3,0.0,1.575,1.575,0.0,155.925,0.0,23.68,0.0,0.0,1.0,0.0
21,155.7,58.944,0.0,58.761,0.183,308.525,155.7,152.825,0.0,152.825,22.0,1.0,0.0,0.0,0.0
22,154.4,0.0,0.3,0.3,0.0,1.575,1.575,0.0,152.825,0.0,23.66,0.0,0.0,1.0,0.0
23,152.4,301.707,0.0,300.0,1.707,1575.158,152.4,1422.758,0.0,1422.758,20.58,1.0,0.0,0.0,0.0
24,150.8,0.0,0.3,0.3,0.0,1.575,1.575,0.0,149.225,1273.533,23.73,0.0,0.0,1.0,0.0
25,149.2,301.711,0.0,300.0,1.711,1575.158,149.2,1425.958,0.0,2699.49,19.39,1.0,0.0,0.0,0.0
26,149.4,0.0,0.3,0.3,0.0,1.575,1.575,0.0,147.825,2551.665,23.84,0.0,0.0,1.0,0.0
27,149.6,114.419,0.0,113.881,0.538,597.935,149.6,448.335,0.0,3000.0,21.76,1.0,0.0,0.0,0.0
28,150.2,0.0,0.3,0.3,0.0,1.575,1.575,0.0,148.625,2851.375,23.84,0.0,0.0,1.0,0.0
29,150.8,57.206,0.0,57.028,0.178,299.425,150.8,148.625,0.0,3000.0,23.68,1.0,0.0,0.0,0.0
30,151.2,0.0,0.3,0.3,0.0,1.575,1.575,0.0,149.625,2850.375,23.84,0.0,0.0,1.0,0.0
31,152.1,57.645,0.0,57.466,0.18,301.725,152.1,149.625,0.0,3000.0,23.78,1.0,0.0,0.0,0.0
32,153.1,0.0,0.3,0.3,0.0,1.575,1.575,0.0,151.525,2848.475,24.27,0.0,0.0,1.0,0.0
33,153.1,0.0,0.3,0.3,0.0,1.575,1.575,0.0,151.525,2696.95,23.81,0.0,0.0,1.0,0.0
34,154.5,0.0,0.3,0.3,0.0,1.575,1.575,0.0,152.925,2544.025,24.53,0.0,0.0,1.0,0.0
35,156.0,117.102,0.0,116.555,0.547,611.975,156.0,455.975,0.0,3000.0,23.81,1.0,0.0,0.0,0.0
36,159.7,0.0,0.3,0.3,0.0,1.575,1.575,0.0,158.125,2841.875,24.65,0.0,0.0,1.0,0.0
37,161.8,61.122,0.0,60.932,0.19,319.925,161.8,158.125,0.0,3000.0,24.53,1.0,0.0,0.0,0.0
38,163.6,31.159,0.0,31.159,0.0,163.6,163.6,0.0,0.0,3000.0,24.65,1.0,0.0,0.0,0.0
39,166.3,0.0,0.3,0.3,0.0,1.575,1.575,0.0,164.725,2835.275,24.87,0.0,0.0,1.0,0.0
40,169.3,63.815,0.0,63.617,0.198,334.025,169.3,164.725,0.0,3000.0,24.92,1.0,0.0,0.0,0.0
41,172.1,0.0,0.3,0.3,0.0,1.575,1.575,0.0,170.525,2829.475,25.18,0.0,0.0,1.0,0.0
42,175.3,0.0,0.3,0.3,0.0,1.575,1.575,0.0,173.725,2655.75,25.18,0.0,0.0,1.0,0.0
43,178.4,0.0,0.3,0.3,0.0,1.575,1.575,0.0,176.825,2478.925,26.76,0.0,0.0,1.0,0.0
44,181.2,0.0,0.3,0.3,0.0,1.575,1.575,0.0,179.625,2299.301,27.0,0.0,0.0,1.0,0.0
45,184.5,0.0,0.3,0.3,0.0,1.575,1.575,0.0,182.925,2116.376,27.54,0.0,0.0,1.0,0.0
46,186.8,0.0,0.3,0.3,0.0,1.575,1.575,0.0,185.225,1931.151,25.3,0.0,0.0,1.0,0.0
47,187.8,0.0,0.3,0.3,0.0,1.575,1.575,0.0,186.225,1744.926,27.57,0.0,0.0,1.0,0.0
48,188.8,0.0,0.3,0.3,0.0,1.575,1.575,0.0,187.225,1557.701,26.13,0.0,0.0,1.0,0.0
49,188.8,0.0,0.3,0.3,0.0,1.575,1.575,0.0,187.225,1370.476,27.57,0.0,0.0,1.0,0.0
50,188.4,0.0,0.3,0.3,0.0,1.575,1.575,0.0,186.825,1183.652,26.5,0.0,0.0,1.0,0.0
51,188.0,0.0,0.3,0.3,0.0,1.575,1.575,0.0,186.425,997.227,26.13,0.0,0.0,1.0,0.0
52,186.9,293.474,0.0,291.859,1.615,1532.415,186.9,1345.515,0.0,2342.742,25.18,1.0,0.0,0.0,0.0
53,185.5,0.0,0.3,0.3,0.0,1.575,1.575,0.0,183.925,2158.817,25.3,0.0,0.0,1.0,0.0
54,185.3,0.0,0.3,0.3,0.0,1.575,1.575,0.0,183.725,1975.092,25.3,0.0,0.0,1.0,0.0
55,184.7,0.0,0.3,0.3,0.0,1.575,1.575,0.0,183.125,1791.967,25.18,0.0,0.0,1.0,0.0
56,184.8,0.0,0.3,0.3,0.0,1.575,1.575,0.0,183.225,1608.742,26.77,0.0,0.0,1.0,0.0
57,183.9,301.67,0.0,300.0,1.67,1575.158,183.9,1391.258,0.0,3000.0,25.12,1.0,0.0,0.0,0.0
58,183.5,0.0,0.3,0.3,0.0,1.575,1.575,0.0,181.925,2818.075,27.13,0.0,0.0,1.0,0.0
59,182.8,69.683,0.0,69.464,0.218,364.725,182.8,181.925,0.0,3000.0,25.3,1.0,0.0,0.0,0.0
60,184.9,0.0,0.3,0.3,0.0,1.575,1.575,0.0,183.325,2816.675,27.56,0.0,0.0,1.0,0.0
61,185.5,70.465,0.0,70.245,0.22,368.825,185.5,183.325,0.0,3000.0,27.56,1.0,0.0,0.0,0.0
62,186.1,0.0,0.3,0.3,0.0,1.575,1.575,0.0,184.525,2815.475,27.83,0.0,0.0,1.0,0.0
63,186.7,0.0,0.3,0.3,0.0,1.575,1.575,0.0,185.125,2630.35,27.92,0.0,0.0,1.0,0.0
64,189.8,36.149,0.0,36.149,0.0,189.8,189.8,0.0,0.0,2630.35,27.99,1.0,0.0,0.0,0.0
65,193.6,0.0,0.3,0.3,0.0,1.575,1.575,0.0,192.025,2438.325,28.23,0.0,0.0,1.0,0.0
66,198.7,0.0,0.3,0.3,0.0,1.575,1.575,0.0,197.125,2241.201,29.51,0.0,0.0,1.0,0.0
67,203.7,0.0,0.3,0.3,0.0,1.575,1.575,0.0,202.125,2039.076,29.75,0.0,0.0,1.0,0.0
68,208.0,0.0,0.3,0.3,0.0,1.575,1.575,0.0,206.425,1832.651,32.08,0.0,0.0,1.0,0.0
69,210.3,0.0,0.3,0.3,0.0,1.575,1.575,0.0,208.725,1623.926,29.69,0.0,0.0,1.0,0.0
70,212.2,0.0,0.3,0.3,0.0,1.575,1.575,0.0,210.625,1413.301,31.56,0.0,0.0,1.0,0.0
71,212.8,0.0,0.3,0.3,0.0,1.575,1.575,0.0,211.225,1202.076,30.97,0.0,0.0,1.0,0.0
72,214.2,0.0,0.3,0.3,0.0,1.575,1.575,0.0,212.625,989.452,30.8,0.0,0.0,1.0,0.0
73,213.7,0.0,0.3,0.3,0.0,1.575,1.575,0.0,212.125,777.327,29.46,0.0,0.0,1.0,0.0
74,213.9,0.0,0.3,0.3,0.0,1.575,1.575,0.0,212.325,565.002,29.73,0.0,0.0,1.0,0.0
75,211.8,0.0,0.3,0.3,0.0,1.575,1.575,0.0,210.225,354.777,28.23,0.0,0.0,1.0,0.0
76,211.7,0.0,0.3,0.3,0.0,1.575,1.575,0.0,210.125,144.652,29.49,0.0,0.0,1.0,0.0
77,209.1,51.568,0.0,51.494,0.074,270.373,209.1,61.273,0.0,205.925,27.86,1.0,0.0,0.0,0.0
78,207.5,0.0,0.3,0.3,0.0,1.575,1.575,0.0,205.925,0.0,28.23,0.0,0.0,1.0,0.0
79,204.6,77.802,0.0,77.559,0.243,407.225,204.6,202.625,0.0,202.625,25.53,1.0,0.0,0.0,0.0
80,204.2,0.0,0.3,0.3,0.0,1.575,1.575,0.0,202.625,0.0,28.23,0.0,0.0,1.0,0.0
81,201.4,76.023,0.0,75.788,0.236,397.925,201.4,196.525,0.0,196.525,24.92,1.0,0.0,0.0,0.0
82,198.1,0.0,0.3,0.3,0.0,1.575,1.575,0.0,196.525,0.0,27.81,0.0,0.0,1.0,0.0
83,196.1,74.592,0.0,74.359,0.233,390.425,196.1,194.325,0.0,194.325,24.73,1.0,0.0,0.0,0.0
84,195.9,0.0,0.3,0.3,0.0,1.575,1.575,0.0,194.325,0.0,27.61,0.0,0.0,1.0,0.0
85,195.2,74.038,0.0,73.807,0.231,387.525,195.2,192.325,0.0,192.325,24.63,1.0,0.0,0.0,0.0
86,193.9,0.0,0.3,0.3,0.0,1.575,1.575,0.0,192.325,0.0,27.0,0.0,0.0,1.0,0.0
87,193.6,147.626,0.0,146.933,0.693,771.475,193.6,577.875,0.0,577.875,24.56,1.0,0.0,0.0,0.0
88,196.8,0.0,0.3,0.3,0.0,1.575,1.575,0.0,195.225,382.65,27.92,0.0,0.0,1.0,0.0
89,194.4,0.0,0.3,0.3,0.0,1.575,1.575,0.0,192.825,189.825,24.63,0.0,0.0,1.0,0.0
90,191.4,0.0,0.3,0.3,0.0,1.575,1.575,0.0,189.825,0.0,25.3,0.0,0.0,1.0,0.0
91,188.8,71.075,0.0,70.855,0.22,372.025,188.8,183.225,0.0,183.225,24.53,1.0,0.0,0.0,0.0
92,184.8,0.0,0.3,0.3,0.0,1.575,1.575,0.0,183.225,0.0,25.12,0.0,0.0,1.0,0.0
93,181.2,101.37,0.0,100.952,0.419,530.05,181.2,348.85,0.0,348.85,23.84,1.0,0.0,0.0,0.0
94,177.5,0.0,0.3,0.3,0.0,1.575,1.575,0.0,175.925,172.925,24.56,0.0,0.0,1.0,0.0
95,174.5,0.0,0.3,0.3,0.0,1.575,1.575,0.0,172.925,0.0,23.81,0.0,0.0,1.0,0.0
96,171.1,32.587,0.0,32.587,0.0,171.1,171.1,0.0,0.0,0.0,24.53,1.0,0.0,0.0,0.0
97,166.9,63.128,0.0,62.932,0.196,330.425,166.9,163.525,0.0,163.525,21.91,1.0,0.0,0.0,0.0
98,165.1,0.0,0.3,0.3,0.0,1.575,1.575,0.0,163.525,0.0,23.84,0.0,0.0,1.0,0.0
99,162.9,61.638,0.0,61.446,0.192,322.625,162.9,159.725,0.0,159.725,21.74,1.0,0.0,0.0,0.0
100,161.3,0.0,0.3,0.3,0.0,1.575,1.575,0.0,159.725,0.0,23.72,0.0,0.0,1.0,0.0
101,158.8,60.244,0.0,60.056,0.188,315.325,158.8,156.525,0.0,156.525,19.52,1.0,0.0,0.0,0.0
102,158.1,0.0,0.3,0.3,0.0,1.575,1.575,0.0,156.525,0.0,23.68,0.0,0.0,1.0,0.0
103,157.3,59.575,0.0,59.389,0.185,311.825,157.3,154.525,0.0,154.525,19.39,1.0,0.0,0.0,0.0
104,156.1,0.0,0.3,0.3,0.0,1.575,1.575,0.0,154.525,0.0,22.16,0.0,0.0,1.0,0.0
105,155.4,58.964,0.0,58.78,0.184,308.625,155.4,153.225,0.0,153.225,19.33,1.0,0.0,0.0,0.0
106,154.8,0.0,0.3,0.3,0.0,1.575,1.575,0.0,153.225,0.0,22.11,0.0,0.0,1.0,0.0
107,154.6,58.773,0.0,58.589,0.184,307.625,154.6,153.025,0.0,153.025,19.28,1.0,0.0,0.0,0.0
108,154.6,0.0,0.3,0.3,0.0,1.575,1.575,0.0,153.025,0.0,22.06,0.0,0.0,1.0,0.0
109,154.3,58.639,0.0,58.456,0.183,306.925,154.3,152.625,0.0,152.625,19.11,1.0,0.0,0.0,0.0
110,154.2,0.0,0.3,0.3,0.0,1.575,1.575,0.0,152.625,0.0,21.8,0.0,0.0,1.0,0.0
111,154.8,88.81,0.0,88.439,0.371,464.35,154.8,309.55,0.0,309.55,17.91,1.0,0.0,0.0,0.0
112,156.1,0.0,0.3,0.3,0.0,1.575,1.575,0.0,154.525,155.025,17.91,0.0,0.0,1.0,0.0
113,156.6,0.0,0.3,0.3,0.0,1.575,1.575,0.0,155.025,0.0,17.91,0.0,0.0,1.0,0.0
114,157.4,90.302,0.0,89.924,0.378,472.15,157.4,314.75,0.0,314.75,17.89,1.0,0.0,0.0,0.0
115,158.3,0.0,0.3,0.3,0.0,1.575,1.575,0.0,156.725,158.025,17.89,0.0,0.0,1.0,0.0
116,159.6,0.0,0.3,0.3,0.0,1.575,1.575,0.0,158.025,0.0,21.8,0.0,0.0,1.0,0.0
117,159.6,301.699,0.0,300.0,1.699,1575.158,159.6,1415.558,0.0,1415.558,16.13,1.0,0.0,0.0,0.0
118,160.6,0.0,0.3,0.3,0.0,1.575,1.575,0.0,159.025,1256.533,21.74,0.0,0.0,1.0,0.0
119,161.8,0.0,0.3,0.3,0.0,1.575,1.575,0.0,160.225,1096.308,21.72,0.0,0.0,1.0,0.0
120,162.8,125.27,0.0,124.68,0.59,654.635,162.8,491.835,0.0,1588.142,17.19,1.0,0.0,0.0,0.0
121,163.3,301.694,0.0,300.0,1.694,1575.158,163.3,1411.858,0.0,3000.0,15.94,1.0,0.0,0.0,0.0
122,165.1,0.0,0.3,0.3,0.0,1.575,1.575,0.0,163.525,2836.475,21.8,0.0,0.0,1.0,0.0
123,168.0,63.338,0.0,63.141,0.196,331.525,168.0,163.525,0.0,3000.0,21.72,1.0,0.0,0.0,0.0
124,172.3,0.0,0.3,0.3,0.0,1.575,1.575,0.0,170.725,2829.275,23.21,0.0,0.0,1.0,0.0
125,174.9,66.032,0.0,65.827,0.205,345.625,174.9,170.725,0.0,3000.0,21.76,1.0,0.0,0.0,0.0
126,178.1,33.92,0.0,33.92,0.0,178.1,178.1,0.0,0.0,3000.0,23.32,1.0,0.0,0.0,0.0
127,183.3,0.0,0.3,0.3,0.0,1.575,1.575,0.0,181.725,2818.275,23.84,0.0,0.0,1.0,0.0
128,187.7,70.578,0.0,70.36,0.218,369.425,187.7,181.725,0.0,3000.0,23.81,1.0,0.0,0.0,0.0
129,191.5,0.0,0.3,0.3,0.0,1.575,1.575,0.0,189.925,2810.075,24.56,0.0,0.0,1.0,0.0
130,194.1,73.368,0.0,73.14,0.228,384.025,194.1,189.925,0.0,3000.0,23.84,1.0,0.0,0.0,0.0
131,198.4,0.0,0.3,0.3,0.0,1.575,1.575,0.0,196.825,2803.175,24.75,0.0,0.0,1.0,0.0
132,204.0,0.0,0.3,0.3,0.0,1.575,1.575,0.0,202.425,2600.75,24.87,0.0,0.0,1.0,0.0
133,207.3,0.0,0.3,0.3,0.0,1.575,1.575,0.0,205.725,2395.025,24.65,0.0,0.0,1.0,0.0
134,211.2,0.0,0.3,0.3,0.0,1.575,1.575,0.0,209.625,2185.401,25.18,0.0,0.0,1.0,0.0
135,213.9,0.0,0.3,0.3,0.0,1.575,1.575,0.0,212.325,1973.076,24.73,0.0,0.0,1.0,0.0
136,217.4,0.0,0.3,0.3,0.0,1.575,1.575,0.0,215.825,1757.251,24.87,0.0,0.0,1.0,0.0
137,218.7,0.0,0.3,0.3,0.0,1.575,1.575,0.0,217.125,1540.126,24.65,0.0,0.0,1.0,0.0
138,220.3,0.0,0.3,0.3,0.0,1.575,1.575,0.0,218.725,1321.401,24.87,0.0,0.0,1.0,0.0
139,221.5,93.277,0.0,92.957,0.32,488.073,221.5,266.573,0.0,1587.974,24.56,1.0,0.0,0.0,0.0
140,224.1,0.0,0.3,0.3,0.0,1.575,1.575,0.0,222.525,1365.449,25.18,0.0,0.0,1.0,0.0
141,226.5,0.0,0.3,0.3,0.0,1.575,1.575,0.0,224.925,1140.524,24.65,0.0,0.0,1.0,0.0
142,228.9,0.0,0.3,0.3,0.0,1.575,1.575,0.0,227.325,913.199,25.3,0.0,0.0,1.0,0.0
143,229.8,0.0,0.3,0.3,0.0,1.575,1.575,0.0,228.225,684.975,24.92,0.0,0.0,1.0,0.0
144,229.8,0.0,0.3,0.3,0.0,1.575,1.575,0.0,228.225,456.75,25.3,0.0,0.0,1.0,0.0
145,229.6,0.0,0.3,0.3,0.0,1.575,1.575,0.0,228.025,228.725,25.07,0.0,0.0,1.0,0.0
146,230.3,0.0,0.3,0.3,0.0,1.575,1.575,0.0,228.725,0.0,25.12,0.0,0.0,1.0,0.0
147,228.9,86.972,0.0,86.701,0.272,455.225,228.9,226.325,0.0,226.325,24.53,1.0,0.0,0.0,0.0
148,227.9,0.0,0.3,0.3,0.0,1.575,1.575,0.0,226.325,0.0,25.0,0.0,0.0,1.0,0.0
149,226.4,86.075,0.0,85.806,0.269,450.525,226.4,224.125,0.0,224.125,24.42,1.0,0.0,0.0,0.0
150,225.7,0.0,0.3,0.3,0.0,1.575,1.575,0.0,224.125,0.0,24.65,0.0,0.0,1.0,0.0
151,224.8,170.971,0.0,170.169,0.802,893.475,224.8,668.675,0.0,668.675,24.32,1.0,0.0,0.0,0.0
152,224.9,0.0,0.3,0.3,0.0,1.575,1.575,0.0,223.325,445.35,24.56,0.0,0.0,1.0,0.0
153,224.7,0.0,0.3,0.3,0.0,1.575,1.575,0.0,223.125,222.225,24.32,0.0,0.0,1.0,0.0
154,223.8,0.0,0.3,0.3,0.0,1.575,1.575,0.0,222.225,0.0,24.56,0.0,0.0,1.0,0.0
155,223.2,301.622,0.0,300.0,1.622,1575.158,223.2,1351.958,0.0,1351.958,23.84,1.0,0.0,0.0,0.0
156,224.4,0.0,0.3,0.3,0.0,1.575,1.575,0.0,222.825,1129.133,24.92,0.0,0.0,1.0,0.0
157,224.4,115.512,0.0,115.057,0.456,604.108,224.4,379.708,0.0,1508.841,24.27,1.0,0.0,0.0,0.0
158,224.8,0.0,0.3,0.3,0.0,1.575,1.575,0.0,223.225,1285.616,25.0,0.0,0.0,1.0,0.0
159,225.3,301.62,0.0,300.0,1.62,1575.158,225.3,1349.858,0.0,2635.473,23.92,1.0,0.0,0.0,0.0
160,228.1,0.0,0.3,0.3,0.0,1.575,1.575,0.0,226.525,2408.948,25.3,0.0,0.0,1.0,0.0
161,230.1,0.0,0.3,0.3,0.0,1.575,1.575,0.0,228.525,2180.424,24.42,0.0,0.0,1.0,0.0
162,233.4,0.0,0.3,0.3,0.0,1.575,1.575,0.0,231.825,1948.599,26.59,0.0,0.0,1.0,0.0
163,237.8,0.0,0.3,0.3,0.0,1.575,1.575,0.0,236.225,1712.374,24.56,0.0,0.0,1.0,0.0
164,241.9,0.0,0.3,0.3,0.0,1.575,1.575,0.0,240.325,1472.049,26.65,0.0,0.0,1.0,0.0
165,244.4,0.0,0.3,0.3,0.0,1.575,1.575,0.0,242.825,1229.224,24.53,0.0,0.0,1.0,0.0
166,246.4,0.0,0.3,0.3,0.0,1.575,1.575,0.0,244.825,984.399,25.18,0.0,0.0,1.0,0.0
167,247.8,0.0,0.3,0.3,0.0,1.575,1.575,0.0,246.225,738.175,24.65,0.0,0.0,1.0,0.0
168,248.2,0.0,0.3,0.3,0.0,1.575,1.575,0.0,246.625,491.55,25.3,0.0,0.0,1.0,0.0
169,248.0,0.0,0.3,0.3,0.0,1.575,1.575,0.0,246.425,245.125,24.53,0.0,0.0,1.0,0.0
170,246.7,0.0,0.3,0.3,0.0,1.575,1.575,0.0,245.125,0.0,25.3,0.0,0.0,1.0,0.0
171,244.6,93.125,0.0,92.834,0.291,487.425,244.6,242.825,0.0,242.825,24.27,1.0,0.0,0.0,0.0
172,244.4,0.0,0.3,0.3,0.0,1.575,1.575,0.0,242.825,0.0,25.18,0.0,0.0,1.0,0.0
173,241.7,91.748,0.0,91.462,0.286,480.225,241.7,238.525,0.0,238.525,23.84,1.0,0.0,0.0,0.0
174,240.1,0.0,0.3,0.3,0.0,1.575,1.575,0.0,238.525,0.0,24.92,0.0,0.0,1.0,0.0
175,237.7,89.607,0.0,89.329,0.278,469.025,237.7,231.325,0.0,231.325,23.81,1.0,0.0,0.0,0.0
176,232.9,0.0,0.3,0.3,0.0,1.575,1.575,0.0,231.325,0.0,24.56,0.0,0.0,1.0,0.0
177,228.0,86.073,0.0,85.806,0.267,450.525,228.0,222.525,0.0,222.525,23.66,1.0,0.0,0.0,0.0
178,224.1,0.0,0.3,0.3,0.0,1.575,1.575,0.0,222.525,0.0,23.84,0.0,0.0,1.0,0.0
179,220.3,247.63,0.0,246.342,1.288,1293.424,220.3,1073.124,0.0,1073.124,21.72,1.0,0.0,0.0,0.0
180,218.2,0.0,0.3,0.3,0.0,1.575,1.575,0.0,216.625,856.499,23.73,0.0,0.0,1.0,0.0
181,217.3,0.0,0.3,0.3,0.0,1.575,1.575,0.0,215.725,640.775,21.76,0.0,0.0,1.0,0.0
182,214.9,0.0,0.3,0.3,0.0,1.575,1.575,0.0,213.325,427.45,23.68,0.0,0.0,1.0,0.0
183,214.3,0.0,0.3,0.3,0.0,1.575,1.575,0.0,212.725,214.725,22.06,0.0,0.0,1.0,0.0
184,216.3,0.0,0.3,0.3,0.0,1.575,1.575,0.0,214.725,0.0,24.43,0.0,0.0,1.0,0.0
185,214.4,81.125,0.0,80.873,0.252,424.625,214.4,210.225,0.0,210.225,19.65,1.0,0.0,0.0,0.0
186,211.8,0.0,0.3,0.3,0.0,1.575,1.575,0.0,210.225,0.0,23.84,0.0,0.0,1.0,0.0
187,208.9,78.947,0.0,78.702,0.245,413.225,208.9,204.325,0.0,204.325,19.39,1.0,0.0,0.0,0.0
188,205.9,0.0,0.3,0.3,0.0,1.575,1.575,0.0,204.325,0.0,23.68,0.0,0.0,1.0,0.0
189,203.1,76.577,0.0,76.34,0.237,400.825,203.1,197.725,0.0,197.725,19.28,1.0,0.0,0.0,0.0
190,199.3,0.0,0.3,0.3,0.0,1.575,1.575,0.0,197.725,0.0,22.06,0.0,0.0,1.0,0.0
191,195.5,37.234,0.0,37.234,0.0,195.5,195.5,0.0,0.0,0.0,19.01,1.0,0.0,0.0,0.0
192,192.4,36.644,0.0,36.644,0.0,192.4,192.4,0.0,0.0,0.0,19.01,1.0,0.0,0.0,0.0
193,188.8,139.64,0.0,138.991,0.649,729.775,188.8,540.975,0.0,540.975,17.89,1.0,0.0,0.0,0.0
194,184.8,0.0,0.3,0.3,0.0,1.575,1.575,0.0,183.225,357.75,17.89,0.0,0.0,1.0,0.0
195,182.0,0.0,0.3,0.3,0.0,1.575,1.575,0.0,180.425,177.325,17.89,0.0,0.0,1.0,0.0
196,178.9,0.0,0.3,0.3,0.0,1.575,1.575,0.0,177.325,0.0,17.89,0.0,0.0,1.0,0.0
197,177.2,33.749,0.0,33.749,0.0,177.2,177.2,0.0,0.0,0.0,16.84,1.0,0.0,0.0,0.0
198,174.8,33.292,0.0,33.292,0.0,174.8,174.8,0.0,0.0,0.0,13.3,1.0,0.0,0.0,0.0
199,173.4,259.617,0.0,258.198,1.419,1355.674,173.4,1182.274,0.0,1182.274,13.19,1.0,0.0,0.0,0.0
200,172.8,0.0,0.3,0.3,0.0,1.575,1.575,0.0,171.225,1011.049,19.39,0.0,0.0,1.0,0.0
201,171.4,0.0,0.3,0.3,0.0,1.575,1.575,0.0,169.825,841.224,17.78,0.0,0.0,1.0,0.0
202,170.4,0.0,0.3,0.3,0.0,1.575,1.575,0.0,168.825,672.399,19.88,0.0,0.0,1.0,0.0
203,170.2,0.0,0.3,0.3,0.0,1.575,1.575,0.0,168.625,503.775,17.78,0.0,0.0,1.0,0.0
204,169.4,0.0,0.3,0.3,0.0,1.575,1.575,0.0,167.825,335.95,21.74,0.0,0.0,1.0,0.0
205,169.5,0.0,0.3,0.3,0.0,1.575,1.575,0.0,167.925,168.025,15.94,0.0,0.0,1.0,0.0
206,169.6,0.0,0.3,0.3,0.0,1.575,1.575,0.0,168.025,0.0,17.19,0.0,0.0,1.0,0.0
207,168.6,289.997,0.0,288.382,1.615,1514.159,168.6,1345.559,0.0,1345.559,13.18,1.0,0.0,0.0,0.0
208,169.1,301.687,0.0,300.0,1.687,1575.158,169.1,1406.058,0.0,2751.616,13.09,1.0,0.0,0.0,0.0
209,168.9,0.0,0.3,0.3,0.0,1.575,1.575,0.0,167.325,2584.292,13.88,0.0,0.0,1.0,0.0
210,169.5,0.0,0.3,0.3,0.0,1.575,1.575,0.0,167.925,2416.367,21.74,0.0,0.0,1.0,0.0
211,168.6,0.0,0.3,0.3,0.0,1.575,1.575,0.0,167.025,2249.342,15.94,0.0,0.0,1.0,0.0
212,168.8,0.0,0.3,0.3,0.0,1.575,1.575,0.0,167.225,2082.117,17.23,0.0,0.0,1.0,0.0
213,167.5,0.0,0.3,0.3,0.0,1.575,1.575,0.0,165.925,1916.192,15.94,0.0,0.0,1.0,0.0
214,166.5,0.0,0.3,0.3,0.0,1.575,1.575,0.0,164.925,1751.267,17.23,0.0,0.0,1.0,0.0
215,165.0,0.0,0.3,0.3,0.0,1.575,1.575,0.0,163.425,1587.842,15.94,0.0,0.0,1.0,0.0
216,163.0,301.695,0.0,300.0,1.695,1575.158,163.0,1412.158,0.0,3000.0,13.03,1.0,0.0,0.0,0.0
217,163.8,0.0,0.3,0.3,0.0,1.575,1.575,0.0,162.225,2837.775,23.32,0.0,0.0,1.0,0.0
218,164.8,0.0,0.3,0.3,0.0,1.575,1.575,0.0,163.225,2674.55,17.59,0.0,0.0,1.0,0.0
219,166.3,0.0,0.3,0.3,0.0,1.575,1.575,0.0,164.725,2509.825,22.06,0.0,0.0,1.0,0.0
220,167.8,125.904,0.0,125.316,0.588,657.975,167.8,490.175,0.0,3000.0,17.59,1.0,0.0,0.0,0.0
221,169.0,32.187,0.0,32.187,0.0,169.0,169.0,0.0,0.0,3000.0,19.01,1.0,0.0,0.0,0.0
222,172.8,0.0,0.3,0.3,0.0,1.575,1.575,0.0,171.225,2828.775,23.72,0.0,0.0,1.0,0.0
223,175.7,0.0,0.3,0.3,0.0,1.575,1.575,0.0,174.125,2654.65,23.87,0.0,0.0,1.0,0.0
224,178.3,100.147,0.0,99.733,0.414,523.65,178.3,345.35,0.0,3000.0,23.72,1.0,0.0,0.0,0.0
225,181.0,0.0,0.3,0.3,0.0,1.575,1.575,0.0,179.425,2820.575,24.57,0.0,0.0,1.0,0.0
226,183.2,69.28,0.0,69.064,0.215,362.625,183.2,179.425,0.0,3000.0,23.85,1.0,0.0,0.0,0.0
227,186.0,0.0,0.3,0.3,0.0,1.575,1.575,0.0,184.425,2815.575,24.8,0.0,0.0,1.0,0.0
228,190.7,0.0,0.3,0.3,0.0,1.575,1.575,0.0,189.125,2626.45,24.57,0.0,0.0,1.0,0.0
229,194.0,0.0,0.3,0.3,0.0,1.575,1.575,0.0,192.425,2434.025,25.07,0.0,0.0,1.0,0.0
230,197.7,0.0,0.3,0.3,0.0,1.575,1.575,0.0,196.125,2237.901,24.8,0.0,0.0,1.0,0.0
231,200.7,0.0,0.3,0.3,0.0,1.575,1.575,0.0,199.125,2038.776,25.0,0.0,0.0,1.0,0.0
232,204.2,0.0,0.3,0.3,0.0,1.575,1.575,0.0,202.625,1836.151,24.6,0.0,0.0,1.0,0.0
233,207.2,0.0,0.3,0.3,0.0,1.575,1.575,0.0,205.625,1630.526,24.91,0.0,0.0,1.0,0.0
234,209.5,0.0,0.3,0.3,0.0,1.575,1.575,0.0,207.925,1422.601,24.68,0.0,0.0,1.0,0.0
235,213.2,0.0,0.3,0.3,0.0,1.575,1.575,0.0,211.625,1210.976,26.61,0.0,0.0,1.0,0.0
236,215.8,20.636,0.0,20.636,0.0,108.348,108.348,0.0,107.452,1103.524,24.68,1.0,0.0,0.0,0.0
237,219.6,0.0,0.3,0.3,0.0,1.575,1.575,0.0,218.025,885.499,27.3,0.0,0.0,1.0,0.0
238,223.4,0.0,0.3,0.3,0.0,1.575,1.575,0.0,221.825,663.675,25.0,0.0,0.0,1.0,0.0
239,223.3,0.0,0.3,0.3,0.0,1.575,1.575,0.0,221.725,441.95,27.56,0.0,0.0,1.0,0.0
240,222.9,0.0,0.3,0.3,0.0,1.575,1.575,0.0,221.325,220.625,24.57,0.0,0.0,1.0,0.0
241,222.2,0.0,0.3,0.3,0.0,1.575,1.575,0.0,220.625,0.0,27.04,0.0,0.0,1.0,0.0
242,220.5,83.494,0.0,83.235,0.26,437.025,220.5,216.525,0.0,216.525,24.46,1.0,0.0,0.0,0.0
243,218.1,0.0,0.3,0.3,0.0,1.575,1.575,0.0,216.525,0.0,24.91,0.0,0.0,1.0,0.0
244,216.6,82.138,0.0,81.882,0.256,429.925,216.6,213.325,0.0,213.325,24.31,1.0,0.0,0.0,0.0
245,214.9,0.0,0.3,0.3,0.0,1.575,1.575,0.0,213.325,0.0,24.37,0.0,0.0,1.0,0.0
246,214.2,40.796,0.0,40.796,0.0,214.2,214.2,0.0,0.0,0.0,24.2,1.0,0.0,0.0,0.0
247,211.5,301.636,0.0,300.0,1.636,1575.158,211.5,1363.658,0.0,1363.658,23.87,1.0,0.0,0.0,0.0
248,211.0,0.0,0.3,0.3,0.0,1.575,1.575,0.0,209.425,1154.233,24.57,0.0,0.0,1.0,0.0
249,209.6,301.639,0.0,300.0,1.639,1575.158,209.6,1365.558,0.0,2519.79,23.87,1.0,0.0,0.0,0.0
250,208.1,0.0,0.3,0.3,0.0,1.575,1.575,0.0,206.525,2313.265,24.27,0.0,0.0,1.0,0.0
251,206.2,170.89,0.0,170.066,0.824,892.935,206.2,686.735,0.0,3000.0,23.87,1.0,0.0,0.0,0.0
252,208.2,0.0,0.3,0.3,0.0,1.575,1.575,0.0,206.625,2793.375,24.31,0.0,0.0,1.0,0.0
253,208.1,0.0,0.3,0.3,0.0,1.575,1.575,0.0,206.525,2586.85,24.31,0.0,0.0,1.0,0.0
254,209.2,0.0,0.3,0.3,0.0,1.575,1.575,0.0,207.625,2379.225,24.32,0.0,0.0,1.0,0.0
255,209.4,158.858,0.0,158.113,0.745,830.175,209.4,620.775,0.0,3000.0,24.31,1.0,0.0,0.0,0.0
256,211.2,40.225,0.0,40.225,0.0,211.2,211.2,0.0,0.0,3000.0,24.57,1.0,0.0,0.0,0.0
257,213.7,0.0,0.3,0.3,0.0,1.575,1.575,0.0,212.125,2787.875,24.65,0.0,0.0,1.0,0.0
258,218.3,0.0,0.3,0.3,0.0,1.575,1.575,0.0,216.725,2571.15,24.88,0.0,0.0,1.0,0.0
259,223.9,0.0,0.3,0.3,0.0,1.575,1.575,0.0,222.325,2348.825,24.95,0.0,0.0,1.0,0.0
260,229.7,0.0,0.3,0.3,0.0,1.575,1.575,0.0,228.125,2120.701,26.42,0.0,0.0,1.0,0.0
261,231.2,0.0,0.3,0.3,0.0,1.575,1.575,0.0,229.625,1891.076,25.18,0.0,0.0,1.0,0.0
262,234.7,0.0,0.3,0.3,0.0,1.575,1.575,0.0,233.125,1657.951,25.3,0.0,0.0,1.0,0.0
263,236.5,0.0,0.3,0.3,0.0,1.575,1.575,0.0,234.925,1423.026,25.18,0.0,0.0,1.0,0.0
264,238.6,0.0,0.3,0.3,0.0,1.575,1.575,0.0,237.025,1186.001,25.18,0.0,0.0,1.0,0.0
265,237.4,0.0,0.3,0.3,0.0,1.575,1.575,0.0,235.825,950.176,25.12,0.0,0.0,1.0,0.0
266,236.7,0.0,0.3,0.3,0.0,1.575,1.575,0.0,235.125,715.052,25.12,0.0,0.0,1.0,0.0
267,236.3,0.0,0.3,0.3,0.0,1.575,1.575,0.0,234.725,480.327,25.0,0.0,0.0,1.0,0.0
268,235.5,0.0,0.3,0.3,0.0,1.575,1.575,0.0,233.925,246.402,25.17,0.0,0.0,1.0,0.0
269,233.3,0.0,0.3,0.3,0.0,1.575,1.575,0.0,231.725,14.677,24.65,0.0,0.0,1.0,0.0
270,231.1,128.454,0.0,127.925,0.529,671.673,231.1,440.573,0.0,455.25,24.57,1.0,0.0,0.0,0.0
271,229.5,0.0,0.3,0.3,0.0,1.575,1.575,0.0,227.925,227.325,24.6,0.0,0.0,1.0,0.0
272,228.9,0.0,0.3,0.3,0.0,1.575,1.575,0.0,227.325,0.0,24.68,0.0,0.0,1.0,0.0
273,225.1,85.003,0.0,84.739,0.264,444.925,225.1,219.825,0.0,219.825,23.87,1.0,0.0,0.0,0.0
274,221.4,0.0,0.3,0.3,0.0,1.575,1.575,0.0,219.825,0.0,24.57,0.0,0.0,1.0,0.0
275,217.7,83.076,0.0,82.815,0.261,434.825,217.7,217.125,0.0,217.125,23.71,1.0,0.0,0.0,0.0
276,218.7,0.0,0.3,0.3,0.0,1.575,1.575,0.0,217.125,0.0,24.95,0.0,0.0,1.0,0.0
277,217.5,247.422,0.0,246.132,1.29,1292.324,217.5,1074.824,0.0,1074.824,23.68,1.0,0.0,0.0,0.0
278,215.7,0.0,0.3,0.3,0.0,1.575,1.575,0.0,214.125,860.699,24.57,0.0,0.0,1.0,0.0
279,216.5,0.0,0.3,0.3,0.0,1.575,1.575,0.0,214.925,645.775,23.73,0.0,0.0,1.0,0.0
280,220.1,0.0,0.3,0.3,0.0,1.575,1.575,0.0,218.525,427.25,27.39,0.0,0.0,1.0,0.0
281,217.4,0.0,0.3,0.3,0.0,1.575,1.575,0.0,215.825,211.425,23.68,0.0,0.0,1.0,0.0
282,213.0,0.0,0.3,0.3,0.0,1.575,1.575,0.0,211.425,0.0,24.57,0.0,0.0,1.0,0.0
283,210.1,79.386,0.0,79.14,0.247,415.525,210.1,205.425,0.0,205.425,21.74,1.0,0.0,0.0,0.0
284,207.0,0.0,0.3,0.3,0.0,1.575,1.575,0.0,205.425,0.0,24.46,0.0,0.0,1.0,0.0
285,205.1,77.361,0.0,77.121,0.24,404.925,205.1,199.825,0.0,199.825,19.63,1.0,0.0,0.0,0.0
286,201.4,0.0,0.3,0.3,0.0,1.575,1.575,0.0,199.825,0.0,23.87,0.0,0.0,1.0,0.0
287,196.7,37.463,0.0,37.463,0.0,196.7,196.7,0.0,0.0,0.0,19.39,1.0,0.0,0.0,0.0
288,195.4,37.215,0.0,37.215,0.0,195.4,195.4,0.0,0.0,0.0,23.68,1.0,0.0,0.0,0.0
289,191.7,72.509,0.0,72.283,0.225,379.525,191.7,187.825,0.0,187.825,20.58,1.0,0.0,0.0,0.0
290,189.4,0.0,0.3,0.3,0.0,1.575,1.575,0.0,187.825,0.0,22.16,0.0,0.0,1.0,0.0
291,187.8,70.961,0.0,70.741,0.22,371.425,187.8,183.625,0.0,183.625,19.38,1.0,0.0,0.0,0.0
292,185.2,0.0,0.3,0.3,0.0,1.575,1.575,0.0,183.625,0.0,22.11,0.0,0.0,1.0,0.0
293,184.2,69.854,0.0,69.636,0.218,365.625,184.2,181.425,0.0,181.425,19.33,1.0,0.0,0.0,0.0
294,183.0,0.0,0.3,0.3,0.0,1.575,1.575,0.0,181.425,0.0,22.06,0.0,0.0,1.0,0.0
295,181.1,34.492,0.0,34.492,0.0,181.1,181.1,0.0,0.0,0.0,19.28,1.0,0.0,0.0,0.0
296,179.7,141.56,0.0,140.888,0.672,739.735,179.7,560.035,0.0,560.035,19.28,1.0,0.0,0.0,0.0
297,178.5,0.0,0.3,0.3,0.0,1.575,1.575,0.0,176.925,383.11,21.74,0.0,0.0,1.0,0.0
298,178.3,301.676,0.0,300.0,1.676,1575.158,178.3,1396.858,0.0,1779.967,18.94,1.0,0.0,0.0,0.0
299,178.4,0.0,0.3,0.3,0.0,1.575,1.575,0.0,176.825,1603.142,22.0,0.0,0.0,1.0,0.0
300,178.3,301.676,0.0,300.0,1.676,1575.158,178.3,1396.858,0.0,3000.0,18.94,1.0,0.0,0.0,0.0
301,178.4,0.0,0.3,0.3,0.0,1.575,1.575,0.0,176.825,2823.175,23.21,0.0,0.0,1.0,0.0
302,178.4,67.867,0.0,67.655,0.212,355.225,178.4,176.825,0.0,3000.0,19.33,1.0,0.0,0.0,0.0
303,179.3,34.149,0.0,34.149,0.0,179.3,179.3,0.0,0.0,3000.0,23.32,1.0,0.0,0.0,0.0
304,181.9,34.644,0.0,34.644,0.0,181.9,181.9,0.0,0.0,3000.0,23.66,1.0,0.0,0.0,0.0
305,183.9,35.025,0.0,35.025,0.0,183.9,183.9,0.0,0.0,3000.0,23.73,1.0,0.0,0.0,0.0
306,185.3,35.292,0.0,35.292,0.0,185.3,185.3,0.0,0.0,3000.0,23.73,1.0,0.0,0.0,0.0
307,187.6,35.73,0.0,35.73,0.0,187.6,187.6,0.0,0.0,3000.0,24.02,1.0,0.0,0.0,0.0
308,192.3,36.625,0.0,36.625,0.0,192.3,192.3,0.0,0.0,3000.0,24.62,1.0,0.0,0.0,0.0
309,194.7,37.082,0.0,37.082,0.0,194.7,194.7,0.0,0.0,3000.0,24.73,1.0,0.0,0.0,0.0
310,199.4,37.977,0.0,37.977,0.0,199.4,199.4,0.0,0.0,3000.0,24.95,1.0,0.0,0.0,0.0
311,203.9,38.834,0.0,38.834,0.0,203.9,203.9,0.0,0.0,3000.0,25.12,1.0,0.0,0.0,0.0
312,212.7,40.51,0.0,40.51,0.0,212.7,212.7,0.0,0.0,3000.0,27.79,1.0,0.0,0.0,0.0
313,221.3,42.148,0.0,42.148,0.0,221.3,221.3,0.0,0.0,3000.0,28.46,1.0,0.0,0.0,0.0
314,227.5,43.329,0.0,43.329,0.0,227.5,227.5,0.0,0.0,3000.0,28.46,1.0,0.0,0.0,0.0
315,231.6,44.11,0.0,44.11,0.0,231.6,231.6,0.0,0.0,3000.0,31.54,1.0,0.0,0.0,0.0
316,240.1,45.729,0.0,45.729,0.0,240.1,240.1,0.0,0.0,3000.0,34.34,1.0,0.0,0.0,0.0
317,246.2,0.0,0.3,0.3,0.0,1.575,1.575,0.0,244.625,2755.375,35.13,0.0,0.0,1.0,0.0
318,252.2,10.0,0.0,10.0,0.0,52.505,52.505,0.0,199.695,2555.68,38.36,1.0,0.0,0.0,0.0
319,257.5,10.0,0.0,10.0,0.0,52.505,52.505,0.0,204.995,2350.686,38.21,1.0,0.0,0.0,0.0
320,261.0,10.0,0.0,10.0,0.0,52.505,52.505,0.0,208.495,2142.191,38.95,1.0,0.0,0.0,0.0
321,263.9,10.0,0.0,10.0,0.0,52.505,52.505,0.0,211.395,1930.796,39.47,1.0,0.0,0.0,0.0
322,265.0,10.0,0.0,10.0,0.0,52.505,52.505,0.0,212.495,1718.301,38.57,1.0,0.0,0.0,0.0
323,266.9,10.0,0.0,10.0,0.0,52.505,52.505,0.0,214.395,1503.907,39.47,1.0,0.0,0.0,0.0
324,267.9,10.0,0.0,10.0,0.0,52.505,52.505,0.0,215.395,1288.512,40.38,1.0,0.0,0.0,0.0
325,269.7,10.0,0.0,10.0,0.0,52.505,52.505,0.0,217.195,1071.317,39.47,1.0,0.0,0.0,0.0
326,271.4,10.0,0.0,10.0,0.0,52.505,52.505,0.0,218.895,852.422,37.54,1.0,0.0,0.0,0.0
327,272.3,213.988,0.0,212.973,1.015,1118.22,272.3,845.92,0.0,1698.342,34.46,1.0,0.0,0.0,0.0
328,273.5,301.562,0.0,300.0,1.562,1575.158,273.5,1301.658,0.0,3000.0,34.43,1.0,0.0,0.0,0.0
329,274.2,52.223,0.0,52.223,0.0,274.2,274.2,0.0,0.0,3000.0,36.03,1.0,0.0,0.0,0.0
330,274.8,52.338,0.0,52.338,0.0,274.8,274.8,0.0,0.0,3000.0,36.03,1.0,0.0,0.0,0.0
331,276.5,10.0,0.0,10.0,0.0,52.505,52.505,0.0,223.995,2776.005,38.36,1.0,0.0,0.0,0.0
332,277.1,95.706,0.0,95.437,0.269,501.095,277.1,223.995,0.0,3000.0,36.03,1.0,0.0,0.0,0.0
333,280.6,10.0,0.0,10.0,0.0,52.505,52.505,0.0,228.095,2771.905,40.81,1.0,0.0,0.0,0.0
334,282.3,10.0,0.0,10.0,0.0,52.505,52.505,0.0,229.795,2542.111,38.36,1.0,0.0,0.0,0.0
335,282.9,10.0,0.0,10.0,0.0,52.505,52.505,0.0,230.395,2311.716,40.81,1.0,0.0,0.0,0.0
336,282.1,10.0,0.0,10.0,0.0,52.505,52.505,0.0,229.595,2082.121,38.36,1.0,0.0,0.0,0.0
337,281.7,10.0,0.0,10.0,0.0,52.505,52.505,0.0,229.195,1852.926,39.47,1.0,0.0,0.0,0.0
338,281.1,10.0,0.0,10.0,0.0,52.505,52.505,0.0,228.595,1624.332,39.47,1.0,0.0,0.0,0.0
339,280.9,10.0,0.0,10.0,0.0,52.505,52.505,0.0,228.395,1395.937,39.72,1.0,0.0,0.0,0.0
340,280.2,10.0,0.0,10.0,0.0,52.505,52.505,0.0,227.695,1168.242,40.81,1.0,0.0,0.0,0.0
341,279.1,10.0,0.0,10.0,0.0,52.505,52.505,0.0,226.595,941.647,38.36,1.0,0.0,0.0,0.0
342,277.1,10.0,0.0,10.0,0.0,52.505,52.505,0.0,224.595,717.053,38.57,1.0,0.0,0.0,0.0
343,274.8,10.0,0.0,10.0,0.0,52.505,52.505,0.0,222.295,494.758,37.71,1.0,0.0,0.0,0.0
344,274.2,10.0,0.0,10.0,0.0,52.505,52.505,0.0,221.695,273.063,38.36,1.0,0.0,0.0,0.0
345,272.9,301.563,0.0,300.0,1.563,1575.158,272.9,1302.258,0.0,1575.321,34.49,1.0,0.0,0.0,0.0
346,272.1,158.809,0.0,158.139,0.67,830.311,272.1,558.211,0.0,2133.532,37.04,1.0,0.0,0.0,0.0
347,271.6,10.0,0.0,10.0,0.0,52.505,52.505,0.0,219.095,1914.437,37.54,1.0,0.0,0.0,0.0
348,271.9,10.0,0.0,10.0,0.0,52.505,52.505,0.0,219.395,1695.042,38.21,1.0,0.0,0.0,0.0
349,270.2,301.566,0.0,300.0,1.566,1575.158,270.2,1304.958,0.0,3000.0,35.13,1.0,0.0,0.0,0.0
350,269.4,51.309,0.0,51.309,0.0,269.4,269.4,0.0,0.0,3000.0,37.04,1.0,0.0,0.0,0.0
351,268.7,10.0,0.0,10.0,0.0,52.505,52.505,0.0,216.195,2783.805,37.54,1.0,0.0,0.0,0.0
352,269.2,92.706,0.0,92.447,0.259,485.395,269.2,216.195,0.0,3000.0,37.04,1.0,0.0,0.0,0.0
353,271.3,12.958,0.0,12.958,0.0,68.037,68.037,0.0,203.263,2796.737,37.88,1.0,0.0,0.0,0.0
354,274.9,10.0,0.0,10.0,0.0,52.505,52.505,0.0,222.395,2574.342,40.58,1.0,0.0,0.0,0.0
355,280.2,10.0,0.0,10.0,0.0,52.505,52.505,0.0,227.695,2346.647,41.53,1.0,0.0,0.0,0.0
356,284.6,10.0,0.0,10.0,0.0,52.505,52.505,0.0,232.095,2114.553,42.05,1.0,0.0,0.0,0.0
357,287.5,10.0,0.0,10.0,0.0,52.505,52.505,0.0,234.995,1879.558,41.18,1.0,0.0,0.0,0.0
358,289.6,10.0,0.0,10.0,0.0,52.505,52.505,0.0,237.095,1642.463,41.53,1.0,0.0,0.0,0.0
359,290.3,10.0,0.0,10.0,0.0,52.505,52.505,0.0,237.795,1404.668,41.28,1.0,0.0,0.0,0.0
360,289.1,10.0,0.0,10.0,0.0,52.505,52.505,0.0,236.595,1168.074,41.18,1.0,0.0,0.0,0.0
361,288.1,10.0,0.0,10.0,0.0,52.505,52.505,0.0,235.595,932.479,40.81,1.0,0.0,0.0,0.0
362,287.5,10.0,0.0,10.0,0.0,52.505,52.505,0.0,234.995,697.484,41.18,1.0,0.0,0.0,0.0
363,287.5,10.0,0.0,10.0,0.0,52.505,52.505,0.0,234.995,462.489,40.81,1.0,0.0,0.0,0.0
364,285.4,10.0,0.0,10.0,0.0,52.505,52.505,0.0,232.895,229.595,39.73,1.0,0.0,0.0,0.0
365,282.1,10.0,0.0,10.0,0.0,52.505,52.505,0.0,229.595,0.0,38.36,1.0,0.0,0.0,0.0
366,278.1,52.966,0.0,52.966,0.0,278.1,278.1,0.0,0.0,0.0,37.04,1.0,0.0,0.0,0.0
367,275.6,94.289,0.0,94.028,0.262,493.695,275.6,218.095,0.0,218.095,33.85,1.0,0.0,0.0,0.0
368,270.6,10.0,0.0,10.0,0.0,52.505,52.505,0.0,218.095,0.0,34.34,1.0,0.0,0.0,0.0
369,264.1,50.3,0.0,50.3,0.0,264.1,264.1,0.0,0.0,0.0,29.97,1.0,0.0,0.0,0.0
370,259.1,49.347,0.0,49.347,0.0,259.1,259.1,0.0,0.0,0.0,29.94,1.0,0.0,0.0,0.0
371,255.6,87.184,0.0,86.943,0.241,456.495,255.6,200.895,0.0,200.895,29.55,1.0,0.0,0.0,0.0
372,253.4,10.0,0.0,10.0,0.0,52.505,52.505,0.0,200.895,0.0,29.92,1.0,0.0,0.0,0.0
373,251.2,47.843,0.0,47.843,0.0,251.2,251.2,0.0,0.0,0.0,29.28,1.0,0.0,0.0,0.0
374,248.7,47.367,0.0,47.367,0.0,248.7,248.7,0.0,0.0,0.0,29.28,1.0,0.0,0.0,0.0
375,245.3,93.565,0.0,93.272,0.293,489.725,245.3,244.425,0.0,244.425,28.58,1.0,0.0,0.0,0.0
376,246.0,0.0,0.3,0.3,0.0,1.575,1.575,0.0,244.425,0.0,29.43,0.0,0.0,1.0,0.0
377,243.2,46.319,0.0,46.319,0.0,243.2,243.2,0.0,0.0,0.0,28.46,1.0,0.0,0.0,0.0
378,238.7,45.462,0.0,45.462,0.0,238.7,238.7,0.0,0.0,0.0,28.04,1.0,0.0,0.0,0.0
379,234.5,44.662,0.0,44.662,0.0,234.5,234.5,0.0,0.0,0.0,28.03,1.0,0.0,0.0,0.0
380,229.3,43.672,0.0,43.672,0.0,229.3,229.3,0.0,0.0,0.0,27.97,1.0,0.0,0.0,0.0
381,224.9,84.946,0.0,84.682,0.264,444.625,224.9,219.725,0.0,219.725,27.47,1.0,0.0,0.0,0.0
382,221.3,0.0,0.3,0.3,0.0,1.575,1.575,0.0,219.725,0.0,27.79,0.0,0.0,1.0,0.0
383,218.3,41.577,0.0,41.577,0.0,218.3,218.3,0.0,0.0,0.0,25.18,1.0,0.0,0.0,0.0
384,214.9,81.182,0.0,80.93,0.252,424.925,214.9,210.025,0.0,210.025,26.77,1.0,0.0,0.0,0.0
385,211.6,0.0,0.3,0.3,0.0,1.575,1.575,0.0,210.025,0.0,29.84,0.0,0.0,1.0,0.0
386,209.1,156.29,0.0,155.561,0.729,816.775,209.1,607.675,0.0,607.675,25.53,1.0,0.0,0.0,0.0
387,206.4,0.0,0.3,0.3,0.0,1.575,1.575,0.0,204.825,402.85,28.28,0.0,0.0,1.0,0.0
388,204.1,0.0,0.3,0.3,0.0,1.575,1.575,0.0,202.525,200.325,25.86,0.0,0.0,1.0,0.0
389,201.9,0.0,0.3,0.3,0.0,1.575,1.575,0.0,200.325,0.0,27.89,0.0,0.0,1.0,0.0
390,200.4,76.216,0.0,75.978,0.238,398.925,200.4,198.525,0.0,198.525,25.18,1.0,0.0,0.0,0.0
391,200.1,0.0,0.3,0.3,0.0,1.575,1.575,0.0,198.525,0.0,27.87,0.0,0.0,1.0,0.0
392,197.9,159.515,0.0,158.753,0.763,833.535,197.9,635.635,0.0,635.635,25.07,1.0,0.0,0.0,0.0
393,196.9,0.0,0.3,0.3,0.0,1.575,1.575,0.0,195.325,440.31,27.45,0.0,0.0,1.0,0.0
394,196.5,301.654,0.0,300.0,1.654,1575.158,196.5,1378.658,0.0,1818.967,25.02,1.0,0.0,0.0,0.0
395,197.7,0.0,0.3,0.3,0.0,1.575,1.575,0.0,196.125,1622.842,27.88,0.0,0.0,1.0,0.0
396,198.0,301.653,0.0,300.0,1.653,1575.158,198.0,1377.158,0.0,3000.0,25.02,1.0,0.0,0.0,0.0
397,198.2,0.0,0.3,0.3,0.0,1.575,1.575,0.0,196.625,2803.375,27.24,0.0,0.0,1.0,0.0
398,199.5,75.681,0.0,75.445,0.236,396.125,199.5,196.625,0.0,3000.0,25.17,1.0,0.0,0.0,0.0
399,200.0,0.0,0.3,0.3,0.0,1.575,1.575,0.0,198.425,2801.575,27.3,0.0,0.0,1.0,0.0
400,200.9,76.292,0.0,76.054,0.238,399.325,200.9,198.425,0.0,3000.0,25.18,1.0,0.0,0.0,0.0
401,200.9,0.0,0.3,0.3,0.0,1.575,1.575,0.0,199.325,2800.675,26.77,0.0,0.0,1.0,0.0
402,202.4,76.751,0.0,76.511,0.239,401.725,202.4,199.325,0.0,3000.0,25.19,1.0,0.0,0.0,0.0
403,203.0,38.663,0.0,38.663,0.0,203.0,203.0,0.0,0.0,3000.0,25.3,1.0,0.0,0.0,0.0
404,208.5,0.0,0.3,0.3,0.0,1.575,1.575,0.0,206.925,2793.075,28.12,0.0,0.0,1.0,0.0
405,210.6,79.769,0.0,79.521,0.248,417.525,210.6,206.925,0.0,3000.0,27.6,1.0,0.0,0.0,0.0
406,213.3,0.0,0.3,0.3,0.0,1.575,1.575,0.0,211.725,2788.275,28.31,0.0,0.0,1.0,0.0
407,217.5,82.003,0.0,81.749,0.254,429.225,217.5,211.725,0.0,3000.0,27.99,1.0,0.0,0.0,0.0
408,224.4,42.739,0.0,42.739,0.0,224.4,224.4,0.0,0.0,3000.0,31.91,1.0,0.0,0.0,0.0
409,232.5,44.281,0.0,44.281,0.0,232.5,232.5,0.0,0.0,3000.0,32.94,1.0,0.0,0.0,0.0
410,239.6,0.0,0.3,0.3,0.0,1.575,1.575,0.0,238.025,2761.975,37.04,0.0,0.0,1.0,0.0
411,244.9,0.0,0.3,0.3,0.0,1.575,1.575,0.0,243.325,2518.65,36.15,0.0,0.0,1.0,0.0
412,252.3,10.0,0.0,10.0,0.0,52.505,52.505,0.0,199.795,2318.856,37.04,1.0,0.0,0.0,0.0
413,257.6,179.608,0.0,178.791,0.817,938.744,257.6,681.144,0.0,3000.0,34.56,1.0,0.0,0.0,0.0
414,262.6,50.014,0.0,50.014,0.0,262.6,262.6,0.0,0.0,3000.0,37.83,1.0,0.0,0.0,0.0
415,267.2,10.0,0.0,10.0,0.0,52.505,52.505,0.0,214.695,2785.305,40.58,1.0,0.0,0.0,0.0
416,270.7,51.557,0.0,51.557,0.0,270.7,270.7,0.0,0.0,2785.305,39.47,1.0,0.0,0.0,0.0
417,271.9,10.0,0.0,10.0,0.0,52.505,52.505,0.0,219.395,2565.911,40.58,1.0,0.0,0.0,0.0
418,273.6,10.0,0.0,10.0,0.0,52.505,52.505,0.0,221.095,2344.816,40.81,1.0,0.0,0.0,0.0
419,275.0,10.0,0.0,10.0,0.0,52.505,52.505,0.0,222.495,2122.321,39.91,1.0,0.0,0.0,0.0
420,274.5,10.0,0.0,10.0,0.0,52.505,52.505,0.0,221.995,1900.326,40.81,1.0,0.0,0.0,0.0
421,274.9,174.273,0.0,173.51,0.763,911.016,274.9,636.116,0.0,2536.442,39.47,1.0,0.0,0.0,0.0
422,277.0,10.0,0.0,10.0,0.0,52.505,52.505,0.0,224.495,2311.947,40.81,1.0,0.0,0.0,0.0
423,278.7,10.0,0.0,10.0,0.0,52.505,52.505,0.0,226.195,2085.753,40.81,1.0,0.0,0.0,0.0
424,280.4,10.0,0.0,10.0,0.0,52.505,52.505,0.0,227.895,1857.858,40.81,1.0,0.0,0.0,0.0
425,280.4,10.0,0.0,10.0,0.0,52.505,52.505,0.0,227.895,1629.963,40.81,1.0,0.0,0.0,0.0
426,281.9,10.0,0.0,10.0,0.0,52.505,52.505,0.0,229.395,1400.568,41.18,1.0,0.0,0.0,0.0
427,283.4,10.0,0.0,10.0,0.0,52.505,52.505,0.0,230.895,1169.674,41.18,1.0,0.0,0.0,0.0
428,284.7,10.0,0.0,10.0,0.0,52.505,52.505,0.0,232.195,937.479,41.18,1.0,0.0,0.0,0.0
429,285.5,10.0,0.0,10.0,0.0,52.505,52.505,0.0,232.995,704.484,41.18,1.0,0.0,0.0,0.0
430,287.7,10.0,0.0,10.0,0.0,52.505,52.505,0.0,235.195,469.289,41.71,1.0,0.0,0.0,0.0
431,287.2,10.0,0.0,10.0,0.0,52.505,52.505,0.0,234.695,234.595,39.92,1.0,0.0,0.0,0.0
432,287.1,10.0,0.0,10.0,0.0,52.505,52.505,0.0,234.595,0.0,41.26,1.0,0.0,0.0,0.0
433,285.9,188.436,0.0,187.597,0.839,984.984,285.9,699.084,0.0,699.084,38.7,1.0,0.0,0.0,0.0
434,285.8,10.0,0.0,10.0,0.0,52.505,52.505,0.0,233.295,465.789,41.18,1.0,0.0,0.0,0.0
435,285.6,10.0,0.0,10.0,0.0,52.505,52.505,0.0,233.095,232.695,39.47,1.0,0.0,0.0,0.0
436,285.2,10.0,0.0,10.0,0.0,52.505,52.505,0.0,232.695,0.0,41.26,1.0,0.0,0.0,0.0
437,283.0,301.551,0.0,300.0,1.551,1575.158,283.0,1292.158,0.0,1292.158,38.36,1.0,0.0,0.0,0.0
438,281.4,10.0,0.0,10.0,0.0,52.505,52.505,0.0,228.895,1063.263,40.81,1.0,0.0,0.0,0.0
439,278.5,301.556,0.0,300.0,1.556,1575.158,278.5,1296.658,0.0,2359.92,37.89,1.0,0.0,0.0,0.0
440,279.1,10.0,0.0,10.0,0.0,52.505,52.505,0.0,226.595,2133.326,41.18,1.0,0.0,0.0,0.0
441,278.3,219.109,0.0,218.069,1.04,1144.974,278.3,866.674,0.0,3000.0,38.36,1.0,0.0,0.0,0.0
442,278.4,10.0,0.0,10.0,0.0,52.505,52.505,0.0,225.895,2774.105,42.05,1.0,0.0,0.0,0.0
443,277.6,96.165,0.0,95.894,0.271,503.495,277.6,225.895,0.0,3000.0,38.36,1.0,0.0,0.0,0.0
444,278.2,10.0,0.0,10.0,0.0,52.505,52.505,0.0,225.695,2774.305,41.96,1.0,0.0,0.0,0.0
445,277.3,52.814,0.0,52.814,0.0,277.3,277.3,0.0,0.0,2774.305,39.47,1.0,0.0,0.0,0.0
446,277.1,10.0,0.0,10.0,0.0,52.505,52.505,0.0,224.595,2549.711,42.2,1.0,0.0,0.0,0.0
447,276.7,139.001,0.0,138.46,0.54,726.989,276.7,450.289,0.0,3000.0,39.47,1.0,0.0,0.0,0.0
448,277.6,10.0,0.0,10.0,0.0,52.505,52.505,0.0,225.095,2774.905,42.05,1.0,0.0,0.0,0.0
449,278.7,21.643,0.0,21.643,0.0,113.637,113.637,0.0,165.063,2609.842,40.81,1.0,0.0,0.0,0.0
450,282.6,10.0,0.0,10.0,0.0,52.505,52.505,0.0,230.095,2379.747,43.77,1.0,0.0,0.0,0.0
451,286.2,10.0,0.0,10.0,0.0,52.505,52.505,0.0,233.695,2146.053,42.29,1.0,0.0,0.0,0.0
452,289.8,10.0,0.0,10.0,0.0,52.505,52.505,0.0,237.295,1908.758,42.75,1.0,0.0,0.0,0.0
453,291.7,10.0,0.0,10.0,0.0,52.505,52.505,0.0,239.195,1669.563,43.77,1.0,0.0,0.0,0.0
454,292.3,10.0,0.0,10.0,0.0,52.505,52.505,0.0,239.795,1429.768,43.03,1.0,0.0,0.0,0.0
455,292.8,10.0,0.0,10.0,0.0,52.505,52.505,0.0,240.295,1189.474,43.77,1.0,0.0,0.0,0.0
456,292.0,10.0,0.0,10.0,0.0,52.505,52.505,0.0,239.495,949.979,42.75,1.0,0.0,0.0,0.0
457,291.6,10.0,0.0,10.0,0.0,52.505,52.505,0.0,239.095,710.884,42.85,1.0,0.0,0.0,0.0
458,291.0,10.0,0.0,10.0,0.0,52.505,52.505,0.0,238.495,472.389,42.29,1.0,0.0,0.0,0.0
459,289.6,10.0,0.0,10.0,0.0,52.505,52.505,0.0,237.095,235.295,42.05,1.0,0.0,0.0,0.0
460,287.8,10.0,0.0,10.0,0.0,52.505,52.505,0.0,235.295,0.0,42.05,1.0,0.0,0.0,0.0
461,284.9,54.261,0.0,54.261,0.0,284.9,284.9,0.0,0.0,0.0,40.81,1.0,0.0,0.0,0.0
462,282.9,53.88,0.0,53.88,0.0,282.9,282.9,0.0,0.0,0.0,40.81,1.0,0.0,0.0,0.0
463,281.1,53.538,0.0,53.538,0.0,281.1,281.1,0.0,0.0,0.0,38.92,1.0,0.0,0.0,0.0
464,275.1,52.395,0.0,52.395,0.0,275.1,275.1,0.0,0.0,0.0,37.83,1.0,0.0,0.0,0.0
465,267.9,51.023,0.0,51.023,0.0,267.9,267.9,0.0,0.0,0.0,32.33,1.0,0.0,0.0,0.0
466,265.1,50.49,0.0,50.49,0.0,265.1,265.1,0.0,0.0,0.0,31.35,1.0,0.0,0.0,0.0
467,260.8,49.671,0.0,49.671,0.0,260.8,260.8,0.0,0.0,0.0,30.06,1.0,0.0,0.0,0.0
468,257.7,49.081,0.0,49.081,0.0,257.7,257.7,0.0,0.0,0.0,30.06,1.0,0.0,0.0,0.0
469,254.6,48.49,0.0,48.49,0.0,254.6,254.6,0.0,0.0,0.0,29.84,1.0,0.0,0.0,0.0
470,250.9,47.786,0.0,47.786,0.0,250.9,250.9,0.0,0.0,0.0,29.34,1.0,0.0,0.0,0.0
471,247.5,94.291,0.0,93.995,0.295,493.525,247.5,246.025,0.0,246.025,29.28,1.0,0.0,0.0,0.0
472,247.6,0.0,0.3,0.3,0.0,1.575,1.575,0.0,246.025,0.0,29.69,0.0,0.0,1.0,0.0
473,244.2,46.51,0.0,46.51,0.0,244.2,244.2,0.0,0.0,0.0,28.55,1.0,0.0,0.0,0.0
474,239.2,45.557,0.0,45.557,0.0,239.2,239.2,0.0,0.0,0.0,28.28,1.0,0.0,0.0,0.0
475,234.3,44.624,0.0,44.624,0.0,234.3,234.3,0.0,0.0,0.0,28.08,1.0,0.0,0.0,0.0
476,229.5,43.71,0.0,43.71,0.0,229.5,229.5,0.0,0.0,0.0,28.08,1.0,0.0,0.0,0.0
477,226.0,43.043,0.0,43.043,0.0,226.0,226.0,0.0,0.0,0.0,27.92,1.0,0.0,0.0,0.0
478,221.5,42.186,0.0,42.186,0.0,221.5,221.5,0.0,0.0,0.0,27.56,1.0,0.0,0.0,0.0
479,217.5,41.424,0.0,41.424,0.0,217.5,217.5,0.0,0.0,0.0,27.6,1.0,0.0,0.0,0.0
480,214.9,121.32,0.0,120.816,0.503,634.35,214.9,419.45,0.0,419.45,27.22,1.0,0.0,0.0,0.0
481,212.4,0.0,0.3,0.3,0.0,1.575,1.575,0.0,210.825,208.625,27.59,0.0,0.0,1.0,0.0
482,210.2,0.0,0.3,0.3,0.0,1.575,1.575,0.0,208.625,0.0,27.22,0.0,0.0,1.0,0.0
483,207.2,39.463,0.0,39.463,0.0,207.2,207.2,0.0,0.0,0.0,25.4,1.0,0.0,0.0,0.0
484,204.2,77.534,0.0,77.292,0.242,405.825,204.2,201.625,0.0,201.625,25.3,1.0,0.0,0.0,0.0
485,203.2,0.0,0.3,0.3,0.0,1.575,1.575,0.0,201.625,0.0,26.42,0.0,0.0,1.0,0.0
486,201.4,76.407,0.0,76.169,0.238,399.925,201.4,198.525,0.0,198.525,25.12,1.0,0.0,0.0,0.0
487,200.1,0.0,0.3,0.3,0.0,1.575,1.575,0.0,198.525,0.0,25.18,0.0,0.0,1.0,0.0
488,198.3,235.152,0.0,233.916,1.236,1228.184,198.3,1029.884,0.0,1029.884,25.07,1.0,0.0,0.0,0.0
489,197.1,0.0,0.3,0.3,0.0,1.575,1.575,0.0,195.525,834.359,25.13,0.0,0.0,1.0,0.0
490,197.9,0.0,0.3,0.3,0.0,1.575,1.575,0.0,196.325,638.035,25.17,0.0,0.0,1.0,0.0
491,198.0,0.0,0.3,0.3,0.0,1.575,1.575,0.0,196.425,441.61,25.3,0.0,0.0,1.0,0.0
492,197.6,301.653,0.0,300.0,1.653,1575.158,197.6,1377.558,0.0,1819.167,24.88,1.0,0.0,0.0,0.0
493,197.6,0.0,0.3,0.3,0.0,1.575,1.575,0.0,196.025,1623.142,25.3,0.0,0.0,1.0,0.0
494,198.3,301.652,0.0,300.0,1.652,1575.158,198.3,1376.858,0.0,3000.0,24.97,1.0,0.0,0.0,0.0
495,198.3,0.0,0.3,0.3,0.0,1.575,1.575,0.0,196.725,2803.275,25.18,0.0,0.0,1.0,0.0
496,199.7,0.0,0.3,0.3,0.0,1.575,1.575,0.0,198.125,2605.15,25.13,0.0,0.0,1.0,0.0
497,199.9,0.0,0.3,0.3,0.0,1.575,1.575,0.0,198.325,2406.825,25.17,0.0,0.0,1.0,0.0
498,201.6,0.0,0.3,0.3,0.0,1.575,1.575,0.0,200.025,2206.801,25.18,0.0,0.0,1.0,0.0
499,202.7,0.0,0.3,0.3,0.0,1.575,1.575,0.0,201.125,2005.676,25.13,0.0,0.0,1.0,0.0
500,206.0,0.0,0.3,0.3,0.0,1.575,1.575,0.0,204.425,1801.251,27.8,0.0,0.0,1.0,0.0
501,206.5,269.078,0.0,267.64,1.438,1405.249,206.5,1198.749,0.0,3000.0,25.13,1.0,0.0,0.0,0.0
502,208.5,0.0,0.3,0.3,0.0,1.575,1.575,0.0,206.925,2793.075,27.92,0.0,0.0,1.0,0.0
503,209.2,79.502,0.0,79.254,0.248,416.125,209.2,206.925,0.0,3000.0,25.18,1.0,0.0,0.0,0.0
504,214.7,0.0,0.3,0.3,0.0,1.575,1.575,0.0,213.125,2786.875,29.77,0.0,0.0,1.0,0.0
505,220.3,82.805,0.0,82.549,0.256,433.425,220.3,213.125,0.0,3000.0,28.07,1.0,0.0,0.0,0.0
506,225.7,0.0,0.3,0.3,0.0,1.575,1.575,0.0,224.125,2775.875,33.97,0.0,0.0,1.0,0.0
507,230.4,86.836,0.0,86.568,0.269,454.525,230.4,224.125,0.0,3000.0,31.11,1.0,0.0,0.0,0.0
508,237.3,0.0,0.3,0.3,0.0,1.575,1.575,0.0,235.725,2764.275,34.49,0.0,0.0,1.0,0.0
509,242.2,0.0,0.3,0.3,0.0,1.575,1.575,0.0,240.625,2523.65,37.32,0.0,0.0,1.0,0.0
510,246.6,138.263,0.0,137.691,0.572,722.95,246.6,476.35,0.0,3000.0,34.49,1.0,0.0,0.0,0.0
511,250.7,0.0,0.3,0.3,0.0,1.575,1.575,0.0,249.125,2750.875,38.71,0.0,0.0,1.0,0.0
512,254.5,10.0,0.0,10.0,0.0,52.505,52.505,0.0,201.995,2548.88,38.85,1.0,0.0,0.0,0.0
513,256.3,10.0,0.0,10.0,0.0,52.505,52.505,0.0,203.795,2345.086,38.71,1.0,0.0,0.0,0.0
514,257.0,10.0,0.0,10.0,0.0,52.505,52.505,0.0,204.495,2140.591,38.85,1.0,0.0,0.0,0.0
515,257.3,121.802,0.0,121.346,0.456,637.131,257.3,379.831,0.0,2520.421,37.57,1.0,0.0,0.0,0.0
516,258.0,10.0,0.0,10.0,0.0,52.505,52.505,0.0,205.495,2314.927,38.85,1.0,0.0,0.0,0.0
517,260.1,10.0,0.0,10.0,0.0,52.505,52.505,0.0,207.595,2107.332,38.85,1.0,0.0,0.0,0.0
518,261.2,10.0,0.0,10.0,0.0,52.505,52.505,0.0,208.695,1898.637,39.84,1.0,0.0,0.0,0.0
519,262.5,10.0,0.0,10.0,0.0,52.505,52.505,0.0,209.995,1688.642,39.99,1.0,0.0,0.0,0.0
520,263.8,301.574,0.0,300.0,1.574,1575.158,263.8,1311.358,0.0,3000.0,37.57,1.0,0.0,0.0,0.0
521,265.7,10.0,0.0,10.0,0.0,52.505,52.505,0.0,213.195,2786.805,41.12,1.0,0.0,0.0,0.0
522,267.2,10.0,0.0,10.0,0.0,52.505,52.505,0.0,214.695,2572.111,38.85,1.0,0.0,0.0,0.0
523,269.8,10.0,0.0,10.0,0.0,52.505,52.505,0.0,217.295,2354.816,41.72,1.0,0.0,0.0,0.0
524,271.3,10.0,0.0,10.0,0.0,52.505,52.505,0.0,218.795,2136.021,38.85,1.0,0.0,0.0,0.0
525,273.7,10.0,0.0,10.0,0.0,52.505,52.505,0.0,221.195,1914.826,41.72,1.0,0.0,0.0,0.0
526,275.8,10.0,0.0,10.0,0.0,52.505,52.505,0.0,223.295,1691.532,41.72,1.0,0.0,0.0,0.0
527,276.2,10.0,0.0,10.0,0.0,52.505,52.505,0.0,223.695,1467.837,41.35,1.0,0.0,0.0,0.0
528,273.6,10.0,0.0,10.0,0.0,52.505,52.505,0.0,221.095,1246.742,40.25,1.0,0.0,0.0,0.0
529,274.0,10.0,0.0,10.0,0.0,52.505,52.505,0.0,221.495,1025.247,41.75,1.0,0.0,0.0,0.0
530,273.6,10.0,0.0,10.0,0.0,52.505,52.505,0.0,221.095,804.153,40.23,1.0,0.0,0.0,0.0
531,272.3,10.0,0.0,10.0,0.0,52.505,52.505,0.0,219.795,584.358,41.35,1.0,0.0,0.0,0.0
532,270.7,10.0,0.0,10.0,0.0,52.505,52.505,0.0,218.195,366.163,38.85,1.0,0.0,0.0,0.0
533,268.8,10.0,0.0,10.0,0.0,52.505,52.505,0.0,216.295,149.868,39.99,1.0,0.0,0.0,0.0
534,266.9,301.57,0.0,300.0,1.57,1575.158,266.9,1308.258,0.0,1458.126,37.74,1.0,0.0,0.0,0.0
535,264.3,10.0,0.0,10.0,0.0,52.505,52.505,0.0,211.795,1246.331,38.85,1.0,0.0,0.0,0.0
536,263.2,174.975,0.0,174.193,0.782,914.606,263.2,651.406,0.0,1897.737,38.6,1.0,0.0,0.0,0.0
537,263.1,10.0,0.0,10.0,0.0,52.505,52.505,0.0,210.595,1687.142,41.35,1.0,0.0,0.0,0.0
538,262.3,301.575,0.0,300.0,1.575,1575.158,262.3,1312.858,0.0,3000.0,37.74,1.0,0.0,0.0,0.0
539,260.7,10.0,0.0,10.0,0.0,52.505,52.505,0.0,208.195,2791.805,40.41,1.0,0.0,0.0,0.0
540,260.9,89.592,0.0,89.342,0.25,469.095,260.9,208.195,0.0,3000.0,38.85,1.0,0.0,0.0,0.0
541,260.2,10.0,0.0,10.0,0.0,52.505,52.505,0.0,207.695,2792.305,39.99,1.0,0.0,0.0,0.0
542,260.0,89.325,0.0,89.076,0.249,467.695,260.0,207.695,0.0,3000.0,38.85,1.0,0.0,0.0,0.0
543,260.4,10.0,0.0,10.0,0.0,52.505,52.505,0.0,207.895,2792.105,41.35,1.0,0.0,0.0,0.0
544,262.7,25.184,0.0,25.184,0.0,132.232,132.232,0.0,130.468,2661.637,39.99,1.0,0.0,0.0,0.0
545,265.3,10.0,0.0,10.0,0.0,52.505,52.505,0.0,212.795,2448.842,42.25,1.0,0.0,0.0,0.0
546,265.7,10.0,0.0,10.0,0.0,52.505,52.505,0.0,213.195,2235.647,40.41,1.0,0.0,0.0,0.0
547,266.2,10.0,0.0,10.0,0.0,52.505,52.505,0.0,213.695,2021.953,41.35,1.0,0.0,0.0,0.0
548,269.9,10.0,0.0,10.0,0.0,52.505,52.505,0.0,217.395,1804.558,41.72,1.0,0.0,0.0,0.0
549,270.6,10.0,0.0,10.0,0.0,52.505,52.505,0.0,218.095,1586.463,41.35,1.0,0.0,0.0,0.0
550,277.3,10.0,0.0,10.0,0.0,52.505,52.505,0.0,224.795,1361.668,44.35,1.0,0.0,0.0,0.0
551,280.9,10.0,0.0,10.0,0.0,52.505,52.505,0.0,228.395,1133.274,44.73,1.0,0.0,0.0,0.0
552,281.2,10.0,0.0,10.0,0.0,52.505,52.505,0.0,228.695,904.579,44.35,1.0,0.0,0.0,0.0
553,280.6,10.0,0.0,10.0,0.0,52.505,52.505,0.0,228.095,676.484,43.6,1.0,0.0,0.0,0.0
554,279.1,10.0,0.0,10.0,0.0,52.505,52.505,0.0,226.595,449.889,42.6,1.0,0.0,0.0,0.0
555,278.1,10.0,0.0,10.0,0.0,52.505,52.505,0.0,225.595,224.295,41.35,1.0,0.0,0.0,0.0
556,276.8,10.0,0.0,10.0,0.0,52.505,52.505,0.0,224.295,0.0,42.07,1.0,0.0,0.0,0.0
557,274.7,52.319,0.0,52.319,0.0,274.7,274.7,0.0,0.0,0.0,39.81,1.0,0.0,0.0,0.0
558,271.8,51.766,0.0,51.766,0.0,271.8,271.8,0.0,0.0,0.0,38.85,1.0,0.0,0.0,0.0
559,269.0,51.233,0.0,51.233,0.0,269.0,269.0,0.0,0.0,0.0,38.38,1.0,0.0,0.0,0.0
560,264.7,50.414,0.0,50.414,0.0,264.7,264.7,0.0,0.0,0.0,33.86,1.0,0.0,0.0,0.0
561,259.7,49.462,0.0,49.462,0.0,259.7,259.7,0.0,0.0,0.0,32.26,1.0,0.0,0.0,0.0
562,255.4,48.643,0.0,48.643,0.0,255.4,255.4,0.0,0.0,0.0,31.2,1.0,0.0,0.0,0.0
563,252.0,95.588,0.0,95.29,0.298,500.325,252.0,248.325,0.0,248.325,29.94,1.0,0.0,0.0,0.0
564,249.9,0.0,0.3,0.3,0.0,1.575,1.575,0.0,248.325,0.0,31.57,0.0,0.0,1.0,0.0
565,247.1,93.697,0.0,93.405,0.292,490.425,247.1,243.325,0.0,243.325,29.72,1.0,0.0,0.0,0.0
566,244.9,0.0,0.3,0.3,0.0,1.575,1.575,0.0,243.325,0.0,30.02,0.0,0.0,1.0,0.0
567,243.2,92.686,0.0,92.395,0.29,485.125,243.2,241.925,0.0,241.925,29.28,1.0,0.0,0.0,0.0
568,243.5,0.0,0.3,0.3,0.0,1.575,1.575,0.0,241.925,0.0,31.17,0.0,0.0,1.0,0.0
569,240.9,90.925,0.0,90.643,0.282,475.925,240.9,235.025,0.0,235.025,29.02,1.0,0.0,0.0,0.0
570,236.6,0.0,0.3,0.3,0.0,1.575,1.575,0.0,235.025,0.0,29.26,0.0,0.0,1.0,0.0
571,232.0,87.582,0.0,87.31,0.272,458.425,232.0,226.425,0.0,226.425,28.36,1.0,0.0,0.0,0.0
572,228.0,0.0,0.3,0.3,0.0,1.575,1.575,0.0,226.425,0.0,28.58,0.0,0.0,1.0,0.0
573,223.6,42.586,0.0,42.586,0.0,223.6,223.6,0.0,0.0,0.0,28.24,1.0,0.0,0.0,0.0
574,219.6,41.824,0.0,41.824,0.0,219.6,219.6,0.0,0.0,0.0,27.99,1.0,0.0,0.0,0.0
575,215.3,41.005,0.0,41.005,0.0,215.3,215.3,0.0,0.0,0.0,27.95,1.0,0.0,0.0,0.0
576,213.3,80.647,0.0,80.397,0.251,422.125,213.3,208.825,0.0,208.825,27.65,1.0,0.0,0.0,0.0
577,210.4,0.0,0.3,0.3,0.0,1.575,1.575,0.0,208.825,0.0,27.79,0.0,0.0,1.0,0.0
578,207.5,78.584,0.0,78.34,0.245,411.325,207.5,203.825,0.0,203.825,25.3,1.0,0.0,0.0,0.0
579,205.4,0.0,0.3,0.3,0.0,1.575,1.575,0.0,203.825,0.0,27.39,0.0,0.0,1.0,0.0
580,202.5,76.731,0.0,76.492,0.239,401.625,202.5,199.125,0.0,199.125,25.18,1.0,0.0,0.0,0.0
581,200.7,0.0,0.3,0.3,0.0,1.575,1.575,0.0,199.125,0.0,26.14,0.0,0.0,1.0,0.0
582,200.0,76.025,0.0,75.788,0.238,397.925,200.0,197.925,0.0,197.925,25.12,1.0,0.0,0.0,0.0
583,199.5,0.0,0.3,0.3,0.0,1.575,1.575,0.0,197.925,0.0,25.3,0.0,0.0,1.0,0.0
584,196.9,301.654,0.0,300.0,1.654,1575.158,196.9,1378.258,0.0,1378.258,24.65,1.0,0.0,0.0,0.0
585,196.3,0.0,0.3,0.3,0.0,1.575,1.575,0.0,194.725,1183.533,26.77,0.0,0.0,1.0,0.0
586,195.7,0.0,0.3,0.3,0.0,1.575,1.575,0.0,194.125,989.408,24.93,0.0,0.0,1.0,0.0
587,195.3,0.0,0.3,0.3,0.0,1.575,1.575,0.0,193.725,795.683,24.93,0.0,0.0,1.0,0.0
588,196.2,232.912,0.0,231.688,1.224,1216.484,196.2,1020.284,0.0,1815.967,24.78,1.0,0.0,0.0,0.0
589,196.3,0.0,0.3,0.3,0.0,1.575,1.575,0.0,194.725,1621.242,25.0,0.0,0.0,1.0,0.0
590,196.4,301.655,0.0,300.0,1.655,1575.158,196.4,1378.758,0.0,3000.0,24.65,1.0,0.0,0.0,0.0
591,197.8,0.0,0.3,0.3,0.0,1.575,1.575,0.0,196.225,2803.775,25.12,0.0,0.0,1.0,0.0
592,199.9,0.0,0.3,0.3,0.0,1.575,1.575,0.0,198.325,2605.45,25.0,0.0,0.0,1.0,0.0
593,202.2,0.0,0.3,0.3,0.0,1.575,1.575,0.0,200.625,2404.825,26.14,0.0,0.0,1.0,0.0
594,203.2,152.77,0.0,152.056,0.714,798.375,203.2,595.175,0.0,3000.0,24.78,1.0,0.0,0.0,0.0
595,206.1,0.0,0.3,0.3,0.0,1.575,1.575,0.0,204.525,2795.475,27.31,0.0,0.0,1.0,0.0
596,211.0,79.385,0.0,79.14,0.245,415.525,211.0,204.525,0.0,3000.0,26.14,1.0,0.0,0.0,0.0
597,214.1,40.777,0.0,40.777,0.0,214.1,214.1,0.0,0.0,3000.0,27.58,1.0,0.0,0.0,0.0
598,219.1,41.729,0.0,41.729,0.0,219.1,219.1,0.0,0.0,3000.0,27.79,1.0,0.0,0.0,0.0
599,224.7,42.796,0.0,42.796,0.0,224.7,224.7,0.0,0.0,3000.0,27.92,1.0,0.0,0.0,0.0
600,236.4,45.024,0.0,45.024,0.0,236.4,236.4,0.0,0.0,3000.0,32.08,1.0,0.0,0.0,0.0
601,245.0,0.0,0.3,0.3,0.0,1.575,1.575,0.0,243.425,2756.575,33.4,0.0,0.0,1.0,0.0
602,253.8,10.0,0.0,10.0,0.0,52.505,52.505,0.0,201.295,2555.28,37.44,1.0,0.0,0.0,0.0
603,263.0,10.0,0.0,10.0,0.0,52.505,52.505,0.0,210.495,2344.786,42.13,1.0,0.0,0.0,0.0
604,270.5,10.0,0.0,10.0,0.0,52.505,52.505,0.0,217.995,2126.791,40.38,1.0,0.0,0.0,0.0
605,275.1,10.0,0.0,10.0,0.0,52.505,52.505,0.0,222.595,1904.196,42.3,1.0,0.0,0.0,0.0
606,279.6,10.0,0.0,10.0,0.0,52.505,52.505,0.0,227.095,1677.101,41.76,1.0,0.0,0.0,0.0
607,282.8,10.0,0.0,10.0,0.0,52.505,52.505,0.0,230.295,1446.807,43.25,1.0,0.0,0.0,0.0
608,286.4,10.0,0.0,10.0,0.0,52.505,52.505,0.0,233.895,1212.912,43.26,1.0,0.0,0.0,0.0
609,287.9,10.0,0.0,10.0,0.0,52.505,52.505,0.0,235.395,977.517,43.26,1.0,0.0,0.0,0.0
610,288.1,10.0,0.0,10.0,0.0,52.505,52.505,0.0,235.595,741.922,41.76,1.0,0.0,0.0,0.0
611,287.5,10.0,0.0,10.0,0.0,52.505,52.505,0.0,234.995,506.928,39.24,1.0,0.0,0.0,0.0
612,287.3,10.0,0.0,10.0,0.0,52.505,52.505,0.0,234.795,272.133,38.29,1.0,0.0,0.0,0.0
613,287.4,10.0,0.0,10.0,0.0,52.505,52.505,0.0,234.895,37.238,33.4,1.0,0.0,0.0,0.0
614,288.1,93.136,0.0,92.897,0.24,487.757,288.1,199.657,0.0,236.895,32.26,1.0,0.0,0.0,0.0
615,289.4,10.0,0.0,10.0,0.0,52.505,52.505,0.0,236.895,0.0,32.63,1.0,0.0,0.0,0.0
616,289.3,100.559,0.0,100.275,0.285,526.495,289.3,237.195,0.0,237.195,31.69,1.0,0.0,0.0,0.0
617,289.7,10.0,0.0,10.0,0.0,52.505,52.505,0.0,237.195,0.0,33.39,1.0,0.0,0.0,0.0
618,290.7,301.541,0.0,300.0,1.541,1575.158,290.7,1284.458,0.0,1284.458,30.02,1.0,0.0,0.0,0.0
619,290.9,301.541,0.0,300.0,1.541,1575.158,290.9,1284.258,0.0,2568.715,31.32,1.0,0.0,0.0,0.0
620,293.4,78.213,0.0,78.074,0.14,409.927,293.4,116.527,0.0,2685.242,31.45,1.0,0.0,0.0,0.0
621,297.0,10.0,0.0,10.0,0.0,52.505,52.505,0.0,244.495,2440.747,33.39,1.0,0.0,0.0,0.0
622,298.7,10.0,0.0,10.0,0.0,52.505,52.505,0.0,246.195,2194.553,32.83,1.0,0.0,0.0,0.0
623,299.1,10.0,0.0,10.0,0.0,52.505,52.505,0.0,246.595,1947.958,32.83,1.0,0.0,0.0,0.0
624,297.6,10.0,0.0,10.0,0.0,52.505,52.505,0.0,245.095,1702.863,32.08,1.0,0.0,0.0,0.0
625,297.2,10.0,0.0,10.0,0.0,52.505,52.505,0.0,244.695,1458.168,32.0,1.0,0.0,0.0,0.0
626,297.7,10.0,0.0,10.0,0.0,52.505,52.505,0.0,245.195,1212.974,33.39,1.0,0.0,0.0,0.0
627,297.8,10.0,0.0,10.0,0.0,52.505,52.505,0.0,245.295,967.679,32.26,1.0,0.0,0.0,0.0
628,298.0,10.0,0.0,10.0,0.0,52.505,52.505,0.0,245.495,722.184,33.4,1.0,0.0,0.0,0.0
629,295.6,10.0,0.0,10.0,0.0,52.505,52.505,0.0,243.095,479.089,31.69,1.0,0.0,0.0,0.0
630,292.4,10.0,0.0,10.0,0.0,52.505,52.505,0.0,239.895,239.195,31.69,1.0,0.0,0.0,0.0
631,291.2,55.461,0.0,55.461,0.0,291.2,291.2,0.0,0.0,239.195,31.58,1.0,0.0,0.0,0.0
632,291.7,10.0,0.0,10.0,0.0,52.505,52.505,0.0,239.195,0.0,32.08,1.0,0.0,0.0,0.0
633,291.9,55.594,0.0,55.594,0.0,291.9,291.9,0.0,0.0,0.0,31.45,1.0,0.0,0.0,0.0
634,291.2,55.461,0.0,55.461,0.0,291.2,291.2,0.0,0.0,0.0,31.58,1.0,0.0,0.0,0.0
635,290.4,55.309,0.0,55.309,0.0,290.4,290.4,0.0,0.0,0.0,31.31,1.0,0.0,0.0,0.0
636,291.8,55.575,0.0,55.575,0.0,291.8,291.8,0.0,0.0,0.0,31.19,1.0,0.0,0.0,0.0
637,290.0,55.233,0.0,55.233,0.0,290.0,290.0,0.0,0.0,0.0,29.71,1.0,0.0,0.0,0.0
638,289.4,55.118,0.0,55.118,0.0,289.4,289.4,0.0,0.0,0.0,29.71,1.0,0.0,0.0,0.0
639,289.8,283.519,0.0,282.089,1.43,1481.116,289.8,1191.316,0.0,1191.316,29.71,1.0,0.0,0.0,0.0
640,290.1,301.542,0.0,300.0,1.542,1575.158,290.1,1285.058,0.0,2476.374,29.54,1.0,0.0,0.0,0.0
641,291.8,10.0,0.0,10.0,0.0,52.505,52.505,0.0,239.295,2237.079,30.74,1.0,0.0,0.0,0.0
642,294.3,10.0,0.0,10.0,0.0,52.505,52.505,0.0,241.795,1995.284,29.94,1.0,0.0,0.0,0.0
643,297.9,10.0,0.0,10.0,0.0,52.505,52.505,0.0,245.395,1749.889,31.31,1.0,0.0,0.0,0.0
644,302.4,10.0,0.0,10.0,0.0,52.505,52.505,0.0,249.895,1499.995,32.08,1.0,0.0,0.0,0.0
645,304.0,10.285,0.0,10.285,0.0,54.0,54.0,0.0,250.0,1249.995,31.69,1.0,0.0,0.0,0.0
646,304.5,10.38,0.0,10.38,0.0,54.5,54.5,0.0,250.0,999.995,31.69,1.0,0.0,0.0,0.0
647,305.5,10.57,0.0,10.57,0.0,55.5,55.5,0.0,250.0,749.995,31.43,1.0,0.0,0.0,0.0
648,304.8,10.437,0.0,10.437,0.0,54.8,54.8,0.0,250.0,499.995,31.32,1.0,0.0,0.0,0.0
649,302.5,10.0,0.0,10.0,0.0,52.505,52.505,0.0,249.995,250.0,29.94,1.0,0.0,0.0,0.0
650,302.6,10.018,0.0,10.018,0.0,52.6,52.6,0.0,250.0,0.0,29.94,1.0,0.0,0.0,0.0
651,300.8,57.29,0.0,57.29,0.0,300.8,300.8,0.0,0.0,0.0,29.51,1.0,0.0,0.0,0.0
652,298.3,56.813,0.0,56.813,0.0,298.3,298.3,0.0,0.0,0.0,29.51,1.0,0.0,0.0,0.0
653,294.7,56.128,0.0,56.128,0.0,294.7,294.7,0.0,0.0,0.0,28.25,1.0,0.0,0.0,0.0
654,290.8,55.385,0.0,55.385,0.0,290.8,290.8,0.0,0.0,0.0,27.95,1.0,0.0,0.0,0.0
655,287.6,54.775,0.0,54.775,0.0,287.6,287.6,0.0,0.0,0.0,27.85,1.0,0.0,0.0,0.0
656,283.0,53.899,0.0,53.899,0.0,283.0,283.0,0.0,0.0,0.0,27.84,1.0,0.0,0.0,0.0
657,277.5,52.852,0.0,52.852,0.0,277.5,277.5,0.0,0.0,0.0,27.28,1.0,0.0,0.0,0.0
658,274.2,52.223,0.0,52.223,0.0,274.2,274.2,0.0,0.0,0.0,27.31,1.0,0.0,0.0,0.0
659,269.5,92.227,0.0,91.971,0.256,482.895,269.5,213.395,0.0,213.395,25.18,1.0,0.0,0.0,0.0
660,265.9,10.0,0.0,10.0,0.0,52.505,52.505,0.0,213.395,0.0,26.77,1.0,0.0,0.0,0.0
661,262.2,49.938,0.0,49.938,0.0,262.2,262.2,0.0,0.0,0.0,24.9,1.0,0.0,0.0,0.0
662,258.8,49.29,0.0,49.29,0.0,258.8,258.8,0.0,0.0,0.0,24.93,1.0,0.0,0.0,0.0
663,255.3,87.74,0.0,87.495,0.245,459.395,255.3,204.095,0.0,204.095,24.37,1.0,0.0,0.0,0.0
664,256.6,10.0,0.0,10.0,0.0,52.505,52.505,0.0,204.095,0.0,26.14,1.0,0.0,0.0,0.0
665,253.5,95.625,0.0,95.329,0.296,500.525,253.5,247.025,0.0,247.025,23.86,1.0,0.0,0.0,0.0
666,248.6,0.0,0.3,0.3,0.0,1.575,1.575,0.0,247.025,0.0,24.65,0.0,0.0,1.0,0.0
667,244.5,92.263,0.0,91.976,0.286,482.925,244.5,238.425,0.0,238.425,23.81,1.0,0.0,0.0,0.0
668,240.0,0.0,0.3,0.3,0.0,1.575,1.575,0.0,238.425,0.0,24.45,0.0,0.0,1.0,0.0
669,234.7,88.384,0.0,88.11,0.274,462.625,234.7,227.925,0.0,227.925,23.68,1.0,0.0,0.0,0.0
670,229.5,0.0,0.3,0.3,0.0,1.575,1.575,0.0,227.925,0.0,23.68,0.0,0.0,1.0,0.0
671,225.8,43.005,0.0,43.005,0.0,225.8,225.8,0.0,0.0,0.0,20.73,1.0,0.0,0.0,0.0
672,222.6,42.396,0.0,42.396,0.0,222.6,222.6,0.0,0.0,0.0,23.68,1.0,0.0,0.0,0.0
673,219.3,82.902,0.0,82.644,0.258,433.925,219.3,214.625,0.0,214.625,20.54,1.0,0.0,0.0,0.0
674,216.2,0.0,0.3,0.3,0.0,1.575,1.575,0.0,214.625,0.0,22.0,0.0,0.0,1.0,0.0
675,214.3,81.259,0.0,81.006,0.253,425.325,214.3,211.025,0.0,211.025,20.54,1.0,0.0,0.0,0.0
676,212.6,0.0,0.3,0.3,0.0,1.575,1.575,0.0,211.025,0.0,21.8,0.0,0.0,1.0,0.0
677,209.9,79.712,0.0,79.463,0.249,417.225,209.9,207.325,0.0,207.325,19.18,1.0,0.0,0.0,0.0
678,208.9,0.0,0.3,0.3,0.0,1.575,1.575,0.0,207.325,0.0,21.8,0.0,0.0,1.0,0.0
679,207.4,39.501,0.0,39.501,0.0,207.4,207.4,0.0,0.0,0.0,17.91,1.0,0.0,0.0,0.0
680,204.4,166.043,0.0,165.247,0.796,867.635,204.4,663.235,0.0,663.235,16.02,1.0,0.0,0.0,0.0
681,204.1,0.0,0.3,0.3,0.0,1.575,1.575,0.0,202.525,460.71,19.81,0.0,0.0,1.0,0.0
682,203.8,301.646,0.0,300.0,1.646,1575.158,203.8,1371.358,0.0,1832.067,15.81,1.0,0.0,0.0,0.0
683,204.1,0.0,0.3,0.3,0.0,1.575,1.575,0.0,202.525,1629.542,17.11,0.0,0.0,1.0,0.0
684,204.7,301.645,0.0,300.0,1.645,1575.158,204.7,1370.458,0.0,3000.0,15.81,1.0,0.0,0.0,0.0
685,205.5,39.139,0.0,39.139,0.0,205.5,205.5,0.0,0.0,3000.0,17.11,1.0,0.0,0.0,0.0
686,206.7,0.0,0.3,0.3,0.0,1.575,1.575,0.0,205.125,2794.875,21.8,0.0,0.0,1.0,0.0
687,207.1,78.757,0.0,78.511,0.246,412.225,207.1,205.125,0.0,3000.0,17.11,1.0,0.0,0.0,0.0
688,208.7,0.0,0.3,0.3,0.0,1.575,1.575,0.0,207.125,2792.875,21.8,0.0,0.0,1.0,0.0
689,210.0,0.0,0.3,0.3,0.0,1.575,1.575,0.0,208.425,2584.45,21.76,0.0,0.0,1.0,0.0
690,211.3,0.0,0.3,0.3,0.0,1.575,1.575,0.0,209.725,2374.725,22.0,0.0,0.0,1.0,0.0
691,212.5,160.31,0.0,159.56,0.75,837.775,212.5,625.275,0.0,3000.0,19.0,1.0,0.0,0.0,0.0
692,218.1,0.0,0.3,0.3,0.0,1.575,1.575,0.0,216.525,2783.475,22.16,0.0,0.0,1.0,0.0
693,221.2,83.628,0.0,83.368,0.26,437.725,221.2,216.525,0.0,3000.0,21.72,1.0,0.0,0.0,0.0
694,225.7,42.986,0.0,42.986,0.0,225.7,225.7,0.0,0.0,3000.0,23.32,1.0,0.0,0.0,0.0
695,232.3,44.243,0.0,44.243,0.0,232.3,232.3,0.0,0.0,3000.0,23.72,1.0,0.0,0.0,0.0
696,242.6,46.205,0.0,46.205,0.0,242.6,242.6,0.0,0.0,3000.0,24.8,1.0,0.0,0.0,0.0
697,252.8,48.148,0.0,48.148,0.0,252.8,252.8,0.0,0.0,3000.0,25.07,1.0,0.0,0.0,0.0
698,261.1,10.0,0.0,10.0,0.0,52.505,52.505,0.0,208.595,2791.405,27.63,1.0,0.0,0.0,0.0
699,268.4,10.0,0.0,10.0,0.0,52.505,52.505,0.0,215.895,2575.511,27.68,1.0,0.0,0.0,0.0
700,277.1,10.0,0.0,10.0,0.0,52.505,52.505,0.0,224.595,2350.916,29.06,1.0,0.0,0.0,0.0
701,280.9,10.0,0.0,10.0,0.0,52.505,52.505,0.0,228.395,2122.521,27.89,1.0,0.0,0.0,0.0
702,285.9,10.0,0.0,10.0,0.0,52.505,52.505,0.0,233.395,1889.126,30.65,1.0,0.0,0.0,0.0
703,289.7,10.0,0.0,10.0,0.0,52.505,52.505,0.0,237.195,1651.932,27.99,1.0,0.0,0.0,0.0
704,293.1,10.0,0.0,10.0,0.0,52.505,52.505,0.0,240.595,1411.337,29.54,1.0,0.0,0.0,0.0
705,292.9,10.0,0.0,10.0,0.0,52.505,52.505,0.0,240.395,1170.942,28.71,1.0,0.0,0.0,0.0
706,294.4,10.0,0.0,10.0,0.0,52.505,52.505,0.0,241.895,929.047,29.17,1.0,0.0,0.0,0.0
707,293.8,10.0,0.0,10.0,0.0,52.505,52.505,0.0,241.295,687.753,28.03,1.0,0.0,0.0,0.0
708,293.4,10.0,0.0,10.0,0.0,52.505,52.505,0.0,240.895,446.858,27.79,1.0,0.0,0.0,0.0
709,294.5,10.0,0.0,10.0,0.0,52.505,52.505,0.0,241.995,204.863,27.59,1.0,0.0,0.0,0.0
710,295.5,17.262,0.0,17.262,0.0,90.637,90.637,0.0,204.863,0.0,27.55,1.0,0.0,0.0,0.0
711,294.8,56.147,0.0,56.147,0.0,294.8,294.8,0.0,0.0,0.0,25.18,1.0,0.0,0.0,0.0
712,293.6,55.918,0.0,55.918,0.0,293.6,293.6,0.0,0.0,0.0,25.12,1.0,0.0,0.0,0.0
713,293.5,55.899,0.0,55.899,0.0,293.5,293.5,0.0,0.0,0.0,24.64,1.0,0.0,0.0,0.0
714,293.6,55.918,0.0,55.918,0.0,293.6,293.6,0.0,0.0,0.0,24.65,1.0,0.0,0.0,0.0
715,294.9,301.536,0.0,300.0,1.536,1575.158,294.9,1280.258,0.0,1280.258,24.31,1.0,0.0,0.0,0.0
716,295.7,56.318,0.0,56.318,0.0,295.7,295.7,0.0,0.0,1280.258,24.41,1.0,0.0,0.0,0.0
717,297.0,56.566,0.0,56.566,0.0,297.0,297.0,0.0,0.0,1280.258,24.45,1.0,0.0,0.0,0.0
718,297.8,301.533,0.0,300.0,1.533,1575.158,297.8,1277.358,0.0,2557.615,24.32,1.0,0.0,0.0,0.0
719,297.3,141.409,0.0,140.878,0.531,739.685,297.3,442.385,0.0,3000.0,24.41,1.0,0.0,0.0,0.0
720,296.2,56.413,0.0,56.413,0.0,296.2,296.2,0.0,0.0,3000.0,24.45,1.0,0.0,0.0,0.0
721,295.3,56.242,0.0,56.242,0.0,295.3,295.3,0.0,0.0,3000.0,24.65,1.0,0.0,0.0,0.0
722,293.7,55.937,0.0,55.937,0.0,293.7,293.7,0.0,0.0,3000.0,24.54,1.0,0.0,0.0,0.0
723,292.1,10.0,0.0,10.0,0.0,52.505,52.505,0.0,239.595,2760.405,25.07,1.0,0.0,0.0,0.0
724,291.6,10.0,0.0,10.0,0.0,52.505,52.505,0.0,239.095,2521.311,26.65,1.0,0.0,0.0,0.0
725,288.4,146.672,0.0,146.098,0.574,767.089,288.4,478.689,0.0,3000.0,24.88,1.0,0.0,0.0,0.0
726,285.4,10.0,0.0,10.0,0.0,52.505,52.505,0.0,232.895,2767.105,25.86,1.0,0.0,0.0,0.0
727,281.5,98.25,0.0,97.97,0.279,514.395,281.5,232.895,0.0,3000.0,25.18,1.0,0.0,0.0,0.0
728,280.7,53.461,0.0,53.461,0.0,280.7,280.7,0.0,0.0,3000.0,27.47,1.0,0.0,0.0,0.0
729,280.4,53.404,0.0,53.404,0.0,280.4,280.4,0.0,0.0,3000.0,27.61,1.0,0.0,0.0,0.0
730,278.8,53.099,0.0,53.099,0.0,278.8,278.8,0.0,0.0,3000.0,27.86,1.0,0.0,0.0,0.0
731,277.8,52.909,0.0,52.909,0.0,277.8,277.8,0.0,0.0,3000.0,27.86,1.0,0.0,0.0,0.0
732,277.6,52.871,0.0,52.871,0.0,277.6,277.6,0.0,0.0,3000.0,29.17,1.0,0.0,0.0,0.0
733,276.0,52.566,0.0,52.566,0.0,276.0,276.0,0.0,0.0,3000.0,29.61,1.0,0.0,0.0,0.0
734,275.8,10.0,0.0,10.0,0.0,52.505,52.505,0.0,223.295,2776.705,31.83,1.0,0.0,0.0,0.0
735,276.1,95.381,0.0,95.113,0.268,499.395,276.1,223.295,0.0,3000.0,31.41,1.0,0.0,0.0,0.0
736,277.0,26.252,0.0,26.252,0.0,137.837,137.837,0.0,139.163,2860.837,32.43,1.0,0.0,0.0,0.0
737,278.2,10.0,0.0,10.0,0.0,52.505,52.505,0.0,225.695,2635.142,33.21,1.0,0.0,0.0,0.0
738,282.3,10.0,0.0,10.0,0.0,52.505,52.505,0.0,229.795,2405.347,33.21,1.0,0.0,0.0,0.0
739,286.4,10.0,0.0,10.0,0.0,52.505,52.505,0.0,233.895,2171.453,37.36,1.0,0.0,0.0,0.0
740,292.3,10.0,0.0,10.0,0.0,52.505,52.505,0.0,239.795,1931.658,38.08,1.0,0.0,0.0,0.0
741,296.0,10.0,0.0,10.0,0.0,52.505,52.505,0.0,243.495,1688.163,39.74,1.0,0.0,0.0,0.0
742,296.9,10.0,0.0,10.0,0.0,52.505,52.505,0.0,244.395,1443.768,37.23,1.0,0.0,0.0,0.0
743,297.5,10.0,0.0,10.0,0.0,52.505,52.505,0.0,244.995,1198.774,39.59,1.0,0.0,0.0,0.0
744,294.1,10.0,0.0,10.0,0.0,52.505,52.505,0.0,241.595,957.179,34.08,1.0,0.0,0.0,0.0
745,293.6,10.0,0.0,10.0,0.0,52.505,52.505,0.0,241.095,716.084,34.68,1.0,0.0,0.0,0.0
746,293.3,10.0,0.0,10.0,0.0,52.505,52.505,0.0,240.795,475.289,34.68,1.0,0.0,0.0,0.0
747,290.7,10.0,0.0,10.0,0.0,52.505,52.505,0.0,238.195,237.095,33.9,1.0,0.0,0.0,0.0
748,289.6,10.0,0.0,10.0,0.0,52.505,52.505,0.0,237.095,0.0,33.9,1.0,0.0,0.0,0.0
749,285.8,54.433,0.0,54.433,0.0,285.8,285.8,0.0,0.0,0.0,32.08,1.0,0.0,0.0,0.0
750,282.5,53.804,0.0,53.804,0.0,282.5,282.5,0.0,0.0,0.0,31.41,1.0,0.0,0.0,0.0
751,279.9,53.309,0.0,53.309,0.0,279.9,279.9,0.0,0.0,0.0,30.69,1.0,0.0,0.0,0.0
752,272.7,51.938,0.0,51.938,0.0,272.7,272.7,0.0,0.0,0.0,29.38,1.0,0.0,0.0,0.0
753,268.1,51.062,0.0,51.062,0.0,268.1,268.1,0.0,0.0,0.0,28.58,1.0,0.0,0.0,0.0
754,264.2,50.319,0.0,50.319,0.0,264.2,264.2,0.0,0.0,0.0,28.58,1.0,0.0,0.0,0.0
755,258.8,88.368,0.0,88.124,0.245,462.695,258.8,203.895,0.0,203.895,27.97,1.0,0.0,0.0,0.0
756,256.4,10.0,0.0,10.0,0.0,52.505,52.505,0.0,203.895,0.0,28.48,1.0,0.0,0.0,0.0
757,252.9,48.167,0.0,48.167,0.0,252.9,252.9,0.0,0.0,0.0,27.86,1.0,0.0,0.0,0.0
758,248.8,187.214,0.0,186.338,0.875,978.375,248.8,729.575,0.0,729.575,27.63,1.0,0.0,0.0,0.0
759,245.6,0.0,0.3,0.3,0.0,1.575,1.575,0.0,244.025,485.55,27.86,0.0,0.0,1.0,0.0
760,245.3,0.0,0.3,0.3,0.0,1.575,1.575,0.0,243.725,241.825,27.86,0.0,0.0,1.0,0.0
761,243.4,0.0,0.3,0.3,0.0,1.575,1.575,0.0,241.825,0.0,27.92,0.0,0.0,1.0,0.0
762,240.2,45.748,0.0,45.748,0.0,240.2,240.2,0.0,0.0,0.0,27.68,1.0,0.0,0.0,0.0
763,237.0,45.138,0.0,45.138,0.0,237.0,237.0,0.0,0.0,0.0,27.63,1.0,0.0,0.0,0.0
764,230.7,87.181,0.0,86.91,0.271,456.325,230.7,225.625,0.0,225.625,26.87,1.0,0.0,0.0,0.0
765,227.2,0.0,0.3,0.3,0.0,1.575,1.575,0.0,225.625,0.0,27.22,0.0,0.0,1.0,0.0
766,224.3,42.72,0.0,42.72,0.0,224.3,224.3,0.0,0.0,0.0,26.66,1.0,0.0,0.0,0.0
767,220.2,41.939,0.0,41.939,0.0,220.2,220.2,0.0,0.0,0.0,26.0,1.0,0.0,0.0,0.0
768,215.9,41.12,0.0,41.12,0.0,215.9,215.9,0.0,0.0,0.0,25.93,1.0,0.0,0.0,0.0
769,212.1,235.584,0.0,234.362,1.222,1230.524,212.1,1018.424,0.0,1018.424,25.0,1.0,0.0,0.0,0.0
770,209.7,0.0,0.3,0.3,0.0,1.575,1.575,0.0,208.125,810.299,25.18,0.0,0.0,1.0,0.0
771,207.3,0.0,0.3,0.3,0.0,1.575,1.575,0.0,205.725,604.575,25.07,0.0,0.0,1.0,0.0
772,204.8,0.0,0.3,0.3,0.0,1.575,1.575,0.0,203.225,401.35,26.8,0.0,0.0,1.0,0.0
773,202.9,0.0,0.3,0.3,0.0,1.575,1.575,0.0,201.325,200.025,25.0,0.0,0.0,1.0,0.0
774,201.6,0.0,0.3,0.3,0.0,1.575,1.575,0.0,200.025,0.0,25.93,0.0,0.0,1.0,0.0
775,200.4,75.718,0.0,75.483,0.235,396.325,200.4,195.925,0.0,195.925,24.73,1.0,0.0,0.0,0.0
776,197.5,0.0,0.3,0.3,0.0,1.575,1.575,0.0,195.925,0.0,25.12,0.0,0.0,1.0,0.0
777,195.8,222.974,0.0,221.811,1.163,1164.624,195.8,968.824,0.0,968.824,24.57,1.0,0.0,0.0,0.0
778,195.8,0.0,0.3,0.3,0.0,1.575,1.575,0.0,194.225,774.599,26.8,0.0,0.0,1.0,0.0
779,195.9,0.0,0.3,0.3,0.0,1.575,1.575,0.0,194.325,580.275,24.65,0.0,0.0,1.0,0.0
780,195.3,0.0,0.3,0.3,0.0,1.575,1.575,0.0,193.725,386.55,25.18,0.0,0.0,1.0,0.0
781,194.9,0.0,0.3,0.3,0.0,1.575,1.575,0.0,193.325,193.225,24.73,0.0,0.0,1.0,0.0
782,194.8,0.0,0.3,0.3,0.0,1.575,1.575,0.0,193.225,0.0,25.93,0.0,0.0,1.0,0.0
783,194.1,295.853,0.0,294.232,1.621,1544.874,194.1,1350.774,0.0,1350.774,24.56,1.0,0.0,0.0,0.0
784,194.5,0.0,0.3,0.3,0.0,1.575,1.575,0.0,192.925,1157.849,25.12,0.0,0.0,1.0,0.0
785,194.5,0.0,0.3,0.3,0.0,1.575,1.575,0.0,192.925,964.924,24.58,0.0,0.0,1.0,0.0
786,195.2,0.0,0.3,0.3,0.0,1.575,1.575,0.0,193.625,771.299,25.18,0.0,0.0,1.0,0.0
787,195.5,0.0,0.3,0.3,0.0,1.575,1.575,0.0,193.925,577.375,24.65,0.0,0.0,1.0,0.0
788,194.9,0.0,0.3,0.3,0.0,1.575,1.575,0.0,193.325,384.05,26.8,0.0,0.0,1.0,0.0
789,194.1,0.0,0.3,0.3,0.0,1.575,1.575,0.0,192.525,191.525,24.56,0.0,0.0,1.0,0.0
790,193.1,0.0,0.3,0.3,0.0,1.575,1.575,0.0,191.525,0.0,25.12,0.0,0.0,1.0,0.0
791,191.9,155.728,0.0,154.982,0.746,813.735,191.9,621.835,0.0,621.835,24.37,1.0,0.0,0.0,0.0
792,191.2,0.0,0.3,0.3,0.0,1.575,1.575,0.0,189.625,432.21,25.12,0.0,0.0,1.0,0.0
793,193.2,301.658,0.0,300.0,1.658,1575.158,193.2,1381.958,0.0,1814.167,24.36,1.0,0.0,0.0,0.0
794,194.6,0.0,0.3,0.3,0.0,1.575,1.575,0.0,193.025,1621.142,25.12,0.0,0.0,1.0,0.0
795,196.3,301.655,0.0,300.0,1.655,1575.158,196.3,1378.858,0.0,3000.0,24.37,1.0,0.0,0.0,0.0
796,200.1,0.0,0.3,0.3,0.0,1.575,1.575,0.0,198.525,2801.475,26.94,0.0,0.0,1.0,0.0
797,203.1,76.731,0.0,76.492,0.238,401.625,203.1,198.525,0.0,3000.0,25.0,1.0,0.0,0.0,0.0
798,206.9,0.0,0.3,0.3,0.0,1.575,1.575,0.0,205.325,2794.675,27.41,0.0,0.0,1.0,0.0
799,210.5,79.443,0.0,79.197,0.246,415.825,210.5,205.325,0.0,3000.0,25.93,1.0,0.0,0.0,0.0
800,215.4,0.0,0.3,0.3,0.0,1.575,1.575,0.0,213.825,2786.175,27.61,0.0,0.0,1.0,0.0
801,218.1,82.52,0.0,82.263,0.257,431.925,218.1,213.825,0.0,3000.0,26.77,1.0,0.0,0.0,0.0
802,221.1,0.0,0.3,0.3,0.0,1.575,1.575,0.0,219.525,2780.475,27.72,0.0,0.0,1.0,0.0
803,225.3,0.0,0.3,0.3,0.0,1.575,1.575,0.0,223.725,2556.75,27.22,0.0,0.0,1.0,0.0
804,229.4,0.0,0.3,0.3,0.0,1.575,1.575,0.0,227.825,2328.925,27.89,0.0,0.0,1.0,0.0
805,231.7,0.0,0.3,0.3,0.0,1.575,1.575,0.0,230.125,2098.801,27.57,0.0,0.0,1.0,0.0
806,232.7,0.0,0.3,0.3,0.0,1.575,1.575,0.0,231.125,1867.676,27.57,0.0,0.0,1.0,0.0
807,235.4,0.0,0.3,0.3,0.0,1.575,1.575,0.0,233.825,1633.851,27.57,0.0,0.0,1.0,0.0
808,237.3,301.605,0.0,300.0,1.605,1575.158,237.3,1337.858,0.0,2971.708,27.22,1.0,0.0,0.0,0.0
809,238.8,0.0,0.3,0.3,0.0,1.575,1.575,0.0,237.225,2734.484,27.61,0.0,0.0,1.0,0.0
810,240.6,96.712,0.0,96.393,0.319,506.116,240.6,265.516,0.0,3000.0,27.54,1.0,0.0,0.0,0.0
811,241.4,0.0,0.3,0.3,0.0,1.575,1.575,0.0,239.825,2760.175,27.72,0.0,0.0,1.0,0.0
812,244.1,0.0,0.3,0.3,0.0,1.575,1.575,0.0,242.525,2517.65,27.57,0.0,0.0,1.0,0.0
813,246.1,0.0,0.3,0.3,0.0,1.575,1.575,0.0,244.525,2273.125,27.79,0.0,0.0,1.0,0.0
814,247.0,186.354,0.0,185.481,0.872,973.875,247.0,726.875,0.0,3000.0,27.57,1.0,0.0,0.0,0.0
815,246.0,0.0,0.3,0.3,0.0,1.575,1.575,0.0,244.425,2755.575,27.79,0.0,0.0,1.0,0.0
816,244.5,0.0,0.3,0.3,0.0,1.575,1.575,0.0,242.925,2512.65,27.76,0.0,0.0,1.0,0.0
817,242.8,0.0,0.3,0.3,0.0,1.575,1.575,0.0,241.225,2271.425,27.76,0.0,0.0,1.0,0.0
818,240.2,138.715,0.0,138.133,0.582,725.273,240.2,485.073,0.0,2756.498,27.57,1.0,0.0,0.0,0.0
819,238.4,0.0,0.3,0.3,0.0,1.575,1.575,0.0,236.825,2519.673,27.61,0.0,0.0,1.0,0.0
820,236.1,0.0,0.3,0.3,0.0,1.575,1.575,0.0,234.525,2285.148,27.57,0.0,0.0,1.0,0.0
821,234.4,0.0,0.3,0.3,0.0,1.575,1.575,0.0,232.825,2052.324,27.72,0.0,0.0,1.0,0.0
822,233.9,0.0,0.3,0.3,0.0,1.575,1.575,0.0,232.325,1819.999,27.61,0.0,0.0,1.0,0.0
823,231.2,0.0,0.3,0.3,0.0,1.575,1.575,0.0,229.625,1590.374,27.61,0.0,0.0,1.0,0.0
824,231.0,0.0,0.3,0.3,0.0,1.575,1.575,0.0,229.425,1360.949,27.79,0.0,0.0,1.0,0.0
825,228.8,0.0,0.3,0.3,0.0,1.575,1.575,0.0,227.225,1133.724,27.57,0.0,0.0,1.0,0.0
826,229.1,0.0,0.3,0.3,0.0,1.575,1.575,0.0,227.525,906.199,27.99,0.0,0.0,1.0,0.0
827,228.4,0.0,0.3,0.3,0.0,1.575,1.575,0.0,226.825,679.375,27.57,0.0,0.0,1.0,0.0
828,228.5,0.0,0.3,0.3,0.0,1.575,1.575,0.0,226.925,452.45,28.03,0.0,0.0,1.0,0.0
829,227.9,0.0,0.3,0.3,0.0,1.575,1.575,0.0,226.325,226.125,27.57,0.0,0.0,1.0,0.0
830,227.7,0.0,0.3,0.3,0.0,1.575,1.575,0.0,226.125,0.0,28.03,0.0,0.0,1.0,0.0
831,227.4,301.617,0.0,300.0,1.617,1575.158,227.4,1347.758,0.0,1347.758,27.43,1.0,0.0,0.0,0.0
832,229.2,0.0,0.3,0.3,0.0,1.575,1.575,0.0,227.625,1120.133,29.3,0.0,0.0,1.0,0.0
833,231.8,277.126,0.0,275.668,1.459,1447.4,231.8,1215.6,0.0,2335.733,27.57,1.0,0.0,0.0,0.0
834,236.2,0.0,0.3,0.3,0.0,1.575,1.575,0.0,234.625,2101.108,29.47,0.0,0.0,1.0,0.0
835,241.7,0.0,0.3,0.3,0.0,1.575,1.575,0.0,240.125,1860.983,27.92,0.0,0.0,1.0,0.0
836,249.3,0.0,0.3,0.3,0.0,1.575,1.575,0.0,247.725,1613.258,33.15,0.0,0.0,1.0,0.0
837,252.4,10.0,0.0,10.0,0.0,52.505,52.505,0.0,199.895,1413.363,27.99,1.0,0.0,0.0,0.0
838,254.7,10.0,0.0,10.0,0.0,52.505,52.505,0.0,202.195,1211.168,31.82,1.0,0.0,0.0,0.0
839,255.6,10.0,0.0,10.0,0.0,52.505,52.505,0.0,203.095,1008.074,28.03,1.0,0.0,0.0,0.0
840,256.4,10.0,0.0,10.0,0.0,52.505,52.505,0.0,203.895,804.179,31.34,1.0,0.0,0.0,0.0
841,255.3,10.0,0.0,10.0,0.0,52.505,52.505,0.0,202.795,601.384,27.99,1.0,0.0,0.0,0.0
842,254.4,10.0,0.0,10.0,0.0,52.505,52.505,0.0,201.895,399.489,28.99,1.0,0.0,0.0,0.0
843,252.9,10.0,0.0,10.0,0.0,52.505,52.505,0.0,200.395,199.095,27.9,1.0,0.0,0.0,0.0
844,251.6,10.0,0.0,10.0,0.0,52.505,52.505,0.0,199.095,0.0,28.28,1.0,0.0,0.0,0.0
845,248.6,140.483,0.0,139.9,0.583,734.55,248.6,485.95,0.0,485.95,27.57,1.0,0.0,0.0,0.0
846,246.2,0.0,0.3,0.3,0.0,1.575,1.575,0.0,244.625,241.325,27.62,0.0,0.0,1.0,0.0
847,242.9,0.0,0.3,0.3,0.0,1.575,1.575,0.0,241.325,0.0,27.57,0.0,0.0,1.0,0.0
848,239.1,45.538,0.0,45.538,0.0,239.1,239.1,0.0,0.0,0.0,27.48,1.0,0.0,0.0,0.0
849,233.1,44.396,0.0,44.396,0.0,233.1,233.1,0.0,0.0,0.0,26.42,1.0,0.0,0.0,0.0
850,228.3,43.481,0.0,43.481,0.0,228.3,228.3,0.0,0.0,0.0,25.12,1.0,0.0,0.0,0.0
851,224.6,85.559,0.0,85.291,0.268,447.825,224.6,223.225,0.0,223.225,25.0,1.0,0.0,0.0,0.0
852,224.8,0.0,0.3,0.3,0.0,1.575,1.575,0.0,223.225,0.0,25.12,0.0,0.0,1.0,0.0
853,222.6,42.396,0.0,42.396,0.0,222.6,222.6,0.0,0.0,0.0,24.65,1.0,0.0,0.0,0.0
854,220.0,125.971,0.0,125.445,0.526,658.65,220.0,438.65,0.0,438.65,24.46,1.0,0.0,0.0,0.0
855,219.4,0.0,0.3,0.3,0.0,1.575,1.575,0.0,217.825,220.825,24.46,0.0,0.0,1.0,0.0
856,222.4,0.0,0.3,0.3,0.0,1.575,1.575,0.0,220.825,0.0,24.65,0.0,0.0,1.0,0.0
857,205.6,153.132,0.0,152.418,0.714,800.275,205.6,594.675,0.0,594.675,21.74,1.0,0.0,0.0,0.0
858,202.4,0.0,0.3,0.3,0.0,1.575,1.575,0.0,200.825,393.85,24.27,0.0,0.0,1.0,0.0
859,200.0,0.0,0.3,0.3,0.0,1.575,1.575,0.0,198.425,195.425,23.64,0.0,0.0,1.0,0.0
860,197.0,0.0,0.3,0.3,0.0,1.575,1.575,0.0,195.425,0.0,24.25,0.0,0.0,1.0,0.0
861,193.7,107.987,0.0,107.542,0.445,564.65,193.7,370.95,0.0,370.95,21.72,1.0,0.0,0.0,0.0
862,188.6,0.0,0.3,0.3,0.0,1.575,1.575,0.0,187.025,183.925,23.32,0.0,0.0,1.0,0.0
863,185.5,0.0,0.3,0.3,0.0,1.575,1.575,0.0,183.925,0.0,21.76,0.0,0.0,1.0,0.0
864,179.3,34.149,0.0,34.149,0.0,179.3,179.3,0.0,0.0,0.0,22.06,1.0,0.0,0.0,0.0
865,176.3,66.432,0.0,66.227,0.206,347.725,176.3,171.425,0.0,171.425,20.35,1.0,0.0,0.0,0.0
866,173.0,0.0,0.3,0.3,0.0,1.575,1.575,0.0,171.425,0.0,20.61,0.0,0.0,1.0,0.0
867,171.1,64.829,0.0,64.627,0.202,339.325,171.1,168.225,0.0,168.225,19.02,1.0,0.0,0.0,0.0
868,169.8,0.0,0.3,0.3,0.0,1.575,1.575,0.0,168.225,0.0,19.02,0.0,0.0,1.0,0.0
869,167.5,63.281,0.0,63.084,0.196,331.225,167.5,163.725,0.0,163.725,18.95,1.0,0.0,0.0,0.0
870,165.3,0.0,0.3,0.3,0.0,1.575,1.575,0.0,163.725,0.0,21.74,0.0,0.0,1.0,0.0
871,163.5,62.25,0.0,62.056,0.195,325.825,163.5,162.325,0.0,162.325,17.91,1.0,0.0,0.0,0.0
872,163.9,0.0,0.3,0.3,0.0,1.575,1.575,0.0,162.325,0.0,17.91,0.0,0.0,1.0,0.0
873,163.2,62.021,0.0,61.827,0.194,324.625,163.2,161.425,0.0,161.425,16.89,1.0,0.0,0.0,0.0
874,163.0,0.0,0.3,0.3,0.0,1.575,1.575,0.0,161.425,0.0,16.89,0.0,0.0,1.0,0.0
875,161.8,245.505,0.0,244.161,1.344,1281.974,161.8,1120.174,0.0,1120.174,14.99,1.0,0.0,0.0,0.0
876,162.3,0.0,0.3,0.3,0.0,1.575,1.575,0.0,160.725,959.449,16.85,0.0,0.0,1.0,0.0
877,162.2,0.0,0.3,0.3,0.0,1.575,1.575,0.0,160.625,798.824,17.26,0.0,0.0,1.0,0.0
878,162.1,0.0,0.3,0.3,0.0,1.575,1.575,0.0,160.525,638.299,18.73,0.0,0.0,1.0,0.0
879,161.7,0.0,0.3,0.3,0.0,1.575,1.575,0.0,160.125,478.175,17.26,0.0,0.0,1.0,0.0
880,161.9,0.0,0.3,0.3,0.0,1.575,1.575,0.0,160.325,317.85,21.74,0.0,0.0,1.0,0.0
881,160.3,0.0,0.3,0.3,0.0,1.575,1.575,0.0,158.725,159.125,15.99,0.0,0.0,1.0,0.0
882,160.7,0.0,0.3,0.3,0.0,1.575,1.575,0.0,159.125,0.0,16.04,0.0,0.0,1.0,0.0
883,160.2,60.798,0.0,60.608,0.19,318.225,160.2,158.025,0.0,158.025,14.81,1.0,0.0,0.0,0.0
884,159.6,0.0,0.3,0.3,0.0,1.575,1.575,0.0,158.025,0.0,18.27,0.0,0.0,1.0,0.0
885,157.6,30.016,0.0,30.016,0.0,157.6,157.6,0.0,0.0,0.0,13.42,1.0,0.0,0.0,0.0
886,154.8,29.483,0.0,29.483,0.0,154.8,154.8,0.0,0.0,0.0,13.18,1.0,0.0,0.0,0.0
887,152.4,301.707,0.0,300.0,1.707,1575.158,152.4,1422.758,0.0,1422.758,13.03,1.0,0.0,0.0,0.0
888,149.9,0.0,0.3,0.3,0.0,1.575,1.575,0.0,148.325,1274.433,13.03,0.0,0.0,1.0,0.0
889,150.4,0.0,0.3,0.3,0.0,1.575,1.575,0.0,148.825,1125.608,13.03,0.0,0.0,1.0,0.0
890,152.1,0.0,0.3,0.3,0.0,1.575,1.575,0.0,150.525,975.083,13.03,0.0,0.0,1.0,0.0
891,152.2,174.184,0.0,173.275,0.909,909.784,152.2,757.584,0.0,1732.667,13.03,1.0,0.0,0.0,0.0
892,153.4,0.0,0.3,0.3,0.0,1.575,1.575,0.0,151.825,1580.842,22.06,0.0,0.0,1.0,0.0
893,156.0,301.703,0.0,300.0,1.703,1575.158,156.0,1419.158,0.0,3000.0,13.03,1.0,0.0,0.0,0.0
894,159.1,0.0,0.3,0.3,0.0,1.575,1.575,0.0,157.525,2842.475,23.32,0.0,0.0,1.0,0.0
895,161.9,61.026,0.0,60.837,0.189,319.425,161.9,157.525,0.0,3000.0,23.32,1.0,0.0,0.0,0.0
896,166.0,0.0,0.3,0.3,0.0,1.575,1.575,0.0,164.425,2835.575,23.72,0.0,0.0,1.0,0.0
897,168.4,0.0,0.3,0.3,0.0,1.575,1.575,0.0,166.825,2668.75,23.72,0.0,0.0,1.0,0.0
898,172.3,0.0,0.3,0.3,0.0,1.575,1.575,0.0,170.725,2498.025,24.65,0.0,0.0,1.0,0.0
899,174.7,129.48,0.0,128.877,0.602,676.675,174.7,501.975,0.0,3000.0,23.59,1.0,0.0,0.0,0.0
900,178.5,0.0,0.3,0.3,0.0,1.575,1.575,0.0,176.925,2823.075,27.09,0.0,0.0,1.0,0.0
901,182.4,68.648,0.0,68.436,0.212,359.325,182.4,176.925,0.0,3000.0,24.17,1.0,0.0,0.0,0.0
902,210.1,0.0,0.3,0.3,0.0,1.575,1.575,0.0,208.525,2791.475,40.63,0.0,0.0,1.0,0.0
903,212.6,0.0,0.3,0.3,0.0,1.575,1.575,0.0,211.025,2580.45,24.42,0.0,0.0,1.0,0.0
904,214.5,0.0,0.3,0.3,0.0,1.575,1.575,0.0,212.925,2367.525,27.99,0.0,0.0,1.0,0.0
905,217.5,0.0,0.3,0.3,0.0,1.575,1.575,0.0,215.925,2151.601,26.92,0.0,0.0,1.0,0.0
906,220.2,0.0,0.3,0.3,0.0,1.575,1.575,0.0,218.625,1932.976,27.92,0.0,0.0,1.0,0.0
907,223.4,0.0,0.3,0.3,0.0,1.575,1.575,0.0,221.825,1711.151,26.85,0.0,0.0,1.0,0.0
908,226.7,0.0,0.3,0.3,0.0,1.575,1.575,0.0,225.125,1486.026,27.7,0.0,0.0,1.0,0.0
909,230.1,0.0,0.3,0.3,0.0,1.575,1.575,0.0,228.525,1257.501,27.22,0.0,0.0,1.0,0.0
910,232.2,0.0,0.3,0.3,0.0,1.575,1.575,0.0,230.625,1026.876,27.8,0.0,0.0,1.0,0.0
911,232.8,0.0,0.3,0.3,0.0,1.575,1.575,0.0,231.225,795.652,27.09,0.0,0.0,1.0,0.0
912,231.7,0.0,0.3,0.3,0.0,1.575,1.575,0.0,230.125,565.527,26.91,0.0,0.0,1.0,0.0
913,230.8,0.0,0.3,0.3,0.0,1.575,1.575,0.0,229.225,336.302,27.0,0.0,0.0,1.0,0.0
914,229.0,0.0,0.3,0.3,0.0,1.575,1.575,0.0,227.425,108.877,27.09,0.0,0.0,1.0,0.0
915,225.4,64.385,0.0,64.25,0.134,337.348,225.4,111.948,0.0,220.825,24.38,1.0,0.0,0.0,0.0
916,222.4,0.0,0.3,0.3,0.0,1.575,1.575,0.0,220.825,0.0,24.37,0.0,0.0,1.0,0.0
917,221.7,138.975,0.0,138.369,0.606,726.51,221.7,504.81,0.0,504.81,24.31,1.0,0.0,0.0,0.0
918,221.4,0.0,0.3,0.3,0.0,1.575,1.575,0.0,219.825,284.985,24.31,0.0,0.0,1.0,0.0
919,218.0,301.629,0.0,300.0,1.629,1575.158,218.0,1357.158,0.0,1642.142,24.27,1.0,0.0,0.0,0.0
920,217.3,301.629,0.0,300.0,1.629,1575.158,217.3,1357.858,0.0,3000.0,24.31,1.0,0.0,0.0,0.0
921,216.8,41.291,0.0,41.291,0.0,216.8,216.8,0.0,0.0,3000.0,24.39,1.0,0.0,0.0,0.0
922,217.6,41.443,0.0,41.443,0.0,217.6,217.6,0.0,0.0,3000.0,24.65,1.0,0.0,0.0,0.0
923,217.2,0.0,0.3,0.3,0.0,1.575,1.575,0.0,215.625,2784.375,25.0,0.0,0.0,1.0,0.0
924,215.4,82.351,0.0,82.092,0.259,431.025,215.4,215.625,0.0,3000.0,25.0,1.0,0.0,0.0,0.0
925,215.1,0.0,0.3,0.3,0.0,1.575,1.575,0.0,213.525,2786.475,25.18,0.0,0.0,1.0,0.0
926,216.8,0.0,0.3,0.3,0.0,1.575,1.575,0.0,215.225,2571.25,26.85,0.0,0.0,1.0,0.0
927,216.2,123.35,0.0,122.835,0.514,644.95,216.2,428.75,0.0,3000.0,25.17,1.0,0.0,0.0,0.0
928,217.2,41.367,0.0,41.367,0.0,217.2,217.2,0.0,0.0,3000.0,25.82,1.0,0.0,0.0,0.0
929,219.5,41.805,0.0,41.805,0.0,219.5,219.5,0.0,0.0,3000.0,26.72,1.0,0.0,0.0,0.0
930,223.6,0.0,0.3,0.3,0.0,1.575,1.575,0.0,222.025,2777.975,27.3,0.0,0.0,1.0,0.0
931,228.9,0.0,0.3,0.3,0.0,1.575,1.575,0.0,227.325,2550.65,29.2,0.0,0.0,1.0,0.0
932,235.9,0.0,0.3,0.3,0.0,1.575,1.575,0.0,234.325,2316.325,30.48,0.0,0.0,1.0,0.0
933,238.3,0.0,0.3,0.3,0.0,1.575,1.575,0.0,236.725,2079.601,29.2,0.0,0.0,1.0,0.0
934,241.4,0.0,0.3,0.3,0.0,1.575,1.575,0.0,239.825,1839.776,29.06,0.0,0.0,1.0,0.0
935,243.5,0.0,0.3,0.3,0.0,1.575,1.575,0.0,241.925,1597.851,33.02,0.0,0.0,1.0,0.0
936,244.4,0.0,0.3,0.3,0.0,1.575,1.575,0.0,242.825,1355.026,29.42,0.0,0.0,1.0,0.0
937,243.0,0.0,0.3,0.3,0.0,1.575,1.575,0.0,241.425,1113.601,29.2,0.0,0.0,1.0,0.0
938,242.7,0.0,0.3,0.3,0.0,1.575,1.575,0.0,241.125,872.476,28.75,0.0,0.0,1.0,0.0
939,242.8,0.0,0.3,0.3,0.0,1.575,1.575,0.0,241.225,631.252,28.75,0.0,0.0,1.0,0.0
940,242.1,0.0,0.3,0.3,0.0,1.575,1.575,0.0,240.525,390.727,27.94,0.0,0.0,1.0,0.0
941,239.9,16.322,0.0,16.322,0.0,85.698,85.698,0.0,154.202,236.525,27.21,1.0,0.0,0.0,0.0
942,238.1,0.0,0.3,0.3,0.0,1.575,1.575,0.0,236.525,0.0,27.46,0.0,0.0,1.0,0.0
943,236.1,44.967,0.0,44.967,0.0,236.1,236.1,0.0,0.0,0.0,26.72,1.0,0.0,0.0,0.0
944,233.5,44.472,0.0,44.472,0.0,233.5,233.5,0.0,0.0,0.0,25.3,1.0,0.0,0.0,0.0
945,229.6,86.799,0.0,86.529,0.27,454.325,229.6,224.725,0.0,224.725,25.17,1.0,0.0,0.0,0.0
946,226.3,0.0,0.3,0.3,0.0,1.575,1.575,0.0,224.725,0.0,25.82,0.0,0.0,1.0,0.0
947,223.6,84.851,0.0,84.587,0.265,444.125,223.6,220.525,0.0,220.525,25.12,1.0,0.0,0.0,0.0
948,222.1,0.0,0.3,0.3,0.0,1.575,1.575,0.0,220.525,0.0,25.85,0.0,0.0,1.0,0.0
949,219.9,252.019,0.0,250.703,1.316,1316.324,219.9,1096.424,0.0,1096.424,25.07,1.0,0.0,0.0,0.0
950,218.5,0.0,0.3,0.3,0.0,1.575,1.575,0.0,216.925,879.499,26.85,0.0,0.0,1.0,0.0
951,220.0,0.0,0.3,0.3,0.0,1.575,1.575,0.0,218.425,661.075,25.07,0.0,0.0,1.0,0.0
952,224.3,0.0,0.3,0.3,0.0,1.575,1.575,0.0,222.725,438.35,29.2,0.0,0.0,1.0,0.0
953,222.6,0.0,0.3,0.3,0.0,1.575,1.575,0.0,221.025,217.325,25.1,0.0,0.0,1.0,0.0
954,218.9,0.0,0.3,0.3,0.0,1.575,1.575,0.0,217.325,0.0,27.28,0.0,0.0,1.0,0.0
955,214.4,80.723,0.0,80.473,0.25,422.525,214.4,208.125,0.0,208.125,24.91,1.0,0.0,0.0,0.0
956,209.7,0.0,0.3,0.3,0.0,1.575,1.575,0.0,208.125,0.0,25.18,0.0,0.0,1.0,0.0
957,205.5,77.743,0.0,77.502,0.242,406.925,205.5,201.425,0.0,201.425,24.24,1.0,0.0,0.0,0.0
958,203.0,0.0,0.3,0.3,0.0,1.575,1.575,0.0,201.425,0.0,25.0,0.0,0.0,1.0,0.0
959,199.5,37.996,0.0,37.996,0.0,199.5,199.5,0.0,0.0,0.0,23.92,1.0,0.0,0.0,0.0
