,industry_demand,optimalBidamount,elecCons,elecStartUpCost,comprCons,prodH2,elecToPlantUse_kg,elecToStorage_kg,storageToPlantUse_kg,currentSOC,price,isRunning,isStarted
0,180.2,60.061,60.061,0.0,0.0,180.2,180.2,0.0,0.0,0.0,26.57,1.0,0.0
1,179.1,59.694,59.694,0.0,0.0,179.1,179.1,0.0,0.0,0.0,26.57,1.0,0.0
2,178.0,59.327,59.327,0.0,0.0,178.0,178.0,0.0,0.0,0.0,26.17,1.0,0.0
3,176.8,58.927,58.927,0.0,0.0,176.8,176.8,0.0,0.0,0.0,26.17,1.0,0.0
4,174.1,58.028,58.028,0.0,0.0,174.1,174.1,0.0,0.0,0.0,26.04,1.0,0.0
5,171.5,57.161,57.161,0.0,0.0,171.5,171.5,0.0,0.0,0.0,25.91,1.0,0.0
6,169.7,56.561,56.561,0.0,0.0,169.7,169.7,0.0,0.0,0.0,25.59,1.0,0.0
7,168.5,56.161,56.161,0.0,0.0,168.5,168.5,0.0,0.0,0.0,25.59,1.0,0.0
8,166.2,55.394,55.394,0.0,0.0,166.2,166.2,0.0,0.0,0.0,25.52,1.0,0.0
9,164.5,54.828,54.828,0.0,0.0,164.5,164.5,0.0,0.0,0.0,25.52,1.0,0.0
10,163.0,54.328,54.328,0.0,0.0,163.0,163.0,0.0,0.0,0.0,25.52,1.0,0.0
11,161.2,53.728,53.728,0.0,0.0,161.2,161.2,0.0,0.0,0.0,25.15,1.0,0.0
12,161.2,53.728,53.728,0.0,0.0,161.2,161.2,0.0,0.0,0.0,25.15,1.0,0.0
13,160.1,301.153,300.0,0.0,1.153,900.09,160.1,739.99,0.0,739.99,25.15,1.0,0.0
14,159.2,301.154,300.0,0.0,1.154,900.09,159.2,740.89,0.0,1480.88,25.15,1.0,0.0
15,158.2,301.156,300.0,0.0,1.156,900.09,158.2,741.89,0.0,2222.77,25.03,1.0,0.0
16,158.8,52.928,52.928,0.0,0.0,158.8,158.8,0.0,0.0,2222.77,25.15,1.0,0.0
17,158.4,52.795,52.795,0.0,0.0,158.4,158.4,0.0,0.0,2222.77,25.15,1.0,0.0
18,158.0,52.661,52.661,0.0,0.0,158.0,158.0,0.0,0.0,2222.77,25.15,1.0,0.0
19,157.8,52.595,52.595,0.0,0.0,157.8,157.8,0.0,0.0,2222.77,25.15,1.0,0.0
20,157.5,10.0,10.0,0.0,0.0,30.003,30.003,0.0,127.497,2095.273,25.52,1.0,0.0
21,155.7,51.895,51.895,0.0,0.0,155.7,155.7,0.0,0.0,2095.273,25.15,1.0,0.0
22,154.4,51.462,51.462,0.0,0.0,154.4,154.4,0.0,0.0,2095.273,25.15,1.0,0.0
23,152.4,186.261,185.63,0.0,0.63,556.947,152.4,404.547,0.0,2499.82,25.15,1.0,0.0
24,150.8,301.167,300.0,0.0,1.167,900.09,150.8,749.29,0.0,3249.11,25.03,1.0,0.0
25,149.2,301.17,300.0,0.0,1.17,900.09,149.2,750.89,0.0,4000.0,25.03,1.0,0.0
26,149.4,49.795,49.795,0.0,0.0,149.4,149.4,0.0,0.0,4000.0,25.15,1.0,0.0
27,149.6,49.862,49.862,0.0,0.0,149.6,149.6,0.0,0.0,4000.0,25.15,1.0,0.0
28,150.2,50.062,50.062,0.0,0.0,150.2,150.2,0.0,0.0,4000.0,25.52,1.0,0.0
29,150.8,50.262,50.262,0.0,0.0,150.8,150.8,0.0,0.0,4000.0,25.52,1.0,0.0
30,151.2,50.395,50.395,0.0,0.0,151.2,151.2,0.0,0.0,4000.0,25.52,1.0,0.0
31,152.1,50.695,50.695,0.0,0.0,152.1,152.1,0.0,0.0,4000.0,25.59,1.0,0.0
32,153.1,51.028,51.028,0.0,0.0,153.1,153.1,0.0,0.0,4000.0,25.91,1.0,0.0
33,153.1,51.028,51.028,0.0,0.0,153.1,153.1,0.0,0.0,4000.0,25.91,1.0,0.0
34,154.5,51.495,51.495,0.0,0.0,154.5,154.5,0.0,0.0,4000.0,25.91,1.0,0.0
35,156.0,51.995,51.995,0.0,0.0,156.0,156.0,0.0,0.0,4000.0,26.04,1.0,0.0
36,159.7,53.228,53.228,0.0,0.0,159.7,159.7,0.0,0.0,4000.0,26.17,1.0,0.0
37,161.8,53.928,53.928,0.0,0.0,161.8,161.8,0.0,0.0,4000.0,26.57,1.0,0.0
38,163.6,54.528,54.528,0.0,0.0,163.6,163.6,0.0,0.0,4000.0,26.57,1.0,0.0
39,166.3,55.428,55.428,0.0,0.0,166.3,166.3,0.0,0.0,4000.0,26.57,1.0,0.0
40,169.3,56.428,56.428,0.0,0.0,169.3,169.3,0.0,0.0,4000.0,26.64,1.0,0.0
41,172.1,57.361,57.361,0.0,0.0,172.1,172.1,0.0,0.0,4000.0,26.71,1.0,0.0
42,175.3,58.427,58.427,0.0,0.0,175.3,175.3,0.0,0.0,4000.0,27.21,1.0,0.0
43,178.4,59.461,59.461,0.0,0.0,178.4,178.4,0.0,0.0,4000.0,27.21,1.0,0.0
44,181.2,60.394,60.394,0.0,0.0,181.2,181.2,0.0,0.0,4000.0,27.87,1.0,0.0
45,184.5,61.494,61.494,0.0,0.0,184.5,184.5,0.0,0.0,4000.0,27.87,1.0,0.0
46,186.8,62.26,62.26,0.0,0.0,186.8,186.8,0.0,0.0,4000.0,28.49,1.0,0.0
47,187.8,62.594,62.594,0.0,0.0,187.8,187.8,0.0,0.0,4000.0,28.49,1.0,0.0
48,188.8,62.927,62.927,0.0,0.0,188.8,188.8,0.0,0.0,4000.0,28.57,1.0,0.0
49,188.8,62.927,62.927,0.0,0.0,188.8,188.8,0.0,0.0,4000.0,28.57,1.0,0.0
50,188.4,62.794,62.794,0.0,0.0,188.4,188.4,0.0,0.0,4000.0,28.57,1.0,0.0
51,188.0,62.66,62.66,0.0,0.0,188.0,188.0,0.0,0.0,4000.0,28.57,1.0,0.0
52,186.9,62.294,62.294,0.0,0.0,186.9,186.9,0.0,0.0,4000.0,28.57,1.0,0.0
53,185.5,61.827,61.827,0.0,0.0,185.5,185.5,0.0,0.0,4000.0,28.57,1.0,0.0
54,185.3,61.76,61.76,0.0,0.0,185.3,185.3,0.0,0.0,4000.0,29.17,1.0,0.0
55,184.7,61.561,61.561,0.0,0.0,184.7,184.7,0.0,0.0,4000.0,29.17,1.0,0.0
56,184.8,61.594,61.594,0.0,0.0,184.8,184.8,0.0,0.0,4000.0,29.17,1.0,0.0
57,183.9,61.294,61.294,0.0,0.0,183.9,183.9,0.0,0.0,4000.0,29.54,1.0,0.0
58,183.5,61.161,61.161,0.0,0.0,183.5,183.5,0.0,0.0,4000.0,29.54,1.0,0.0
59,182.8,60.927,60.927,0.0,0.0,182.8,182.8,0.0,0.0,4000.0,29.54,1.0,0.0
60,184.9,10.0,10.0,0.0,0.0,30.003,30.003,0.0,154.897,3845.103,29.85,1.0,0.0
61,185.5,10.0,10.0,0.0,0.0,30.003,30.003,0.0,155.497,3689.606,29.85,1.0,0.0
62,186.1,10.0,10.0,0.0,0.0,30.003,30.003,0.0,156.097,3533.509,29.85,1.0,0.0
63,186.7,10.0,10.0,0.0,0.0,30.003,30.003,0.0,156.697,3376.812,29.85,1.0,0.0
64,189.8,10.0,10.0,0.0,0.0,30.003,30.003,0.0,159.797,3217.015,29.98,1.0,0.0
65,193.6,10.0,10.0,0.0,0.0,30.003,30.003,0.0,163.597,3053.418,29.98,1.0,0.0
66,198.7,10.0,10.0,0.0,0.0,30.003,30.003,0.0,168.697,2884.721,29.98,1.0,0.0
67,203.7,10.0,10.0,0.0,0.0,30.003,30.003,0.0,173.697,2711.024,30.76,1.0,0.0
68,208.0,10.0,10.0,0.0,0.0,30.003,30.003,0.0,177.997,2533.027,31.58,1.0,0.0
69,210.3,10.0,10.0,0.0,0.0,30.003,30.003,0.0,180.297,2352.73,31.58,1.0,0.0
70,212.2,10.0,10.0,0.0,0.0,30.003,30.003,0.0,182.197,2170.533,32.16,1.0,0.0
71,212.8,10.0,10.0,0.0,0.0,30.003,30.003,0.0,182.797,1987.736,32.16,1.0,0.0
72,214.2,10.0,10.0,0.0,0.0,30.003,30.003,0.0,184.197,1803.539,32.16,1.0,0.0
73,213.7,10.0,10.0,0.0,0.0,30.003,30.003,0.0,183.697,1619.842,31.58,1.0,0.0
74,213.9,10.0,10.0,0.0,0.0,30.003,30.003,0.0,183.897,1435.945,31.58,1.0,0.0
75,211.8,10.0,10.0,0.0,0.0,30.003,30.003,0.0,181.797,1254.148,30.76,1.0,0.0
76,211.7,10.0,10.0,0.0,0.0,30.003,30.003,0.0,181.697,1072.451,30.76,1.0,0.0
77,209.1,10.0,10.0,0.0,0.0,30.003,30.003,0.0,179.097,893.354,29.98,1.0,0.0
78,207.5,10.0,10.0,0.0,0.0,30.003,30.003,0.0,177.497,715.857,29.98,1.0,0.0
79,204.6,10.0,10.0,0.0,0.0,30.003,30.003,0.0,174.597,541.26,29.98,1.0,0.0
80,204.2,10.0,10.0,0.0,0.0,30.003,30.003,0.0,174.197,367.063,29.98,1.0,0.0
81,201.4,10.0,10.0,0.0,0.0,30.003,30.003,0.0,171.397,195.666,29.85,1.0,0.0
82,198.1,10.0,10.0,0.0,0.0,30.003,30.003,0.0,168.097,27.569,29.56,1.0,0.0
83,196.1,56.171,56.171,0.0,0.0,168.531,168.531,0.0,27.569,0.0,29.54,1.0,0.0
84,195.9,65.293,65.293,0.0,0.0,195.9,195.9,0.0,0.0,0.0,29.17,1.0,0.0
85,195.2,65.06,65.06,0.0,0.0,195.2,195.2,0.0,0.0,0.0,29.17,1.0,0.0
86,193.9,64.627,64.627,0.0,0.0,193.9,193.9,0.0,0.0,0.0,29.17,1.0,0.0
87,193.6,120.38,120.12,0.0,0.26,360.397,193.6,166.797,0.0,166.797,28.57,1.0,0.0
88,196.8,10.0,10.0,0.0,0.0,30.003,30.003,0.0,166.797,0.0,29.17,1.0,0.0
89,194.4,64.794,64.794,0.0,0.0,194.4,194.4,0.0,0.0,0.0,28.57,1.0,0.0
90,191.4,63.794,63.794,0.0,0.0,191.4,191.4,0.0,0.0,0.0,28.49,1.0,0.0
91,188.8,62.927,62.927,0.0,0.0,188.8,188.8,0.0,0.0,0.0,27.87,1.0,0.0
92,184.8,61.594,61.594,0.0,0.0,184.8,184.8,0.0,0.0,0.0,27.21,1.0,0.0
93,181.2,60.394,60.394,0.0,0.0,181.2,181.2,0.0,0.0,0.0,27.21,1.0,0.0
94,177.5,59.161,59.161,0.0,0.0,177.5,177.5,0.0,0.0,0.0,26.64,1.0,0.0
95,174.5,58.161,58.161,0.0,0.0,174.5,174.5,0.0,0.0,0.0,26.57,1.0,0.0
96,171.1,57.028,57.028,0.0,0.0,171.1,171.1,0.0,0.0,0.0,26.17,1.0,0.0
97,166.9,55.628,55.628,0.0,0.0,166.9,166.9,0.0,0.0,0.0,25.91,1.0,0.0
98,165.1,55.028,55.028,0.0,0.0,165.1,165.1,0.0,0.0,0.0,25.52,1.0,0.0
99,162.9,54.295,54.295,0.0,0.0,162.9,162.9,0.0,0.0,0.0,25.52,1.0,0.0
100,161.3,53.761,53.761,0.0,0.0,161.3,161.3,0.0,0.0,0.0,25.15,1.0,0.0
101,158.8,52.928,52.928,0.0,0.0,158.8,158.8,0.0,0.0,0.0,24.62,1.0,0.0
102,158.1,52.695,52.695,0.0,0.0,158.1,158.1,0.0,0.0,0.0,23.94,1.0,0.0
103,157.3,52.428,52.428,0.0,0.0,157.3,157.3,0.0,0.0,0.0,23.89,1.0,0.0
104,156.1,52.028,52.028,0.0,0.0,156.1,156.1,0.0,0.0,0.0,23.78,1.0,0.0
105,155.4,51.795,51.795,0.0,0.0,155.4,155.4,0.0,0.0,0.0,23.78,1.0,0.0
106,154.8,51.595,51.595,0.0,0.0,154.8,154.8,0.0,0.0,0.0,23.78,1.0,0.0
107,154.6,51.528,51.528,0.0,0.0,154.6,154.6,0.0,0.0,0.0,23.51,1.0,0.0
108,154.6,51.528,51.528,0.0,0.0,154.6,154.6,0.0,0.0,0.0,23.51,1.0,0.0
109,154.3,51.428,51.428,0.0,0.0,154.3,154.3,0.0,0.0,0.0,23.51,1.0,0.0
110,154.2,51.395,51.395,0.0,0.0,154.2,154.2,0.0,0.0,0.0,23.51,1.0,0.0
111,154.8,51.595,51.595,0.0,0.0,154.8,154.8,0.0,0.0,0.0,23.51,1.0,0.0
112,156.1,52.028,52.028,0.0,0.0,156.1,156.1,0.0,0.0,0.0,23.51,1.0,0.0
113,156.6,301.158,300.0,0.0,1.158,900.09,156.6,743.49,0.0,743.49,23.46,1.0,0.0
114,157.4,52.461,52.461,0.0,0.0,157.4,157.4,0.0,0.0,743.49,23.46,1.0,0.0
115,158.3,153.57,153.101,0.0,0.469,459.35,158.3,301.05,0.0,1044.54,23.46,1.0,0.0
116,159.6,301.154,300.0,0.0,1.154,900.09,159.6,740.49,0.0,1785.03,23.46,1.0,0.0
117,159.6,301.154,300.0,0.0,1.154,900.09,159.6,740.49,0.0,2525.52,23.46,1.0,0.0
118,160.6,301.152,300.0,0.0,1.152,900.09,160.6,739.49,0.0,3265.01,23.46,1.0,0.0
119,161.8,53.928,53.928,0.0,0.0,161.8,161.8,0.0,0.0,3265.01,23.46,1.0,0.0
120,162.8,54.261,54.261,0.0,0.0,162.8,162.8,0.0,0.0,3265.01,23.46,1.0,0.0
121,163.3,54.428,54.428,0.0,0.0,163.3,163.3,0.0,0.0,3265.01,23.46,1.0,0.0
122,165.1,301.145,300.0,0.0,1.145,900.09,165.1,734.99,0.0,4000.0,23.46,1.0,0.0
123,168.0,55.994,55.994,0.0,0.0,168.0,168.0,0.0,0.0,4000.0,23.51,1.0,0.0
124,172.3,57.428,57.428,0.0,0.0,172.3,172.3,0.0,0.0,4000.0,23.51,1.0,0.0
125,174.9,58.294,58.294,0.0,0.0,174.9,174.9,0.0,0.0,4000.0,23.51,1.0,0.0
126,178.1,59.361,59.361,0.0,0.0,178.1,178.1,0.0,0.0,4000.0,23.78,1.0,0.0
127,183.3,61.094,61.094,0.0,0.0,183.3,183.3,0.0,0.0,4000.0,23.89,1.0,0.0
128,187.7,62.56,62.56,0.0,0.0,187.7,187.7,0.0,0.0,4000.0,23.94,1.0,0.0
129,191.5,63.827,63.827,0.0,0.0,191.5,191.5,0.0,0.0,4000.0,24.62,1.0,0.0
130,194.1,64.694,64.694,0.0,0.0,194.1,194.1,0.0,0.0,4000.0,24.62,1.0,0.0
131,198.4,66.127,66.127,0.0,0.0,198.4,198.4,0.0,0.0,4000.0,25.03,1.0,0.0
132,204.0,67.993,67.993,0.0,0.0,204.0,204.0,0.0,0.0,4000.0,25.52,1.0,0.0
133,207.3,69.093,69.093,0.0,0.0,207.3,207.3,0.0,0.0,4000.0,25.52,1.0,0.0
134,211.2,70.393,70.393,0.0,0.0,211.2,211.2,0.0,0.0,4000.0,25.59,1.0,0.0
135,213.9,71.293,71.293,0.0,0.0,213.9,213.9,0.0,0.0,4000.0,25.59,1.0,0.0
136,217.4,72.459,72.459,0.0,0.0,217.4,217.4,0.0,0.0,4000.0,25.91,1.0,0.0
137,218.7,72.893,72.893,0.0,0.0,218.7,218.7,0.0,0.0,4000.0,25.91,1.0,0.0
138,220.3,73.426,73.426,0.0,0.0,220.3,220.3,0.0,0.0,4000.0,25.91,1.0,0.0
139,221.5,73.826,73.826,0.0,0.0,221.5,221.5,0.0,0.0,4000.0,25.91,1.0,0.0
140,224.1,74.693,74.693,0.0,0.0,224.1,224.1,0.0,0.0,4000.0,26.04,1.0,0.0
141,226.5,75.492,75.492,0.0,0.0,226.5,226.5,0.0,0.0,4000.0,26.17,1.0,0.0
142,228.9,76.292,76.292,0.0,0.0,228.9,228.9,0.0,0.0,4000.0,26.17,1.0,0.0
143,229.8,10.0,10.0,0.0,0.0,30.003,30.003,0.0,199.797,3800.203,26.57,1.0,0.0
144,229.8,76.592,76.592,0.0,0.0,229.8,229.8,0.0,0.0,3800.203,26.17,1.0,0.0
145,229.6,10.0,10.0,0.0,0.0,30.003,30.003,0.0,199.597,3600.606,26.57,1.0,0.0
146,230.3,76.759,76.759,0.0,0.0,230.3,230.3,0.0,0.0,3600.606,26.17,1.0,0.0
147,228.9,10.0,10.0,0.0,0.0,30.003,30.003,0.0,198.897,3401.709,26.57,1.0,0.0
148,227.9,75.959,75.959,0.0,0.0,227.9,227.9,0.0,0.0,3401.709,26.17,1.0,0.0
149,226.4,75.459,75.459,0.0,0.0,226.4,226.4,0.0,0.0,3401.709,26.17,1.0,0.0
150,225.7,75.226,75.226,0.0,0.0,225.7,225.7,0.0,0.0,3401.709,26.17,1.0,0.0
151,224.8,275.268,274.336,0.0,0.932,823.091,224.8,598.291,0.0,4000.0,26.17,1.0,0.0
152,224.9,74.959,74.959,0.0,0.0,224.9,224.9,0.0,0.0,4000.0,26.17,1.0,0.0
153,224.7,10.0,10.0,0.0,0.0,30.003,30.003,0.0,194.697,3805.303,26.57,1.0,0.0
154,223.8,139.788,139.485,0.0,0.303,418.497,223.8,194.697,0.0,4000.0,26.17,1.0,0.0
155,223.2,74.393,74.393,0.0,0.0,223.2,223.2,0.0,0.0,4000.0,26.57,1.0,0.0
156,224.4,74.793,74.793,0.0,0.0,224.4,224.4,0.0,0.0,4000.0,26.57,1.0,0.0
157,224.4,70.189,70.189,0.0,0.0,210.588,210.588,0.0,13.812,3986.188,26.57,1.0,0.0
158,224.8,10.0,10.0,0.0,0.0,30.003,30.003,0.0,194.797,3791.391,26.57,1.0,0.0
159,225.3,10.0,10.0,0.0,0.0,30.003,30.003,0.0,195.297,3596.094,26.57,1.0,0.0
160,228.1,10.0,10.0,0.0,0.0,30.003,30.003,0.0,198.097,3397.997,26.64,1.0,0.0
161,230.1,10.032,10.032,0.0,0.0,30.1,30.1,0.0,200.0,3197.997,26.64,1.0,0.0
162,233.4,11.132,11.132,0.0,0.0,33.4,33.4,0.0,200.0,2997.997,26.71,1.0,0.0
163,237.8,12.599,12.599,0.0,0.0,37.8,37.8,0.0,200.0,2797.997,27.21,1.0,0.0
164,241.9,13.965,13.965,0.0,0.0,41.9,41.9,0.0,200.0,2597.997,27.28,1.0,0.0
165,244.4,14.799,14.799,0.0,0.0,44.4,44.4,0.0,200.0,2397.997,27.87,1.0,0.0
166,246.4,15.465,15.465,0.0,0.0,46.4,46.4,0.0,200.0,2197.997,27.87,1.0,0.0
167,247.8,15.932,15.932,0.0,0.0,47.8,47.8,0.0,200.0,1997.997,27.87,1.0,0.0
168,248.2,16.065,16.065,0.0,0.0,48.2,48.2,0.0,200.0,1797.997,27.87,1.0,0.0
169,248.0,15.998,15.998,0.0,0.0,48.0,48.0,0.0,200.0,1597.997,27.87,1.0,0.0
170,246.7,15.565,15.565,0.0,0.0,46.7,46.7,0.0,200.0,1397.997,27.87,1.0,0.0
171,244.6,14.865,14.865,0.0,0.0,44.6,44.6,0.0,200.0,1197.997,27.87,1.0,0.0
172,244.4,14.799,14.799,0.0,0.0,44.4,44.4,0.0,200.0,997.997,27.87,1.0,0.0
173,241.7,13.899,13.899,0.0,0.0,41.7,41.7,0.0,200.0,797.997,27.28,1.0,0.0
174,240.1,13.365,13.365,0.0,0.0,40.1,40.1,0.0,200.0,597.997,27.21,1.0,0.0
175,237.7,12.565,12.565,0.0,0.0,37.7,37.7,0.0,200.0,397.997,27.21,1.0,0.0
176,232.9,10.966,10.966,0.0,0.0,32.9,32.9,0.0,200.0,197.997,26.71,1.0,0.0
177,228.0,10.0,10.0,0.0,0.0,30.003,30.003,0.0,197.997,0.0,26.57,1.0,0.0
178,224.1,74.693,74.693,0.0,0.0,224.1,224.1,0.0,0.0,0.0,26.17,1.0,0.0
179,220.3,73.426,73.426,0.0,0.0,220.3,220.3,0.0,0.0,0.0,26.04,1.0,0.0
180,218.2,72.726,72.726,0.0,0.0,218.2,218.2,0.0,0.0,0.0,26.04,1.0,0.0
181,217.3,72.426,72.426,0.0,0.0,217.3,217.3,0.0,0.0,0.0,26.04,1.0,0.0
182,214.9,134.009,133.719,0.0,0.29,401.197,214.9,186.297,0.0,186.297,25.91,1.0,0.0
183,214.3,71.426,71.426,0.0,0.0,214.3,214.3,0.0,0.0,186.297,25.91,1.0,0.0
184,216.3,10.0,10.0,0.0,0.0,30.003,30.003,0.0,186.297,0.0,26.04,1.0,0.0
185,214.4,71.46,71.46,0.0,0.0,214.4,214.4,0.0,0.0,0.0,25.91,1.0,0.0
186,211.8,70.593,70.593,0.0,0.0,211.8,211.8,0.0,0.0,0.0,25.59,1.0,0.0
187,208.9,69.626,69.626,0.0,0.0,208.9,208.9,0.0,0.0,0.0,25.52,1.0,0.0
188,205.9,68.626,68.626,0.0,0.0,205.9,205.9,0.0,0.0,0.0,25.15,1.0,0.0
189,203.1,67.693,67.693,0.0,0.0,203.1,203.1,0.0,0.0,0.0,25.03,1.0,0.0
190,199.3,66.427,66.427,0.0,0.0,199.3,199.3,0.0,0.0,0.0,24.62,1.0,0.0
191,195.5,65.16,65.16,0.0,0.0,195.5,195.5,0.0,0.0,0.0,23.89,1.0,0.0
192,192.4,64.127,64.127,0.0,0.0,192.4,192.4,0.0,0.0,0.0,23.78,1.0,0.0
193,188.8,62.927,62.927,0.0,0.0,188.8,188.8,0.0,0.0,0.0,23.78,1.0,0.0
194,184.8,61.594,61.594,0.0,0.0,184.8,184.8,0.0,0.0,0.0,23.51,1.0,0.0
195,182.0,60.661,60.661,0.0,0.0,182.0,182.0,0.0,0.0,0.0,23.51,1.0,0.0
196,178.9,59.627,59.627,0.0,0.0,178.9,178.9,0.0,0.0,0.0,23.51,1.0,0.0
197,177.2,59.061,59.061,0.0,0.0,177.2,177.2,0.0,0.0,0.0,23.46,1.0,0.0
198,174.8,58.261,58.261,0.0,0.0,174.8,174.8,0.0,0.0,0.0,23.46,1.0,0.0
199,173.4,57.794,57.794,0.0,0.0,173.4,173.4,0.0,0.0,0.0,23.15,1.0,0.0
200,172.8,57.594,57.594,0.0,0.0,172.8,172.8,0.0,0.0,0.0,23.15,1.0,0.0
201,171.4,57.128,57.128,0.0,0.0,171.4,171.4,0.0,0.0,0.0,23.15,1.0,0.0
202,170.4,301.137,300.0,0.0,1.137,900.09,170.4,729.69,0.0,729.69,22.6,1.0,0.0
203,170.2,56.728,56.728,0.0,0.0,170.2,170.2,0.0,0.0,729.69,22.6,1.0,0.0
204,169.4,56.461,56.461,0.0,0.0,169.4,169.4,0.0,0.0,729.69,22.6,1.0,0.0
205,169.5,301.138,300.0,0.0,1.138,900.09,169.5,730.59,0.0,1460.28,22.6,1.0,0.0
206,169.6,56.528,56.528,0.0,0.0,169.6,169.6,0.0,0.0,1460.28,22.6,1.0,0.0
207,168.6,56.194,56.194,0.0,0.0,168.6,168.6,0.0,0.0,1460.28,22.6,1.0,0.0
208,169.1,56.361,56.361,0.0,0.0,169.1,169.1,0.0,0.0,1460.28,22.6,1.0,0.0
209,168.9,56.294,56.294,0.0,0.0,168.9,168.9,0.0,0.0,1460.28,22.6,1.0,0.0
210,169.5,56.494,56.494,0.0,0.0,169.5,169.5,0.0,0.0,1460.28,22.6,1.0,0.0
211,168.6,56.194,56.194,0.0,0.0,168.6,168.6,0.0,0.0,1460.28,22.6,1.0,0.0
212,168.8,56.261,56.261,0.0,0.0,168.8,168.8,0.0,0.0,1460.28,22.6,1.0,0.0
213,167.5,55.828,55.828,0.0,0.0,167.5,167.5,0.0,0.0,1460.28,22.6,1.0,0.0
214,166.5,166.416,165.9,0.0,0.516,497.75,166.5,331.25,0.0,1791.53,22.6,1.0,0.0
215,165.0,301.145,300.0,0.0,1.145,900.09,165.0,735.09,0.0,2526.62,22.55,1.0,0.0
216,163.0,301.148,300.0,0.0,1.148,900.09,163.0,737.09,0.0,3263.71,22.55,1.0,0.0
217,163.8,301.147,300.0,0.0,1.147,900.09,163.8,736.29,0.0,4000.0,22.55,1.0,0.0
218,164.8,54.928,54.928,0.0,0.0,164.8,164.8,0.0,0.0,4000.0,22.6,1.0,0.0
219,166.3,55.428,55.428,0.0,0.0,166.3,166.3,0.0,0.0,4000.0,22.6,1.0,0.0
220,167.8,55.928,55.928,0.0,0.0,167.8,167.8,0.0,0.0,4000.0,22.6,1.0,0.0
221,169.0,56.328,56.328,0.0,0.0,169.0,169.0,0.0,0.0,4000.0,23.15,1.0,0.0
222,172.8,57.594,57.594,0.0,0.0,172.8,172.8,0.0,0.0,4000.0,23.46,1.0,0.0
223,175.7,58.561,58.561,0.0,0.0,175.7,175.7,0.0,0.0,4000.0,23.51,1.0,0.0
224,178.3,59.427,59.427,0.0,0.0,178.3,178.3,0.0,0.0,4000.0,23.51,1.0,0.0
225,181.0,60.327,60.327,0.0,0.0,181.0,181.0,0.0,0.0,4000.0,23.51,1.0,0.0
226,183.2,61.061,61.061,0.0,0.0,183.2,183.2,0.0,0.0,4000.0,23.78,1.0,0.0
227,186.0,61.994,61.994,0.0,0.0,186.0,186.0,0.0,0.0,4000.0,23.78,1.0,0.0
228,190.7,63.56,63.56,0.0,0.0,190.7,190.7,0.0,0.0,4000.0,23.89,1.0,0.0
229,194.0,64.66,64.66,0.0,0.0,194.0,194.0,0.0,0.0,4000.0,23.94,1.0,0.0
230,197.7,65.893,65.893,0.0,0.0,197.7,197.7,0.0,0.0,4000.0,24.62,1.0,0.0
231,200.7,66.893,66.893,0.0,0.0,200.7,200.7,0.0,0.0,4000.0,25.03,1.0,0.0
232,204.2,68.06,68.06,0.0,0.0,204.2,204.2,0.0,0.0,4000.0,25.15,1.0,0.0
233,207.2,69.06,69.06,0.0,0.0,207.2,207.2,0.0,0.0,4000.0,25.52,1.0,0.0
234,209.5,69.826,69.826,0.0,0.0,209.5,209.5,0.0,0.0,4000.0,25.52,1.0,0.0
235,213.2,71.06,71.06,0.0,0.0,213.2,213.2,0.0,0.0,4000.0,25.91,1.0,0.0
236,215.8,71.926,71.926,0.0,0.0,215.8,215.8,0.0,0.0,4000.0,26.04,1.0,0.0
237,219.6,10.0,10.0,0.0,0.0,30.003,30.003,0.0,189.597,3810.403,26.57,1.0,0.0
238,223.4,10.0,10.0,0.0,0.0,30.003,30.003,0.0,193.397,3617.006,26.64,1.0,0.0
239,223.3,10.0,10.0,0.0,0.0,30.003,30.003,0.0,193.297,3423.709,26.64,1.0,0.0
240,222.9,10.0,10.0,0.0,0.0,30.003,30.003,0.0,192.897,3230.812,26.64,1.0,0.0
241,222.2,10.0,10.0,0.0,0.0,30.003,30.003,0.0,192.197,3038.615,26.64,1.0,0.0
242,220.5,10.0,10.0,0.0,0.0,30.003,30.003,0.0,190.497,2848.118,26.57,1.0,0.0
243,218.1,10.0,10.0,0.0,0.0,30.003,30.003,0.0,188.097,2660.021,26.57,1.0,0.0
244,216.6,301.065,300.0,0.0,1.065,900.09,216.6,683.49,0.0,3343.511,26.17,1.0,0.0
245,214.9,10.0,10.0,0.0,0.0,30.003,30.003,0.0,184.897,3158.614,26.57,1.0,0.0
246,214.2,71.393,71.393,0.0,0.0,214.2,214.2,0.0,0.0,3158.614,26.17,1.0,0.0
247,211.5,120.553,120.32,0.0,0.233,360.996,211.5,149.496,0.0,3308.11,26.17,1.0,0.0
248,211.0,70.326,70.326,0.0,0.0,211.0,211.0,0.0,0.0,3308.11,26.17,1.0,0.0
249,209.6,69.86,69.86,0.0,0.0,209.6,209.6,0.0,0.0,3308.11,26.17,1.0,0.0
250,208.1,69.36,69.36,0.0,0.0,208.1,208.1,0.0,0.0,3308.11,26.17,1.0,0.0
251,206.2,68.726,68.726,0.0,0.0,206.2,206.2,0.0,0.0,3308.11,26.17,1.0,0.0
252,208.2,301.078,300.0,0.0,1.078,900.09,208.2,691.89,0.0,4000.0,26.17,1.0,0.0
253,208.1,69.36,69.36,0.0,0.0,208.1,208.1,0.0,0.0,4000.0,26.57,1.0,0.0
254,209.2,69.726,69.726,0.0,0.0,209.2,209.2,0.0,0.0,4000.0,26.57,1.0,0.0
255,209.4,69.793,69.793,0.0,0.0,209.4,209.4,0.0,0.0,4000.0,26.57,1.0,0.0
256,211.2,10.0,10.0,0.0,0.0,30.003,30.003,0.0,181.197,3818.803,26.57,1.0,0.0
257,213.7,10.0,10.0,0.0,0.0,30.003,30.003,0.0,183.697,3635.106,26.64,1.0,0.0
258,218.3,10.0,10.0,0.0,0.0,30.003,30.003,0.0,188.297,3446.809,26.71,1.0,0.0
259,223.9,10.0,10.0,0.0,0.0,30.003,30.003,0.0,193.897,3252.912,27.21,1.0,0.0
260,229.7,10.0,10.0,0.0,0.0,30.003,30.003,0.0,199.697,3053.215,27.87,1.0,0.0
261,231.2,10.399,10.399,0.0,0.0,31.2,31.2,0.0,200.0,2853.215,27.87,1.0,0.0
262,234.7,11.566,11.566,0.0,0.0,34.7,34.7,0.0,200.0,2653.215,27.87,1.0,0.0
263,236.5,12.165,12.165,0.0,0.0,36.5,36.5,0.0,200.0,2453.215,28.49,1.0,0.0
264,238.6,12.865,12.865,0.0,0.0,38.6,38.6,0.0,200.0,2253.215,28.49,1.0,0.0
265,237.4,12.465,12.465,0.0,0.0,37.4,37.4,0.0,200.0,2053.215,28.49,1.0,0.0
266,236.7,12.232,12.232,0.0,0.0,36.7,36.7,0.0,200.0,1853.215,27.87,1.0,0.0
267,236.3,12.099,12.099,0.0,0.0,36.3,36.3,0.0,200.0,1653.215,27.87,1.0,0.0
268,235.5,11.832,11.832,0.0,0.0,35.5,35.5,0.0,200.0,1453.215,27.87,1.0,0.0
269,233.3,11.099,11.099,0.0,0.0,33.3,33.3,0.0,200.0,1253.215,27.87,1.0,0.0
270,231.1,10.366,10.366,0.0,0.0,31.1,31.1,0.0,200.0,1053.215,27.21,1.0,0.0
271,229.5,10.0,10.0,0.0,0.0,30.003,30.003,0.0,199.497,853.718,27.21,1.0,0.0
272,228.9,10.0,10.0,0.0,0.0,30.003,30.003,0.0,198.897,654.821,27.21,1.0,0.0
273,225.1,10.0,10.0,0.0,0.0,30.003,30.003,0.0,195.097,459.724,26.71,1.0,0.0
274,221.4,73.793,73.793,0.0,0.0,221.4,221.4,0.0,0.0,459.724,26.57,1.0,0.0
275,217.7,44.719,44.719,0.0,0.0,134.17,134.17,0.0,83.53,376.194,26.57,1.0,0.0
276,218.7,10.0,10.0,0.0,0.0,30.003,30.003,0.0,188.697,187.497,26.57,1.0,0.0
277,217.5,10.0,10.0,0.0,0.0,30.003,30.003,0.0,187.497,0.0,26.57,1.0,0.0
278,215.7,260.75,259.871,0.0,0.879,779.691,215.7,563.991,0.0,563.991,26.17,1.0,0.0
279,216.5,10.0,10.0,0.0,0.0,30.003,30.003,0.0,186.497,377.494,26.57,1.0,0.0
280,220.1,10.0,10.0,0.0,0.0,30.003,30.003,0.0,190.097,187.397,26.64,1.0,0.0
281,217.4,10.0,10.0,0.0,0.0,30.003,30.003,0.0,187.397,0.0,26.57,1.0,0.0
282,213.0,70.993,70.993,0.0,0.0,213.0,213.0,0.0,0.0,0.0,26.17,1.0,0.0
283,210.1,70.026,70.026,0.0,0.0,210.1,210.1,0.0,0.0,0.0,26.04,1.0,0.0
284,207.0,68.993,68.993,0.0,0.0,207.0,207.0,0.0,0.0,0.0,25.91,1.0,0.0
285,205.1,68.36,68.36,0.0,0.0,205.1,205.1,0.0,0.0,0.0,25.59,1.0,0.0
286,201.4,67.127,67.127,0.0,0.0,201.4,201.4,0.0,0.0,0.0,25.52,1.0,0.0
287,196.7,65.56,65.56,0.0,0.0,196.7,196.7,0.0,0.0,0.0,25.15,1.0,0.0
