,industry_demand,optimalBidamount,elecStandByCons,elecCons,comprCons,prodH2,elecToPlantUse_kg,elecToStorage_kg,storageToPlantUse_kg,currentSOC,price,isRunning,isIdle,isStandBy,isColdStarted
0,48084.11,10175.514,0.0,10175.514,0.0,48084.11,48084.11,0.0,0.0,0.0,49.11689655172414,1.0,0.0,0.0,0.0
1,48034.88,10165.096,0.0,10165.096,0.0,48034.88,48034.88,0.0,0.0,0.0,45.64,1.0,0.0,0.0,0.0
2,48104.89,10179.911,0.0,10179.911,0.0,48104.89,48104.89,0.0,0.0,0.0,44.61,1.0,0.0,0.0,0.0
3,48076.33,10173.867,0.0,10173.867,0.0,48076.33,48076.33,0.0,0.0,0.0,44.61,1.0,0.0,0.0,0.0
4,48420.37,10246.673,0.0,10246.673,0.0,48420.37,48420.37,0.0,0.0,0.0,44.5,1.0,0.0,0.0,0.0
5,48169.34,10193.55,0.0,10193.55,0.0,48169.34,48169.34,0.0,0.0,0.0,43.64,1.0,0.0,0.0,0.0
6,48253.67,10211.396,0.0,10211.396,0.0,48253.67,48253.67,0.0,0.0,0.0,43.3919540229885,1.0,0.0,0.0,0.0
7,48294.95,10220.131,0.0,10220.131,0.0,48294.95,48294.95,0.0,0.0,0.0,42.574375,1.0,0.0,0.0,0.0
8,48015.91,10161.081,0.0,10161.081,0.0,48015.91,48015.91,0.0,0.0,0.0,38.91,1.0,0.0,0.0,0.0
9,48195.14,10199.01,0.0,10199.01,0.0,48195.14,48195.14,0.0,0.0,0.0,58.24861111111111,1.0,0.0,0.0,0.0
10,48220.64,10204.406,0.0,10204.406,0.0,48220.64,48220.64,0.0,0.0,0.0,37.53142857142857,1.0,0.0,0.0,0.0
11,48120.25,10183.161,0.0,10183.161,0.0,48120.25,48120.25,0.0,0.0,0.0,60.06,1.0,0.0,0.0,0.0
12,48123.04,10183.752,0.0,10183.752,0.0,48123.04,48123.04,0.0,0.0,0.0,55.24020833333333,1.0,0.0,0.0,0.0
13,48042.88,10166.789,0.0,10166.789,0.0,48042.88,48042.88,0.0,0.0,0.0,54.10916666666667,1.0,0.0,0.0,0.0
14,48072.05,10172.961,0.0,10172.961,0.0,48072.05,48072.05,0.0,0.0,0.0,52.712,1.0,0.0,0.0,0.0
15,47900.74,10136.709,0.0,10136.709,0.0,47900.74,47900.74,0.0,0.0,0.0,50.8904,1.0,0.0,0.0,0.0
16,48082.33,10175.137,0.0,10175.137,0.0,48082.33,48082.33,0.0,0.0,0.0,49.192,1.0,0.0,0.0,0.0
17,48118.6,10182.812,0.0,10182.812,0.0,48118.6,48118.6,0.0,0.0,0.0,48.0216,1.0,0.0,0.0,0.0
18,48188.59,10197.624,0.0,10197.624,0.0,48188.59,48188.59,0.0,0.0,0.0,47.5816,1.0,0.0,0.0,0.0
19,48105.09,10179.953,0.0,10179.953,0.0,48105.09,48105.09,0.0,0.0,0.0,34.86,1.0,0.0,0.0,0.0
20,48033.62,10164.829,0.0,10164.829,0.0,48033.62,48033.62,0.0,0.0,0.0,34.78050420168067,1.0,0.0,0.0,0.0
21,48166.55,10192.959,0.0,10192.959,0.0,48166.55,48166.55,0.0,0.0,0.0,34.87,1.0,0.0,0.0,0.0
22,48250.87,10210.803,0.0,10210.803,0.0,48250.87,48250.87,0.0,0.0,0.0,34.67,1.0,0.0,0.0,0.0
23,48065.01,10171.472,0.0,10171.472,0.0,48065.01,48065.01,0.0,0.0,0.0,34.67,1.0,0.0,0.0,0.0
24,48031.34,10164.346,0.0,10164.346,0.0,48031.34,48031.34,0.0,0.0,0.0,47.9512,1.0,0.0,0.0,0.0
25,48177.54,10195.285,0.0,10195.285,0.0,48177.54,48177.54,0.0,0.0,0.0,48.84,1.0,0.0,0.0,0.0
26,48160.54,10191.688,0.0,10191.688,0.0,48160.54,48160.54,0.0,0.0,0.0,47.8808,1.0,0.0,0.0,0.0
27,48132.69,10185.794,0.0,10185.794,0.0,48132.69,48132.69,0.0,0.0,0.0,47.2472,1.0,0.0,0.0,0.0
28,48148.62,10189.165,0.0,10189.165,0.0,48148.62,48148.62,0.0,0.0,0.0,48.7256,1.0,0.0,0.0,0.0
29,48164.46,10192.517,0.0,10192.517,0.0,48164.46,48164.46,0.0,0.0,0.0,48.6904,1.0,0.0,0.0,0.0
30,48223.02,10204.91,0.0,10204.91,0.0,48223.02,48223.02,0.0,0.0,0.0,47.7224,1.0,0.0,0.0,0.0
31,48175.65,10194.885,0.0,10194.885,0.0,48175.65,48175.65,0.0,0.0,0.0,48.6112,1.0,0.0,0.0,0.0
32,48133.35,10185.934,0.0,10185.934,0.0,48133.35,48133.35,0.0,0.0,0.0,47.11,1.0,0.0,0.0,0.0
33,48311.32,10223.596,0.0,10223.596,0.0,48311.32,48311.32,0.0,0.0,0.0,47.34,1.0,0.0,0.0,0.0
34,48153.83,10190.268,0.0,10190.268,0.0,48153.83,48153.83,0.0,0.0,0.0,47.0536,1.0,0.0,0.0,0.0
35,48302.47,10221.723,0.0,10221.723,0.0,48302.47,48302.47,0.0,0.0,0.0,47.3,1.0,0.0,0.0,0.0
36,48201.5,10200.356,0.0,10200.356,0.0,48201.5,48201.5,0.0,0.0,0.0,47.62,1.0,0.0,0.0,0.0
37,47947.57,10146.619,0.0,10146.619,0.0,47947.57,47947.57,0.0,0.0,0.0,37.06,1.0,0.0,0.0,0.0
38,48094.72,10177.759,0.0,10177.759,0.0,48094.72,48094.72,0.0,0.0,0.0,39.0896,1.0,0.0,0.0,0.0
39,48316.53,10224.698,0.0,10224.698,0.0,48316.53,48316.53,0.0,0.0,0.0,40.119200000000006,1.0,0.0,0.0,0.0
40,48139.13,10187.157,0.0,10187.157,0.0,48139.13,48139.13,0.0,0.0,0.0,43.7096,1.0,0.0,0.0,0.0
41,48305.07,10222.273,0.0,10222.273,0.0,48305.07,48305.07,0.0,0.0,0.0,47.39,1.0,0.0,0.0,0.0
42,48137.16,10186.74,0.0,10186.74,0.0,48137.16,48137.16,0.0,0.0,0.0,47.6696,1.0,0.0,0.0,0.0
43,48132.53,10185.76,0.0,10185.76,0.0,48132.53,48132.53,0.0,0.0,0.0,47.0478354978355,1.0,0.0,0.0,0.0
44,48106.24,10180.197,0.0,10180.197,0.0,48106.24,48106.24,0.0,0.0,0.0,47.0578354978355,1.0,0.0,0.0,0.0
45,48232.62,10206.941,0.0,10206.941,0.0,48232.62,48232.62,0.0,0.0,0.0,47.36,1.0,0.0,0.0,0.0
46,48140.89,10187.529,0.0,10187.529,0.0,48140.89,48140.89,0.0,0.0,0.0,47.4,1.0,0.0,0.0,0.0
47,48216.47,10203.523,0.0,10203.523,0.0,48216.47,48216.47,0.0,0.0,0.0,47.36,1.0,0.0,0.0,0.0
48,48067.45,10171.988,0.0,10171.988,0.0,48067.45,48067.45,0.0,0.0,0.0,47.37,1.0,0.0,0.0,0.0
49,48166.88,10193.029,0.0,10193.029,0.0,48166.88,48166.88,0.0,0.0,0.0,47.41,1.0,0.0,0.0,0.0
50,48098.62,10178.584,0.0,10178.584,0.0,48098.62,48098.62,0.0,0.0,0.0,47.14,1.0,0.0,0.0,0.0
51,48151.31,10189.734,0.0,10189.734,0.0,48151.31,48151.31,0.0,0.0,0.0,47.41,1.0,0.0,0.0,0.0
52,47969.0,10151.154,0.0,10151.154,0.0,47969.0,47969.0,0.0,0.0,0.0,47.42,1.0,0.0,0.0,0.0
53,48103.22,10179.558,0.0,10179.558,0.0,48103.22,48103.22,0.0,0.0,0.0,47.0888,1.0,0.0,0.0,0.0
54,48204.32,10200.952,0.0,10200.952,0.0,48204.32,48204.32,0.0,0.0,0.0,47.0888,1.0,0.0,0.0,0.0
55,48223.29,10204.967,0.0,10204.967,0.0,48223.29,48223.29,0.0,0.0,0.0,47.0888,1.0,0.0,0.0,0.0
56,48189.66,10197.85,0.0,10197.85,0.0,48189.66,48189.66,0.0,0.0,0.0,47.6872,1.0,0.0,0.0,0.0
57,48100.54,10178.99,0.0,10178.99,0.0,48100.54,48100.54,0.0,0.0,0.0,47.6872,1.0,0.0,0.0,0.0
58,48137.3,10186.77,0.0,10186.77,0.0,48137.3,48137.3,0.0,0.0,0.0,47.66,1.0,0.0,0.0,0.0
59,48427.17,10248.112,0.0,10248.112,0.0,48427.17,48427.17,0.0,0.0,0.0,47.6872,1.0,0.0,0.0,0.0
60,48097.66,10178.381,0.0,10178.381,0.0,48097.66,48097.66,0.0,0.0,0.0,51.2688,1.0,0.0,0.0,0.0
61,48069.23,10172.365,0.0,10172.365,0.0,48069.23,48069.23,0.0,0.0,0.0,51.2688,1.0,0.0,0.0,0.0
62,47997.35,10157.153,0.0,10157.153,0.0,47997.35,47997.35,0.0,0.0,0.0,51.41683673469388,1.0,0.0,0.0,0.0
63,48211.4,10202.451,0.0,10202.451,0.0,48211.4,48211.4,0.0,0.0,0.0,50.2392,1.0,0.0,0.0,0.0
64,48064.24,10171.309,0.0,10171.309,0.0,48064.24,48064.24,0.0,0.0,0.0,51.9816,1.0,0.0,0.0,0.0
65,48045.05,10167.248,0.0,10167.248,0.0,48045.05,48045.05,0.0,0.0,0.0,52.41965608465608,1.0,0.0,0.0,0.0
66,48143.33,10188.046,0.0,10188.046,0.0,48143.33,48143.33,0.0,0.0,0.0,53.844142857142856,1.0,0.0,0.0,0.0
67,48165.23,10192.68,0.0,10192.68,0.0,48165.23,48165.23,0.0,0.0,0.0,53.81,1.0,0.0,0.0,0.0
68,48105.58,10180.057,0.0,10180.057,0.0,48105.58,48105.58,0.0,0.0,0.0,53.77,1.0,0.0,0.0,0.0
69,48071.04,10172.748,0.0,10172.748,0.0,48071.04,48071.04,0.0,0.0,0.0,53.78,1.0,0.0,0.0,0.0
70,48154.76,10190.464,0.0,10190.464,0.0,48154.76,48154.76,0.0,0.0,0.0,53.88,1.0,0.0,0.0,0.0
71,48279.49,10216.86,0.0,10216.86,0.0,48279.49,48279.49,0.0,0.0,0.0,54.38,1.0,0.0,0.0,0.0
72,48179.62,10195.725,0.0,10195.725,0.0,48179.62,48179.62,0.0,0.0,0.0,52.45,1.0,0.0,0.0,0.0
73,48153.61,10190.221,0.0,10190.221,0.0,48153.61,48153.61,0.0,0.0,0.0,52.9232,1.0,0.0,0.0,0.0
74,48172.94,10194.312,0.0,10194.312,0.0,48172.94,48172.94,0.0,0.0,0.0,51.9992,1.0,0.0,0.0,0.0
75,48109.5,10180.887,0.0,10180.887,0.0,48109.5,48109.5,0.0,0.0,0.0,51.9992,1.0,0.0,0.0,0.0
76,48212.11,10202.601,0.0,10202.601,0.0,48212.11,48212.11,0.0,0.0,0.0,51.1104,1.0,0.0,0.0,0.0
77,48240.18,10208.541,0.0,10208.541,0.0,48240.18,48240.18,0.0,0.0,0.0,49.92,1.0,0.0,0.0,0.0
78,48175.49,10194.851,0.0,10194.851,0.0,48175.49,48175.49,0.0,0.0,0.0,48.92,1.0,0.0,0.0,0.0
79,48142.81,10187.936,0.0,10187.936,0.0,48142.81,48142.81,0.0,0.0,0.0,48.7,1.0,0.0,0.0,0.0
80,48195.69,10199.126,0.0,10199.126,0.0,48195.69,48195.69,0.0,0.0,0.0,47.81,1.0,0.0,0.0,0.0
81,48147.28,10188.882,0.0,10188.882,0.0,48147.28,48147.28,0.0,0.0,0.0,47.7,1.0,0.0,0.0,0.0
82,48326.86,10226.884,0.0,10226.884,0.0,48326.86,48326.86,0.0,0.0,0.0,47.35,1.0,0.0,0.0,0.0
83,48430.32,10248.778,0.0,10248.778,0.0,48430.32,48430.32,0.0,0.0,0.0,46.92,1.0,0.0,0.0,0.0
84,48472.05,10257.609,0.0,10257.609,0.0,48472.05,48472.05,0.0,0.0,0.0,46.48,1.0,0.0,0.0,0.0
85,48844.57,10336.441,0.0,10336.441,0.0,48844.57,48844.57,0.0,0.0,0.0,43.0584,1.0,0.0,0.0,0.0
86,49113.31,10393.312,0.0,10393.312,0.0,49113.31,49113.31,0.0,0.0,0.0,43.7888,1.0,0.0,0.0,0.0
87,49438.66,10462.162,0.0,10462.162,0.0,49438.66,49438.66,0.0,0.0,0.0,46.48,1.0,0.0,0.0,0.0
88,50047.38,10590.979,0.0,10590.979,0.0,50047.38,50047.38,0.0,0.0,0.0,47.48,1.0,0.0,0.0,0.0
89,50527.81,10692.647,0.0,10692.647,0.0,50527.81,50527.81,0.0,0.0,0.0,46.684,1.0,0.0,0.0,0.0
90,51135.85,10821.32,0.0,10821.32,0.0,51135.85,51135.85,0.0,0.0,0.0,46.62,1.0,0.0,0.0,0.0
91,52022.22,11008.893,0.0,11008.893,0.0,52022.22,52022.22,0.0,0.0,0.0,42.95,1.0,0.0,0.0,0.0
92,53069.26,11230.466,0.0,11230.466,0.0,53069.26,53069.26,0.0,0.0,0.0,42.96,1.0,0.0,0.0,0.0
93,54123.11,11453.481,0.0,11453.481,0.0,54123.11,54123.11,0.0,0.0,0.0,42.47,1.0,0.0,0.0,0.0
94,54920.13,11622.146,0.0,11622.146,0.0,54920.13,54920.13,0.0,0.0,0.0,42.96,1.0,0.0,0.0,0.0
95,55083.22,11656.659,0.0,11656.659,0.0,55083.22,55083.22,0.0,0.0,0.0,42.35,1.0,0.0,0.0,0.0
96,55205.51,11682.537,0.0,11682.537,0.0,55205.51,55205.51,0.0,0.0,0.0,40.82,1.0,0.0,0.0,0.0
97,55256.5,11693.328,0.0,11693.328,0.0,55256.5,55256.5,0.0,0.0,0.0,40.81,1.0,0.0,0.0,0.0
98,55267.47,11695.649,0.0,11695.649,0.0,55267.47,55267.47,0.0,0.0,0.0,39.875098039215686,1.0,0.0,0.0,0.0
99,55326.76,11708.196,0.0,11708.196,0.0,55326.76,55326.76,0.0,0.0,0.0,40.7528,1.0,0.0,0.0,0.0
100,55370.16,11717.381,0.0,11717.381,0.0,55370.16,55370.16,0.0,0.0,0.0,42.29,1.0,0.0,0.0,0.0
101,55387.18,11720.982,0.0,11720.982,0.0,55387.18,55387.18,0.0,0.0,0.0,40.74,1.0,0.0,0.0,0.0
102,55671.3,11781.107,0.0,11781.107,0.0,55671.3,55671.3,0.0,0.0,0.0,40.11,1.0,0.0,0.0,0.0
103,55925.76,11834.956,0.0,11834.956,0.0,55925.76,55925.76,0.0,0.0,0.0,40.09,1.0,0.0,0.0,0.0
104,55969.95,11844.308,0.0,11844.308,0.0,55969.95,55969.95,0.0,0.0,0.0,41.45,1.0,0.0,0.0,0.0
105,55781.56,11804.441,0.0,11804.441,0.0,55781.56,55781.56,0.0,0.0,0.0,41.43,1.0,0.0,0.0,0.0
106,55654.33,11777.516,0.0,11777.516,0.0,55654.33,55654.33,0.0,0.0,0.0,41.41,1.0,0.0,0.0,0.0
107,55734.76,11794.537,0.0,11794.537,0.0,55734.76,55734.76,0.0,0.0,0.0,41.4,1.0,0.0,0.0,0.0
108,55439.49,11732.052,0.0,11732.052,0.0,55439.49,55439.49,0.0,0.0,0.0,43.604,1.0,0.0,0.0,0.0
109,55282.46,11698.822,0.0,11698.822,0.0,55282.46,55282.46,0.0,0.0,0.0,46.27,1.0,0.0,0.0,0.0
110,55291.92,11700.823,0.0,11700.823,0.0,55291.92,55291.92,0.0,0.0,0.0,46.38,1.0,0.0,0.0,0.0
111,55239.37,11689.703,0.0,11689.703,0.0,55239.37,55239.37,0.0,0.0,0.0,46.65,1.0,0.0,0.0,0.0
112,55314.73,11705.65,0.0,11705.65,0.0,55314.73,55314.73,0.0,0.0,0.0,47.08,1.0,0.0,0.0,0.0
113,55484.83,11741.647,0.0,11741.647,0.0,55484.83,55484.83,0.0,0.0,0.0,47.0624,1.0,0.0,0.0,0.0
114,55811.58,11810.793,0.0,11810.793,0.0,55811.58,55811.58,0.0,0.0,0.0,47.51,1.0,0.0,0.0,0.0
115,55960.3,11842.265,0.0,11842.265,0.0,55960.3,55960.3,0.0,0.0,0.0,48.576,1.0,0.0,0.0,0.0
116,56325.67,11919.585,0.0,11919.585,0.0,56325.67,56325.67,0.0,0.0,0.0,49.62,1.0,0.0,0.0,0.0
117,56864.08,12033.522,0.0,12033.522,0.0,56864.08,56864.08,0.0,0.0,0.0,51.216,1.0,0.0,0.0,0.0
118,57673.63,12204.839,0.0,12204.839,0.0,57673.63,57673.63,0.0,0.0,0.0,53.71,1.0,0.0,0.0,0.0
119,58181.2,12312.25,0.0,12312.25,0.0,58181.2,58181.2,0.0,0.0,0.0,54.338452380952376,1.0,0.0,0.0,0.0
120,58950.13,12474.97,0.0,12474.97,0.0,58950.13,58950.13,0.0,0.0,0.0,54.87367965367965,1.0,0.0,0.0,0.0
121,59782.2,12651.052,0.0,12651.052,0.0,59782.2,59782.2,0.0,0.0,0.0,55.61,1.0,0.0,0.0,0.0
122,60754.84,12856.881,0.0,12856.881,0.0,60754.84,60754.84,0.0,0.0,0.0,56.0867032967033,1.0,0.0,0.0,0.0
123,61544.9,13024.073,0.0,13024.073,0.0,61544.9,61544.9,0.0,0.0,0.0,57.115207373271886,1.0,0.0,0.0,0.0
124,62406.93,13206.495,0.0,13206.495,0.0,62406.93,62406.93,0.0,0.0,0.0,55.74,1.0,0.0,0.0,0.0
125,63136.19,13360.82,0.0,13360.82,0.0,63136.19,63136.19,0.0,0.0,0.0,58.55428571428571,1.0,0.0,0.0,0.0
126,63957.37,13534.598,0.0,13534.598,0.0,63957.37,63957.37,0.0,0.0,0.0,60.18821428571429,1.0,0.0,0.0,0.0
127,64577.94,13665.922,0.0,13665.922,0.0,64577.94,64577.94,0.0,0.0,0.0,62.9728,1.0,0.0,0.0,0.0
128,65112.59,13779.064,0.0,13779.064,0.0,65112.59,65112.59,0.0,0.0,0.0,60.75,1.0,0.0,0.0,0.0
129,65627.81,13888.095,0.0,13888.095,0.0,65627.81,65627.81,0.0,0.0,0.0,63.316703296703295,1.0,0.0,0.0,0.0
130,66054.26,13978.34,0.0,13978.34,0.0,66054.26,66054.26,0.0,0.0,0.0,63.73,1.0,0.0,0.0,0.0
131,66200.98,14009.388,0.0,14009.388,0.0,66200.98,66200.98,0.0,0.0,0.0,67.05,1.0,0.0,0.0,0.0
132,66299.83,14030.307,0.0,14030.307,0.0,66299.83,66299.83,0.0,0.0,0.0,62.18,1.0,0.0,0.0,0.0
133,66467.77,14065.846,0.0,14065.846,0.0,66467.77,66467.77,0.0,0.0,0.0,62.17,1.0,0.0,0.0,0.0
134,66663.97,14107.366,0.0,14107.366,0.0,66663.97,66663.97,0.0,0.0,0.0,65.83,1.0,0.0,0.0,0.0
135,66555.63,14084.439,0.0,14084.439,0.0,66555.63,66555.63,0.0,0.0,0.0,63.69,1.0,0.0,0.0,0.0
136,66462.81,14064.797,0.0,14064.797,0.0,66462.81,66462.81,0.0,0.0,0.0,63.68,1.0,0.0,0.0,0.0
137,66538.03,14080.715,0.0,14080.715,0.0,66538.03,66538.03,0.0,0.0,0.0,60.68,1.0,0.0,0.0,0.0
138,66507.57,14074.269,0.0,14074.269,0.0,66507.57,66507.57,0.0,0.0,0.0,58.87,1.0,0.0,0.0,0.0
139,66433.06,14058.501,0.0,14058.501,0.0,66433.06,66433.06,0.0,0.0,0.0,58.87,1.0,0.0,0.0,0.0
140,66494.85,14071.577,0.0,14071.577,0.0,66494.85,66494.85,0.0,0.0,0.0,58.86,1.0,0.0,0.0,0.0
141,66627.65,14099.68,0.0,14099.68,0.0,66627.65,66627.65,0.0,0.0,0.0,58.85,1.0,0.0,0.0,0.0
142,66657.75,14106.05,0.0,14106.05,0.0,66657.75,66657.75,0.0,0.0,0.0,58.84,1.0,0.0,0.0,0.0
143,66606.73,14095.253,0.0,14095.253,0.0,66606.73,66606.73,0.0,0.0,0.0,58.84,1.0,0.0,0.0,0.0
144,66829.14,14142.319,0.0,14142.319,0.0,66829.14,66829.14,0.0,0.0,0.0,58.83,1.0,0.0,0.0,0.0
145,66845.89,14145.864,0.0,14145.864,0.0,66845.89,66845.89,0.0,0.0,0.0,58.82,1.0,0.0,0.0,0.0
146,66851.67,14147.087,0.0,14147.087,0.0,66851.67,66851.67,0.0,0.0,0.0,58.82,1.0,0.0,0.0,0.0
147,66830.51,14142.609,0.0,14142.609,0.0,66830.51,66830.51,0.0,0.0,0.0,58.81,1.0,0.0,0.0,0.0
148,66797.64,14135.653,0.0,14135.653,0.0,66797.64,66797.64,0.0,0.0,0.0,60.6,1.0,0.0,0.0,0.0
149,66792.48,14134.561,0.0,14134.561,0.0,66792.48,66792.48,0.0,0.0,0.0,59.84,1.0,0.0,0.0,0.0
150,66676.91,14110.104,0.0,14110.104,0.0,66676.91,66676.91,0.0,0.0,0.0,59.83,1.0,0.0,0.0,0.0
151,66581.07,14089.823,0.0,14089.823,0.0,66581.07,66581.07,0.0,0.0,0.0,60.58,1.0,0.0,0.0,0.0
152,66472.46,14066.839,0.0,14066.839,0.0,66472.46,66472.46,0.0,0.0,0.0,60.57,1.0,0.0,0.0,0.0
153,66283.03,14026.752,0.0,14026.752,0.0,66283.03,66283.03,0.0,0.0,0.0,62.6,1.0,0.0,0.0,0.0
154,65945.84,13955.396,0.0,13955.396,0.0,65945.84,65945.84,0.0,0.0,0.0,67.34364285714287,1.0,0.0,0.0,0.0
155,65614.54,13885.286,0.0,13885.286,0.0,65614.54,65614.54,0.0,0.0,0.0,67.38821428571428,1.0,0.0,0.0,0.0
156,65331.41,13825.371,0.0,13825.371,0.0,65331.41,65331.41,0.0,0.0,0.0,68.36,1.0,0.0,0.0,0.0
157,65128.22,13782.372,0.0,13782.372,0.0,65128.22,65128.22,0.0,0.0,0.0,79.99,1.0,0.0,0.0,0.0
158,64763.37,13705.163,0.0,13705.163,0.0,64763.37,64763.37,0.0,0.0,0.0,78.25,1.0,0.0,0.0,0.0
159,64397.91,13627.824,0.0,13627.824,0.0,64397.91,64397.91,0.0,0.0,0.0,81.99,1.0,0.0,0.0,0.0
160,63960.99,13535.364,0.0,13535.364,0.0,63960.99,63960.99,0.0,0.0,0.0,84.6,1.0,0.0,0.0,0.0
161,63781.05,13497.285,0.0,13497.285,0.0,63781.05,63781.05,0.0,0.0,0.0,87.64,1.0,0.0,0.0,0.0
162,63165.25,13366.97,0.0,13366.97,0.0,63165.25,63165.25,0.0,0.0,0.0,99.55,1.0,0.0,0.0,0.0
163,62814.63,13292.772,0.0,13292.772,0.0,62814.63,62814.63,0.0,0.0,0.0,99.54,1.0,0.0,0.0,0.0
164,62387.85,13202.457,0.0,13202.457,0.0,62387.85,62387.85,0.0,0.0,0.0,84.57,1.0,0.0,0.0,0.0
165,62163.55,13154.991,0.0,13154.991,0.0,62163.55,62163.55,0.0,0.0,0.0,87.61,1.0,0.0,0.0,0.0
166,61833.11,13085.064,0.0,13085.064,0.0,61833.11,61833.11,0.0,0.0,0.0,99.51,1.0,0.0,0.0,0.0
167,61447.09,13003.375,0.0,13003.375,0.0,61447.09,61447.09,0.0,0.0,0.0,101.62,1.0,0.0,0.0,0.0
168,61299.88,12972.222,0.0,12972.222,0.0,61299.88,61299.88,0.0,0.0,0.0,99.49,1.0,0.0,0.0,0.0
169,61257.36,12963.224,0.0,12963.224,0.0,61257.36,61257.36,0.0,0.0,0.0,99.48,1.0,0.0,0.0,0.0
170,60973.54,12903.162,0.0,12903.162,0.0,60973.54,60973.54,0.0,0.0,0.0,102.21,1.0,0.0,0.0,0.0
171,60993.06,12907.293,0.0,12907.293,0.0,60993.06,60993.06,0.0,0.0,0.0,102.2,1.0,0.0,0.0,0.0
172,60740.01,12853.743,0.0,12853.743,0.0,60740.01,60740.01,0.0,0.0,0.0,102.19,1.0,0.0,0.0,0.0
173,60861.5,12879.453,0.0,12879.453,0.0,60861.5,60861.5,0.0,0.0,0.0,101.56,1.0,0.0,0.0,0.0
174,60844.1,12875.77,0.0,12875.77,0.0,60844.1,60844.1,0.0,0.0,0.0,99.42,1.0,0.0,0.0,0.0
175,60947.75,12897.705,0.0,12897.705,0.0,60947.75,60947.75,0.0,0.0,0.0,99.41,1.0,0.0,0.0,0.0
176,60805.69,12867.642,0.0,12867.642,0.0,60805.69,60805.69,0.0,0.0,0.0,101.52,1.0,0.0,0.0,0.0
177,60632.16,12830.92,0.0,12830.92,0.0,60632.16,60632.16,0.0,0.0,0.0,99.39,1.0,0.0,0.0,0.0
178,60546.71,12812.837,0.0,12812.837,0.0,60546.71,60546.71,0.0,0.0,0.0,87.48,1.0,0.0,0.0,0.0
179,60723.45,12850.239,0.0,12850.239,0.0,60723.45,60723.45,0.0,0.0,0.0,85.48,1.0,0.0,0.0,0.0
180,60487.69,12800.347,0.0,12800.347,0.0,60487.69,60487.69,0.0,0.0,0.0,76.91014492753622,1.0,0.0,0.0,0.0
181,60398.43,12781.458,0.0,12781.458,0.0,60398.43,60398.43,0.0,0.0,0.0,75.17083333333333,1.0,0.0,0.0,0.0
182,60163.55,12731.753,0.0,12731.753,0.0,60163.55,60163.55,0.0,0.0,0.0,68.17,1.0,0.0,0.0,0.0
183,59993.25,12695.714,0.0,12695.714,0.0,59993.25,59993.25,0.0,0.0,0.0,68.16,1.0,0.0,0.0,0.0
184,59650.61,12623.205,0.0,12623.205,0.0,59650.61,59650.61,0.0,0.0,0.0,83.77,1.0,0.0,0.0,0.0
185,59221.72,12532.444,0.0,12532.444,0.0,59221.72,59221.72,0.0,0.0,0.0,68.15,1.0,0.0,0.0,0.0
186,58728.9,12428.154,0.0,12428.154,0.0,58728.9,58728.9,0.0,0.0,0.0,64.19,1.0,0.0,0.0,0.0
187,58226.27,12321.788,0.0,12321.788,0.0,58226.27,58226.27,0.0,0.0,0.0,63.30995833333333,1.0,0.0,0.0,0.0
188,57775.5,12226.396,0.0,12226.396,0.0,57775.5,57775.5,0.0,0.0,0.0,66.62,1.0,0.0,0.0,0.0
189,56783.04,12016.373,0.0,12016.373,0.0,56783.04,56783.04,0.0,0.0,0.0,61.79,1.0,0.0,0.0,0.0
190,55653.54,11777.349,0.0,11777.349,0.0,55653.54,55653.54,0.0,0.0,0.0,58.54,1.0,0.0,0.0,0.0
191,55353.77,11713.912,0.0,11713.912,0.0,55353.77,55353.77,0.0,0.0,0.0,57.5696,1.0,0.0,0.0,0.0
192,55235.37,11688.856,0.0,11688.856,0.0,55235.37,55235.37,0.0,0.0,0.0,57.73,1.0,0.0,0.0,0.0
193,55462.3,11736.879,0.0,11736.879,0.0,55462.3,55462.3,0.0,0.0,0.0,57.73,1.0,0.0,0.0,0.0
194,55332.19,11709.345,0.0,11709.345,0.0,55332.19,55332.19,0.0,0.0,0.0,57.73,1.0,0.0,0.0,0.0
195,55374.46,11718.29,0.0,11718.29,0.0,55374.46,55374.46,0.0,0.0,0.0,55.476527777777775,1.0,0.0,0.0,0.0
196,55456.92,11735.741,0.0,11735.741,0.0,55456.92,55456.92,0.0,0.0,0.0,55.19,1.0,0.0,0.0,0.0
197,55648.66,11776.316,0.0,11776.316,0.0,55648.66,55648.66,0.0,0.0,0.0,55.2,1.0,0.0,0.0,0.0
198,55624.01,11771.1,0.0,11771.1,0.0,55624.01,55624.01,0.0,0.0,0.0,55.2,1.0,0.0,0.0,0.0
199,55896.12,11828.684,0.0,11828.684,0.0,55896.12,55896.12,0.0,0.0,0.0,55.2,1.0,0.0,0.0,0.0
200,55900.23,11829.553,0.0,11829.553,0.0,55900.23,55900.23,0.0,0.0,0.0,56.6896,1.0,0.0,0.0,0.0
201,55993.28,11849.245,0.0,11849.245,0.0,55993.28,55993.28,0.0,0.0,0.0,56.559185208081445,1.0,0.0,0.0,0.0
202,55648.41,11776.264,0.0,11776.264,0.0,55648.41,55648.41,0.0,0.0,0.0,56.69840000000001,1.0,0.0,0.0,0.0
203,55555.31,11756.562,0.0,11756.562,0.0,55555.31,55555.31,0.0,0.0,0.0,56.98,1.0,0.0,0.0,0.0
204,55460.16,11736.426,0.0,11736.426,0.0,55460.16,55460.16,0.0,0.0,0.0,55.22,1.0,0.0,0.0,0.0
205,55282.93,11698.921,0.0,11698.921,0.0,55282.93,55282.93,0.0,0.0,0.0,53.9,1.0,0.0,0.0,0.0
206,55339.84,11710.964,0.0,11710.964,0.0,55339.84,55339.84,0.0,0.0,0.0,53.91,1.0,0.0,0.0,0.0
207,55254.5,11692.905,0.0,11692.905,0.0,55254.5,55254.5,0.0,0.0,0.0,53.91,1.0,0.0,0.0,0.0
208,55377.42,11718.917,0.0,11718.917,0.0,55377.42,55377.42,0.0,0.0,0.0,57.78,1.0,0.0,0.0,0.0
209,55523.16,11749.758,0.0,11749.758,0.0,55523.16,55523.16,0.0,0.0,0.0,57.78,1.0,0.0,0.0,0.0
210,55813.3,11811.157,0.0,11811.157,0.0,55813.3,55813.3,0.0,0.0,0.0,58.59,1.0,0.0,0.0,0.0
211,55981.38,11846.726,0.0,11846.726,0.0,55981.38,55981.38,0.0,0.0,0.0,59.9896,1.0,0.0,0.0,0.0
212,56395.0,11934.256,0.0,11934.256,0.0,56395.0,56395.0,0.0,0.0,0.0,78.07,1.0,0.0,0.0,0.0
213,56860.57,12032.78,0.0,12032.78,0.0,56860.57,56860.57,0.0,0.0,0.0,76.07,1.0,0.0,0.0,0.0
214,57541.83,12176.947,0.0,12176.947,0.0,57541.83,57541.83,0.0,0.0,0.0,84.43,1.0,0.0,0.0,0.0
215,58306.89,12338.849,0.0,12338.849,0.0,58306.89,58306.89,0.0,0.0,0.0,87.93,1.0,0.0,0.0,0.0
216,58960.11,12477.082,0.0,12477.082,0.0,58960.11,58960.11,0.0,0.0,0.0,105.36,1.0,0.0,0.0,0.0
217,59967.38,12690.24,0.0,12690.24,0.0,59967.38,59967.38,0.0,0.0,0.0,134.31,1.0,0.0,0.0,0.0
218,60611.49,12826.546,0.0,12826.546,0.0,60611.49,60611.49,0.0,0.0,0.0,295.5966666666667,1.0,0.0,0.0,0.0
219,61530.35,13020.994,0.0,13020.994,0.0,61530.35,61530.35,0.0,0.0,0.0,138.66,1.0,0.0,0.0,0.0
220,62331.0,13190.427,0.0,13190.427,0.0,62331.0,62331.0,0.0,0.0,0.0,138.67,1.0,0.0,0.0,0.0
221,63175.48,13369.135,0.0,13369.135,0.0,63175.48,63175.48,0.0,0.0,0.0,138.68,1.0,0.0,0.0,0.0
222,63975.74,13538.485,0.0,13538.485,0.0,63975.74,63975.74,0.0,0.0,0.0,138.69,1.0,0.0,0.0,0.0
223,64593.16,13669.143,0.0,13669.143,0.0,64593.16,64593.16,0.0,0.0,0.0,138.71,1.0,0.0,0.0,0.0
224,65062.95,13768.56,0.0,13768.56,0.0,65062.95,65062.95,0.0,0.0,0.0,138.72,1.0,0.0,0.0,0.0
225,65465.55,13853.757,0.0,13853.757,0.0,65465.55,65465.55,0.0,0.0,0.0,138.73,1.0,0.0,0.0,0.0
226,66172.41,14003.342,0.0,14003.342,0.0,66172.41,66172.41,0.0,0.0,0.0,138.74,1.0,0.0,0.0,0.0
227,66320.91,14034.768,0.0,14034.768,0.0,66320.91,66320.91,0.0,0.0,0.0,138.76,1.0,0.0,0.0,0.0
228,66260.57,14021.999,0.0,14021.999,0.0,66260.57,66260.57,0.0,0.0,0.0,138.77,1.0,0.0,0.0,0.0
229,66621.83,14098.448,0.0,14098.448,0.0,66621.83,66621.83,0.0,0.0,0.0,138.78,1.0,0.0,0.0,0.0
230,66626.25,14099.384,0.0,14099.384,0.0,66626.25,66626.25,0.0,0.0,0.0,138.79,1.0,0.0,0.0,0.0
231,66568.29,14087.118,0.0,14087.118,0.0,66568.29,66568.29,0.0,0.0,0.0,138.81,1.0,0.0,0.0,0.0
232,66591.95,14092.125,0.0,14092.125,0.0,66591.95,66591.95,0.0,0.0,0.0,138.82,1.0,0.0,0.0,0.0
233,66407.57,14053.107,0.0,14053.107,0.0,66407.57,66407.57,0.0,0.0,0.0,138.83,1.0,0.0,0.0,0.0
234,66383.74,14048.064,0.0,14048.064,0.0,66383.74,66383.74,0.0,0.0,0.0,138.84,1.0,0.0,0.0,0.0
235,66519.14,14076.717,0.0,14076.717,0.0,66519.14,66519.14,0.0,0.0,0.0,138.86,1.0,0.0,0.0,0.0
236,66495.59,14071.733,0.0,14071.733,0.0,66495.59,66495.59,0.0,0.0,0.0,138.87,1.0,0.0,0.0,0.0
237,66548.34,14082.896,0.0,14082.896,0.0,66548.34,66548.34,0.0,0.0,0.0,138.88,1.0,0.0,0.0,0.0
238,66576.87,14088.934,0.0,14088.934,0.0,66576.87,66576.87,0.0,0.0,0.0,138.89,1.0,0.0,0.0,0.0
239,66653.41,14105.131,0.0,14105.131,0.0,66653.41,66653.41,0.0,0.0,0.0,138.91,1.0,0.0,0.0,0.0
240,66690.37,14112.953,0.0,14112.953,0.0,66690.37,66690.37,0.0,0.0,0.0,138.92,1.0,0.0,0.0,0.0
241,66918.26,14161.178,0.0,14161.178,0.0,66918.26,66918.26,0.0,0.0,0.0,138.93,1.0,0.0,0.0,0.0
242,66783.74,14132.711,0.0,14132.711,0.0,66783.74,66783.74,0.0,0.0,0.0,138.94,1.0,0.0,0.0,0.0
243,66927.17,14163.064,0.0,14163.064,0.0,66927.17,66927.17,0.0,0.0,0.0,138.96,1.0,0.0,0.0,0.0
244,66790.76,14134.197,0.0,14134.197,0.0,66790.76,66790.76,0.0,0.0,0.0,138.97,1.0,0.0,0.0,0.0
245,66667.48,14108.109,0.0,14108.109,0.0,66667.48,66667.48,0.0,0.0,0.0,138.98,1.0,0.0,0.0,0.0
246,66707.28,14116.531,0.0,14116.531,0.0,66707.28,66707.28,0.0,0.0,0.0,138.99,1.0,0.0,0.0,0.0
247,66688.92,14112.646,0.0,14112.646,0.0,66688.92,66688.92,0.0,0.0,0.0,139.01,1.0,0.0,0.0,0.0
248,66480.46,14068.532,0.0,14068.532,0.0,66480.46,66480.46,0.0,0.0,0.0,139.02,1.0,0.0,0.0,0.0
249,66246.43,14019.006,0.0,14019.006,0.0,66246.43,66246.43,0.0,0.0,0.0,139.03,1.0,0.0,0.0,0.0
250,66110.02,13990.139,0.0,13990.139,0.0,66110.02,66110.02,0.0,0.0,0.0,139.04,1.0,0.0,0.0,0.0
251,65803.12,13925.194,0.0,13925.194,0.0,65803.12,65803.12,0.0,0.0,0.0,139.06,1.0,0.0,0.0,0.0
252,65604.04,13883.064,0.0,13883.064,0.0,65604.04,65604.04,0.0,0.0,0.0,139.07,1.0,0.0,0.0,0.0
253,65156.1,13788.272,0.0,13788.272,0.0,65156.1,65156.1,0.0,0.0,0.0,139.08,1.0,0.0,0.0,0.0
254,64543.67,13658.67,0.0,13658.67,0.0,64543.67,64543.67,0.0,0.0,0.0,139.09,1.0,0.0,0.0,0.0
255,64308.38,13608.878,0.0,13608.878,0.0,64308.38,64308.38,0.0,0.0,0.0,139.11,1.0,0.0,0.0,0.0
256,63862.58,13514.538,0.0,13514.538,0.0,63862.58,63862.58,0.0,0.0,0.0,139.12,1.0,0.0,0.0,0.0
257,63686.06,13477.183,0.0,13477.183,0.0,63686.06,63686.06,0.0,0.0,0.0,139.13,1.0,0.0,0.0,0.0
258,63164.07,13366.72,0.0,13366.72,0.0,63164.07,63164.07,0.0,0.0,0.0,139.14,1.0,0.0,0.0,0.0
259,62711.33,13270.912,0.0,13270.912,0.0,62711.33,62711.33,0.0,0.0,0.0,139.16,1.0,0.0,0.0,0.0
260,62752.15,13279.55,0.0,13279.55,0.0,62752.15,62752.15,0.0,0.0,0.0,139.17,1.0,0.0,0.0,0.0
261,62127.09,13147.276,0.0,13147.276,0.0,62127.09,62127.09,0.0,0.0,0.0,139.18,1.0,0.0,0.0,0.0
262,61849.14,13088.456,0.0,13088.456,0.0,61849.14,61849.14,0.0,0.0,0.0,139.19,1.0,0.0,0.0,0.0
263,61640.58,13044.321,0.0,13044.321,0.0,61640.58,61640.58,0.0,0.0,0.0,139.2,1.0,0.0,0.0,0.0
264,61527.91,13020.478,0.0,13020.478,0.0,61527.91,61527.91,0.0,0.0,0.0,139.22,1.0,0.0,0.0,0.0
265,61293.46,12970.864,0.0,12970.864,0.0,61293.46,61293.46,0.0,0.0,0.0,139.23,1.0,0.0,0.0,0.0
266,61028.1,12914.708,0.0,12914.708,0.0,61028.1,61028.1,0.0,0.0,0.0,139.24,1.0,0.0,0.0,0.0
267,60920.77,12891.995,0.0,12891.995,0.0,60920.77,60920.77,0.0,0.0,0.0,139.25,1.0,0.0,0.0,0.0
268,60822.33,12871.164,0.0,12871.164,0.0,60822.33,60822.33,0.0,0.0,0.0,139.27,1.0,0.0,0.0,0.0
269,60852.27,12877.499,0.0,12877.499,0.0,60852.27,60852.27,0.0,0.0,0.0,139.28,1.0,0.0,0.0,0.0
270,60853.64,12877.789,0.0,12877.789,0.0,60853.64,60853.64,0.0,0.0,0.0,139.29,1.0,0.0,0.0,0.0
271,60705.25,12846.387,0.0,12846.387,0.0,60705.25,60705.25,0.0,0.0,0.0,139.3,1.0,0.0,0.0,0.0
272,60684.8,12842.06,0.0,12842.06,0.0,60684.8,60684.8,0.0,0.0,0.0,139.32,1.0,0.0,0.0,0.0
273,60546.79,12812.854,0.0,12812.854,0.0,60546.79,60546.79,0.0,0.0,0.0,139.33,1.0,0.0,0.0,0.0
274,60703.55,12846.027,0.0,12846.027,0.0,60703.55,60703.55,0.0,0.0,0.0,139.34,1.0,0.0,0.0,0.0
275,60684.16,12841.924,0.0,12841.924,0.0,60684.16,60684.16,0.0,0.0,0.0,139.35,1.0,0.0,0.0,0.0
276,60507.73,12804.588,0.0,12804.588,0.0,60507.73,60507.73,0.0,0.0,0.0,139.37,1.0,0.0,0.0,0.0
277,60167.52,12732.593,0.0,12732.593,0.0,60167.52,60167.52,0.0,0.0,0.0,139.38,1.0,0.0,0.0,0.0
278,60353.77,12772.007,0.0,12772.007,0.0,60353.77,60353.77,0.0,0.0,0.0,139.39,1.0,0.0,0.0,0.0
279,59858.13,12667.12,0.0,12667.12,0.0,59858.13,59858.13,0.0,0.0,0.0,139.4,1.0,0.0,0.0,0.0
280,59650.61,12623.205,0.0,12623.205,0.0,59650.61,59650.61,0.0,0.0,0.0,139.42,1.0,0.0,0.0,0.0
281,59399.8,12570.129,0.0,12570.129,0.0,59399.8,59399.8,0.0,0.0,0.0,139.43,1.0,0.0,0.0,0.0
282,59008.3,12487.28,0.0,12487.28,0.0,59008.3,59008.3,0.0,0.0,0.0,139.44,1.0,0.0,0.0,0.0
283,58524.01,12384.795,0.0,12384.795,0.0,58524.01,58524.01,0.0,0.0,0.0,139.45,1.0,0.0,0.0,0.0
284,57711.74,12212.903,0.0,12212.903,0.0,57711.74,57711.74,0.0,0.0,0.0,139.47,1.0,0.0,0.0,0.0
285,56796.09,12019.134,0.0,12019.134,0.0,56796.09,56796.09,0.0,0.0,0.0,127.97,1.0,0.0,0.0,0.0
286,55843.16,11817.476,0.0,11817.476,0.0,55843.16,55843.16,0.0,0.0,0.0,102.49,1.0,0.0,0.0,0.0
287,55319.06,11706.567,0.0,11706.567,0.0,55319.06,55319.06,0.0,0.0,0.0,99.74,1.0,0.0,0.0,0.0
288,55093.39,11658.811,0.0,11658.811,0.0,55093.39,55093.39,0.0,0.0,0.0,91.3088,1.0,0.0,0.0,0.0
289,55175.93,11676.278,0.0,11676.278,0.0,55175.93,55175.93,0.0,0.0,0.0,87.8,1.0,0.0,0.0,0.0
290,55072.09,11654.303,0.0,11654.303,0.0,55072.09,55072.09,0.0,0.0,0.0,85.8,1.0,0.0,0.0,0.0
291,55273.88,11697.006,0.0,11697.006,0.0,55273.88,55273.88,0.0,0.0,0.0,80.78098039215686,1.0,0.0,0.0,0.0
292,55051.89,11650.029,0.0,11650.029,0.0,55051.89,55051.89,0.0,0.0,0.0,84.73,1.0,0.0,0.0,0.0
293,54457.01,11524.141,0.0,11524.141,0.0,54457.01,54457.01,0.0,0.0,0.0,73.2746875,1.0,0.0,0.0,0.0
294,53675.03,11358.659,0.0,11358.659,0.0,53675.03,53675.03,0.0,0.0,0.0,66.91,1.0,0.0,0.0,0.0
295,52815.69,11176.806,0.0,11176.806,0.0,52815.69,52815.69,0.0,0.0,0.0,63.59995833333334,1.0,0.0,0.0,0.0
296,52133.52,11032.446,0.0,11032.446,0.0,52133.52,52133.52,0.0,0.0,0.0,62.06,1.0,0.0,0.0,0.0
297,51429.07,10883.371,0.0,10883.371,0.0,51429.07,51429.07,0.0,0.0,0.0,59.54392857142857,1.0,0.0,0.0,0.0
298,50928.98,10777.542,0.0,10777.542,0.0,50928.98,50928.98,0.0,0.0,0.0,58.845312500000006,1.0,0.0,0.0,0.0
299,50724.53,10734.277,0.0,10734.277,0.0,50724.53,50724.53,0.0,0.0,0.0,58.8,1.0,0.0,0.0,0.0
300,50198.68,10622.997,0.0,10622.997,0.0,50198.68,50198.68,0.0,0.0,0.0,60.59,1.0,0.0,0.0,0.0
301,50110.74,10604.387,0.0,10604.387,0.0,50110.74,50110.74,0.0,0.0,0.0,57.99,1.0,0.0,0.0,0.0
302,49747.5,10527.519,0.0,10527.519,0.0,49747.5,49747.5,0.0,0.0,0.0,56.918400000000005,1.0,0.0,0.0,0.0
303,49753.78,10528.848,0.0,10528.848,0.0,49753.78,49753.78,0.0,0.0,0.0,55.73652777777778,1.0,0.0,0.0,0.0
304,49664.58,10509.971,0.0,10509.971,0.0,49664.58,49664.58,0.0,0.0,0.0,59.72,1.0,0.0,0.0,0.0
305,49426.9,10459.674,0.0,10459.674,0.0,49426.9,49426.9,0.0,0.0,0.0,57.98,1.0,0.0,0.0,0.0
306,49656.49,10508.259,0.0,10508.259,0.0,49656.49,49656.49,0.0,0.0,0.0,57.98,1.0,0.0,0.0,0.0
307,49695.12,10516.434,0.0,10516.434,0.0,49695.12,49695.12,0.0,0.0,0.0,60.19200000000001,1.0,0.0,0.0,0.0
308,49524.85,10480.402,0.0,10480.402,0.0,49524.85,49524.85,0.0,0.0,0.0,84.68,1.0,0.0,0.0,0.0
309,49631.79,10503.032,0.0,10503.032,0.0,49631.79,49631.79,0.0,0.0,0.0,78.3,1.0,0.0,0.0,0.0
310,49610.24,10498.472,0.0,10498.472,0.0,49610.24,49610.24,0.0,0.0,0.0,80.04,1.0,0.0,0.0,0.0
311,49689.8,10515.308,0.0,10515.308,0.0,49689.8,49689.8,0.0,0.0,0.0,84.67,1.0,0.0,0.0,0.0
312,49902.5,10560.32,0.0,10560.32,0.0,49902.5,49902.5,0.0,0.0,0.0,85.72,1.0,0.0,0.0,0.0
313,49869.52,10553.34,0.0,10553.34,0.0,49869.52,49869.52,0.0,0.0,0.0,88.4,1.0,0.0,0.0,0.0
314,50008.65,10582.783,0.0,10582.783,0.0,50008.65,50008.65,0.0,0.0,0.0,91.212,1.0,0.0,0.0,0.0
315,49804.47,10539.575,0.0,10539.575,0.0,49804.47,49804.47,0.0,0.0,0.0,101.77,1.0,0.0,0.0,0.0
316,50107.89,10603.784,0.0,10603.784,0.0,50107.89,50107.89,0.0,0.0,0.0,102.39,1.0,0.0,0.0,0.0
317,50092.12,10600.447,0.0,10600.447,0.0,50092.12,50092.12,0.0,0.0,0.0,118.62,1.0,0.0,0.0,0.0
318,50187.44,10620.618,0.0,10620.618,0.0,50187.44,50187.44,0.0,0.0,0.0,134.04,1.0,0.0,0.0,0.0
319,50161.29,10615.084,0.0,10615.084,0.0,50161.29,50161.29,0.0,0.0,0.0,134.03,1.0,0.0,0.0,0.0
320,50226.29,10628.84,0.0,10628.84,0.0,50226.29,50226.29,0.0,0.0,0.0,134.01,1.0,0.0,0.0,0.0
321,50158.22,10614.435,0.0,10614.435,0.0,50158.22,50158.22,0.0,0.0,0.0,134.0,1.0,0.0,0.0,0.0
322,50285.72,10641.416,0.0,10641.416,0.0,50285.72,50285.72,0.0,0.0,0.0,133.99,1.0,0.0,0.0,0.0
323,50307.62,10646.051,0.0,10646.051,0.0,50307.62,50307.62,0.0,0.0,0.0,134.39,1.0,0.0,0.0,0.0
324,50424.9,10670.869,0.0,10670.869,0.0,50424.9,50424.9,0.0,0.0,0.0,133.96,1.0,0.0,0.0,0.0
325,50230.53,10629.737,0.0,10629.737,0.0,50230.53,50230.53,0.0,0.0,0.0,133.95,1.0,0.0,0.0,0.0
326,50264.88,10637.006,0.0,10637.006,0.0,50264.88,50264.88,0.0,0.0,0.0,134.36,1.0,0.0,0.0,0.0
327,50198.19,10622.893,0.0,10622.893,0.0,50198.19,50198.19,0.0,0.0,0.0,133.92,1.0,0.0,0.0,0.0
328,50517.26,10690.414,0.0,10690.414,0.0,50517.26,50517.26,0.0,0.0,0.0,102.33,1.0,0.0,0.0,0.0
329,50332.76,10651.371,0.0,10651.371,0.0,50332.76,50332.76,0.0,0.0,0.0,105.58,1.0,0.0,0.0,0.0
330,50375.44,10660.403,0.0,10660.403,0.0,50375.44,50375.44,0.0,0.0,0.0,102.32,1.0,0.0,0.0,0.0
331,50519.83,10690.958,0.0,10690.958,0.0,50519.83,50519.83,0.0,0.0,0.0,102.32,1.0,0.0,0.0,0.0
332,50303.76,10645.234,0.0,10645.234,0.0,50303.76,50303.76,0.0,0.0,0.0,99.56,1.0,0.0,0.0,0.0
333,50435.29,10673.068,0.0,10673.068,0.0,50435.29,50435.29,0.0,0.0,0.0,99.56,1.0,0.0,0.0,0.0
334,50335.23,10651.893,0.0,10651.893,0.0,50335.23,50335.23,0.0,0.0,0.0,92.17,1.0,0.0,0.0,0.0
335,50509.33,10688.736,0.0,10688.736,0.0,50509.33,50509.33,0.0,0.0,0.0,92.17,1.0,0.0,0.0,0.0
336,50331.23,10651.047,0.0,10651.047,0.0,50331.23,50331.23,0.0,0.0,0.0,87.62,1.0,0.0,0.0,0.0
337,50424.3,10670.742,0.0,10670.742,0.0,50424.3,50424.3,0.0,0.0,0.0,87.62,1.0,0.0,0.0,0.0
338,50233.96,10630.463,0.0,10630.463,0.0,50233.96,50233.96,0.0,0.0,0.0,85.61,1.0,0.0,0.0,0.0
339,50234.65,10630.609,0.0,10630.609,0.0,50234.65,50234.65,0.0,0.0,0.0,81.93,1.0,0.0,0.0,0.0
340,50187.11,10620.548,0.0,10620.548,0.0,50187.11,50187.11,0.0,0.0,0.0,85.6,1.0,0.0,0.0,0.0
341,50331.31,10651.064,0.0,10651.064,0.0,50331.31,50331.31,0.0,0.0,0.0,84.55,1.0,0.0,0.0,0.0
342,50039.6,10589.332,0.0,10589.332,0.0,50039.6,50039.6,0.0,0.0,0.0,80.58098039215686,1.0,0.0,0.0,0.0
343,49936.38,10567.489,0.0,10567.489,0.0,49936.38,49936.38,0.0,0.0,0.0,79.99,1.0,0.0,0.0,0.0
344,49782.29,10534.881,0.0,10534.881,0.0,49782.29,49782.29,0.0,0.0,0.0,87.58,1.0,0.0,0.0,0.0
345,49874.4,10554.373,0.0,10554.373,0.0,49874.4,49874.4,0.0,0.0,0.0,87.57,1.0,0.0,0.0,0.0
346,49633.02,10503.292,0.0,10503.292,0.0,49633.02,49633.02,0.0,0.0,0.0,85.15,1.0,0.0,0.0,0.0
347,49453.9,10465.387,0.0,10465.387,0.0,49453.9,49453.9,0.0,0.0,0.0,85.15,1.0,0.0,0.0,0.0
348,49193.47,10410.275,0.0,10410.275,0.0,49193.47,49193.47,0.0,0.0,0.0,84.51,1.0,0.0,0.0,0.0
349,49092.45,10388.898,0.0,10388.898,0.0,49092.45,49092.45,0.0,0.0,0.0,84.5,1.0,0.0,0.0,0.0
350,48951.49,10359.068,0.0,10359.068,0.0,48951.49,48951.49,0.0,0.0,0.0,81.87,1.0,0.0,0.0,0.0
351,48918.07,10351.995,0.0,10351.995,0.0,48918.07,48918.07,0.0,0.0,0.0,79.86,1.0,0.0,0.0,0.0
352,48725.76,10311.299,0.0,10311.299,0.0,48725.76,48725.76,0.0,0.0,0.0,79.85,1.0,0.0,0.0,0.0
353,48658.74,10297.116,0.0,10297.116,0.0,48658.74,48658.74,0.0,0.0,0.0,84.48,1.0,0.0,0.0,0.0
354,48561.83,10276.608,0.0,10276.608,0.0,48561.83,48561.83,0.0,0.0,0.0,87.52,1.0,0.0,0.0,0.0
355,48505.52,10264.692,0.0,10264.692,0.0,48505.52,48505.52,0.0,0.0,0.0,86.9398795738768,1.0,0.0,0.0,0.0
356,48204.79,10201.052,0.0,10201.052,0.0,48204.79,48204.79,0.0,0.0,0.0,84.47,1.0,0.0,0.0,0.0
357,48300.0,10221.2,0.0,10221.2,0.0,48300.0,48300.0,0.0,0.0,0.0,84.46,1.0,0.0,0.0,0.0
358,48310.5,10223.422,0.0,10223.422,0.0,48310.5,48310.5,0.0,0.0,0.0,85.51,1.0,0.0,0.0,0.0
359,48402.44,10242.878,0.0,10242.878,0.0,48402.44,48402.44,0.0,0.0,0.0,85.5,1.0,0.0,0.0,0.0
360,48348.44,10231.451,0.0,10231.451,0.0,48348.44,48348.44,0.0,0.0,0.0,79.82,1.0,0.0,0.0,0.0
361,48178.94,10195.581,0.0,10195.581,0.0,48178.94,48178.94,0.0,0.0,0.0,71.16045454545454,1.0,0.0,0.0,0.0
362,48160.54,10191.688,0.0,10191.688,0.0,48160.54,48160.54,0.0,0.0,0.0,68.2,1.0,0.0,0.0,0.0
363,48162.3,10192.06,0.0,10192.06,0.0,48162.3,48162.3,0.0,0.0,0.0,68.19,1.0,0.0,0.0,0.0
364,48240.98,10208.71,0.0,10208.71,0.0,48240.98,48240.98,0.0,0.0,0.0,65.5,1.0,0.0,0.0,0.0
365,48121.26,10183.375,0.0,10183.375,0.0,48121.26,48121.26,0.0,0.0,0.0,63.35995833333333,1.0,0.0,0.0,0.0
366,48004.59,10158.686,0.0,10158.686,0.0,48004.59,48004.59,0.0,0.0,0.0,61.93607142857143,1.0,0.0,0.0,0.0
367,48093.16,10177.429,0.0,10177.429,0.0,48093.16,48093.16,0.0,0.0,0.0,60.5869696969697,1.0,0.0,0.0,0.0
368,48208.49,10201.835,0.0,10201.835,0.0,48208.49,48208.49,0.0,0.0,0.0,84.41,1.0,0.0,0.0,0.0
369,48139.02,10187.134,0.0,10187.134,0.0,48139.02,48139.02,0.0,0.0,0.0,61.83,1.0,0.0,0.0,0.0
370,48155.12,10190.541,0.0,10190.541,0.0,48155.12,48155.12,0.0,0.0,0.0,59.63,1.0,0.0,0.0,0.0
371,48044.01,10167.028,0.0,10167.028,0.0,48044.01,48044.01,0.0,0.0,0.0,57.78,1.0,0.0,0.0,0.0
372,48022.32,10162.438,0.0,10162.438,0.0,48022.32,48022.32,0.0,0.0,0.0,56.849375,1.0,0.0,0.0,0.0
373,48140.61,10187.47,0.0,10187.47,0.0,48140.61,48140.61,0.0,0.0,0.0,55.516527777777775,1.0,0.0,0.0,0.0
374,48138.09,10186.937,0.0,10186.937,0.0,48138.09,48138.09,0.0,0.0,0.0,54.77,1.0,0.0,0.0,0.0
375,48066.54,10171.795,0.0,10171.795,0.0,48066.54,48066.54,0.0,0.0,0.0,53.78544117647059,1.0,0.0,0.0,0.0
376,48113.04,10181.636,0.0,10181.636,0.0,48113.04,48113.04,0.0,0.0,0.0,53.9,1.0,0.0,0.0,0.0
377,48288.32,10218.728,0.0,10218.728,0.0,48288.32,48288.32,0.0,0.0,0.0,53.3,1.0,0.0,0.0,0.0
378,48264.85,10213.762,0.0,10213.762,0.0,48264.85,48264.85,0.0,0.0,0.0,52.72916666666666,1.0,0.0,0.0,0.0
379,48078.39,10174.303,0.0,10174.303,0.0,48078.39,48078.39,0.0,0.0,0.0,49.7949537037037,1.0,0.0,0.0,0.0
380,48202.46,10200.559,0.0,10200.559,0.0,48202.46,48202.46,0.0,0.0,0.0,44.86,1.0,0.0,0.0,0.0
381,48138.31,10186.983,0.0,10186.983,0.0,48138.31,48138.31,0.0,0.0,0.0,44.05,1.0,0.0,0.0,0.0
382,48067.42,10171.982,0.0,10171.982,0.0,48067.42,48067.42,0.0,0.0,0.0,43.350646942582486,1.0,0.0,0.0,0.0
383,48224.34,10205.189,0.0,10205.189,0.0,48224.34,48224.34,0.0,0.0,0.0,42.95,1.0,0.0,0.0,0.0
384,48096.26,10178.085,0.0,10178.085,0.0,48096.26,48096.26,0.0,0.0,0.0,43.05,1.0,0.0,0.0,0.0
385,48229.63,10206.308,0.0,10206.308,0.0,48229.63,48229.63,0.0,0.0,0.0,42.42,1.0,0.0,0.0,0.0
386,48193.44,10198.65,0.0,10198.65,0.0,48193.44,48193.44,0.0,0.0,0.0,42.3,1.0,0.0,0.0,0.0
387,48125.48,10184.268,0.0,10184.268,0.0,48125.48,48125.48,0.0,0.0,0.0,42.09,1.0,0.0,0.0,0.0
388,48143.82,10188.149,0.0,10188.149,0.0,48143.82,48143.82,0.0,0.0,0.0,42.09,1.0,0.0,0.0,0.0
389,48188.92,10197.693,0.0,10197.693,0.0,48188.92,48188.92,0.0,0.0,0.0,42.08,1.0,0.0,0.0,0.0
390,48249.01,10210.41,0.0,10210.41,0.0,48249.01,48249.01,0.0,0.0,0.0,41.721954022988506,1.0,0.0,0.0,0.0
391,48139.44,10187.222,0.0,10187.222,0.0,48139.44,48139.44,0.0,0.0,0.0,41.37,1.0,0.0,0.0,0.0
392,48041.38,10166.471,0.0,10166.471,0.0,48041.38,48041.38,0.0,0.0,0.0,41.36,1.0,0.0,0.0,0.0
393,48199.5,10199.932,0.0,10199.932,0.0,48199.5,48199.5,0.0,0.0,0.0,40.924375,1.0,0.0,0.0,0.0
394,48121.7,10183.468,0.0,10183.468,0.0,48121.7,48121.7,0.0,0.0,0.0,41.2632,1.0,0.0,0.0,0.0
395,48168.17,10193.302,0.0,10193.302,0.0,48168.17,48168.17,0.0,0.0,0.0,40.78,1.0,0.0,0.0,0.0
396,48082.28,10175.126,0.0,10175.126,0.0,48082.28,48082.28,0.0,0.0,0.0,41.2544,1.0,0.0,0.0,0.0
397,48122.08,10183.549,0.0,10183.549,0.0,48122.08,48122.08,0.0,0.0,0.0,40.67731182795699,1.0,0.0,0.0,0.0
398,48157.23,10190.987,0.0,10190.987,0.0,48157.23,48157.23,0.0,0.0,0.0,40.61,1.0,0.0,0.0,0.0
399,48031.21,10164.319,0.0,10164.319,0.0,48031.21,48031.21,0.0,0.0,0.0,39.9,1.0,0.0,0.0,0.0
400,48099.82,10178.838,0.0,10178.838,0.0,48099.82,48099.82,0.0,0.0,0.0,39.81150537634409,1.0,0.0,0.0,0.0
401,47977.91,10153.04,0.0,10153.04,0.0,47977.91,47977.91,0.0,0.0,0.0,42.0288,1.0,0.0,0.0,0.0
402,48135.9,10186.473,0.0,10186.473,0.0,48135.9,48135.9,0.0,0.0,0.0,42.02,1.0,0.0,0.0,0.0
403,47950.06,10147.146,0.0,10147.146,0.0,47950.06,47950.06,0.0,0.0,0.0,42.02,1.0,0.0,0.0,0.0
404,48091.02,10176.976,0.0,10176.976,0.0,48091.02,48091.02,0.0,0.0,0.0,42.0112,1.0,0.0,0.0,0.0
405,47894.27,10135.34,0.0,10135.34,0.0,47894.27,47894.27,0.0,0.0,0.0,42.21,1.0,0.0,0.0,0.0
406,48160.93,10191.77,0.0,10191.77,0.0,48160.93,48160.93,0.0,0.0,0.0,42.21,1.0,0.0,0.0,0.0
407,48085.6,10175.829,0.0,10175.829,0.0,48085.6,48085.6,0.0,0.0,0.0,42.21,1.0,0.0,0.0,0.0
408,48100.29,10178.938,0.0,10178.938,0.0,48100.29,48100.29,0.0,0.0,0.0,42.2,1.0,0.0,0.0,0.0
409,48166.74,10193.0,0.0,10193.0,0.0,48166.74,48166.74,0.0,0.0,0.0,43.04,1.0,0.0,0.0,0.0
410,48141.63,10187.686,0.0,10187.686,0.0,48141.63,48141.63,0.0,0.0,0.0,47.2032,1.0,0.0,0.0,0.0
411,48176.12,10194.985,0.0,10194.985,0.0,48176.12,48176.12,0.0,0.0,0.0,47.2032,1.0,0.0,0.0,0.0
412,48244.65,10209.487,0.0,10209.487,0.0,48244.65,48244.65,0.0,0.0,0.0,49.72,1.0,0.0,0.0,0.0
413,48015.2,10160.931,0.0,10160.931,0.0,48015.2,48015.2,0.0,0.0,0.0,52.36,1.0,0.0,0.0,0.0
414,48128.99,10185.011,0.0,10185.011,0.0,48128.99,48128.99,0.0,0.0,0.0,53.21,1.0,0.0,0.0,0.0
415,48053.22,10168.977,0.0,10168.977,0.0,48053.22,48053.22,0.0,0.0,0.0,52.544200626959245,1.0,0.0,0.0,0.0
416,48061.64,10170.758,0.0,10170.758,0.0,48061.64,48061.64,0.0,0.0,0.0,54.423491490459,1.0,0.0,0.0,0.0
417,48205.64,10201.232,0.0,10201.232,0.0,48205.64,48205.64,0.0,0.0,0.0,54.66,1.0,0.0,0.0,0.0
418,48142.86,10187.946,0.0,10187.946,0.0,48142.86,48142.86,0.0,0.0,0.0,53.79,1.0,0.0,0.0,0.0
419,48032.41,10164.573,0.0,10164.573,0.0,48032.41,48032.41,0.0,0.0,0.0,54.65,1.0,0.0,0.0,0.0
420,48146.87,10188.795,0.0,10188.795,0.0,48146.87,48146.87,0.0,0.0,0.0,57.4728,1.0,0.0,0.0,0.0
421,48205.23,10201.145,0.0,10201.145,0.0,48205.23,48205.23,0.0,0.0,0.0,57.63,1.0,0.0,0.0,0.0
422,48128.47,10184.901,0.0,10184.901,0.0,48128.47,48128.47,0.0,0.0,0.0,58.29536964980545,1.0,0.0,0.0,0.0
423,48112.82,10181.589,0.0,10181.589,0.0,48112.82,48112.82,0.0,0.0,0.0,58.43,1.0,0.0,0.0,0.0
424,48202.46,10200.559,0.0,10200.559,0.0,48202.46,48202.46,0.0,0.0,0.0,58.43,1.0,0.0,0.0,0.0
425,48301.37,10221.49,0.0,10221.49,0.0,48301.37,48301.37,0.0,0.0,0.0,58.42,1.0,0.0,0.0,0.0
426,47998.94,10157.49,0.0,10157.49,0.0,47998.94,47998.94,0.0,0.0,0.0,58.42,1.0,0.0,0.0,0.0
427,48196.65,10199.329,0.0,10199.329,0.0,48196.65,48196.65,0.0,0.0,0.0,59.45,1.0,0.0,0.0,0.0
428,48144.59,10188.312,0.0,10188.312,0.0,48144.59,48144.59,0.0,0.0,0.0,60.2,1.0,0.0,0.0,0.0
429,48145.06,10188.412,0.0,10188.412,0.0,48145.06,48145.06,0.0,0.0,0.0,60.45023980815348,1.0,0.0,0.0,0.0
430,48119.78,10183.062,0.0,10183.062,0.0,48119.78,48119.78,0.0,0.0,0.0,61.64,1.0,0.0,0.0,0.0
431,47984.36,10154.405,0.0,10154.405,0.0,47984.36,47984.36,0.0,0.0,0.0,60.19,1.0,0.0,0.0,0.0
432,48222.03,10204.7,0.0,10204.7,0.0,48222.03,48222.03,0.0,0.0,0.0,59.44,1.0,0.0,0.0,0.0
433,48235.06,10207.457,0.0,10207.457,0.0,48235.06,48235.06,0.0,0.0,0.0,59.34,1.0,0.0,0.0,0.0
434,48182.75,10196.388,0.0,10196.388,0.0,48182.75,48182.75,0.0,0.0,0.0,60.21,1.0,0.0,0.0,0.0
435,48056.89,10169.753,0.0,10169.753,0.0,48056.89,48056.89,0.0,0.0,0.0,59.47,1.0,0.0,0.0,0.0
436,48116.57,10182.383,0.0,10182.383,0.0,48116.57,48116.57,0.0,0.0,0.0,59.48,1.0,0.0,0.0,0.0
437,48115.81,10182.222,0.0,10182.222,0.0,48115.81,48115.81,0.0,0.0,0.0,58.46,1.0,0.0,0.0,0.0
438,48187.38,10197.367,0.0,10197.367,0.0,48187.38,48187.38,0.0,0.0,0.0,58.47,1.0,0.0,0.0,0.0
439,48165.84,10192.809,0.0,10192.809,0.0,48165.84,48165.84,0.0,0.0,0.0,59.52,1.0,0.0,0.0,0.0
440,48032.74,10164.643,0.0,10164.643,0.0,48032.74,48032.74,0.0,0.0,0.0,60.28,1.0,0.0,0.0,0.0
441,48086.17,10175.949,0.0,10175.949,0.0,48086.17,48086.17,0.0,0.0,0.0,61.74,1.0,0.0,0.0,0.0
442,48072.22,10172.997,0.0,10172.997,0.0,48072.22,48072.22,0.0,0.0,0.0,63.30311926605505,1.0,0.0,0.0,0.0
443,48092.91,10177.376,0.0,10177.376,0.0,48092.91,48092.91,0.0,0.0,0.0,60.31,1.0,0.0,0.0,0.0
444,48119.04,10182.905,0.0,10182.905,0.0,48119.04,48119.04,0.0,0.0,0.0,62.35,1.0,0.0,0.0,0.0
445,48124.82,10184.129,0.0,10184.129,0.0,48124.82,48124.82,0.0,0.0,0.0,63.31,1.0,0.0,0.0,0.0
446,48062.16,10170.869,0.0,10170.869,0.0,48062.16,48062.16,0.0,0.0,0.0,64.17981481481482,1.0,0.0,0.0,0.0
447,48004.29,10158.622,0.0,10158.622,0.0,48004.29,48004.29,0.0,0.0,0.0,64.504,1.0,0.0,0.0,0.0
448,48148.62,10189.165,0.0,10189.165,0.0,48148.62,48148.62,0.0,0.0,0.0,60.37,1.0,0.0,0.0,0.0
449,48121.86,10183.502,0.0,10183.502,0.0,48121.86,48121.86,0.0,0.0,0.0,62.41,1.0,0.0,0.0,0.0
450,48171.24,10193.952,0.0,10193.952,0.0,48171.24,48171.24,0.0,0.0,0.0,68.19,1.0,0.0,0.0,0.0
451,48125.84,10184.344,0.0,10184.344,0.0,48125.84,48125.84,0.0,0.0,0.0,72.71,1.0,0.0,0.0,0.0
452,48122.77,10183.695,0.0,10183.695,0.0,48122.77,48122.77,0.0,0.0,0.0,68.22,1.0,0.0,0.0,0.0
453,48021.89,10162.347,0.0,10162.347,0.0,48021.89,48021.89,0.0,0.0,0.0,77.94,1.0,0.0,0.0,0.0
454,48078.85,10174.4,0.0,10174.4,0.0,48078.85,48078.85,0.0,0.0,0.0,80.71,1.0,0.0,0.0,0.0
455,48208.22,10201.778,0.0,10201.778,0.0,48208.22,48208.22,0.0,0.0,0.0,81.89692307692307,1.0,0.0,0.0,0.0
456,48257.89,10212.289,0.0,10212.289,0.0,48257.89,48257.89,0.0,0.0,0.0,69.6930303030303,1.0,0.0,0.0,0.0
457,48176.99,10195.169,0.0,10195.169,0.0,48176.99,48176.99,0.0,0.0,0.0,65.59,1.0,0.0,0.0,0.0
458,48080.55,10174.76,0.0,10174.76,0.0,48080.55,48080.55,0.0,0.0,0.0,64.33,1.0,0.0,0.0,0.0
459,48248.27,10210.253,0.0,10210.253,0.0,48248.27,48248.27,0.0,0.0,0.0,63.49,1.0,0.0,0.0,0.0
460,48088.23,10176.385,0.0,10176.385,0.0,48088.23,48088.23,0.0,0.0,0.0,66.82,1.0,0.0,0.0,0.0
461,48074.27,10173.431,0.0,10173.431,0.0,48074.27,48074.27,0.0,0.0,0.0,65.64,1.0,0.0,0.0,0.0
462,48111.56,10181.323,0.0,10181.323,0.0,48111.56,48111.56,0.0,0.0,0.0,63.53,1.0,0.0,0.0,0.0
463,48286.51,10218.345,0.0,10218.345,0.0,48286.51,48286.51,0.0,0.0,0.0,63.53995833333334,1.0,0.0,0.0,0.0
464,48188.21,10197.543,0.0,10197.543,0.0,48188.21,48188.21,0.0,0.0,0.0,62.05,1.0,0.0,0.0,0.0
465,48184.94,10196.851,0.0,10196.851,0.0,48184.94,48184.94,0.0,0.0,0.0,58.815312500000005,1.0,0.0,0.0,0.0
466,48269.24,10214.691,0.0,10214.691,0.0,48269.24,48269.24,0.0,0.0,0.0,58.77,1.0,0.0,0.0,0.0
467,48507.11,10265.028,0.0,10265.028,0.0,48507.11,48507.11,0.0,0.0,0.0,57.96,1.0,0.0,0.0,0.0
468,48653.97,10296.107,0.0,10296.107,0.0,48653.97,48653.97,0.0,0.0,0.0,57.049375000000005,1.0,0.0,0.0,0.0
469,48759.92,10318.528,0.0,10318.528,0.0,48759.92,48759.92,0.0,0.0,0.0,56.9008,1.0,0.0,0.0,0.0
470,49183.44,10408.153,0.0,10408.153,0.0,49183.44,49183.44,0.0,0.0,0.0,56.892,1.0,0.0,0.0,0.0
471,49434.77,10461.339,0.0,10461.339,0.0,49434.77,49434.77,0.0,0.0,0.0,55.70652777777778,1.0,0.0,0.0,0.0
472,49946.23,10569.574,0.0,10569.574,0.0,49946.23,49946.23,0.0,0.0,0.0,57.95,1.0,0.0,0.0,0.0
473,50478.27,10682.163,0.0,10682.163,0.0,50478.27,50478.27,0.0,0.0,0.0,57.7896,1.0,0.0,0.0,0.0
474,51249.23,10845.313,0.0,10845.313,0.0,51249.23,51249.23,0.0,0.0,0.0,56.892,1.0,0.0,0.0,0.0
475,51908.29,10984.783,0.0,10984.783,0.0,51908.29,51908.29,0.0,0.0,0.0,57.17,1.0,0.0,0.0,0.0
476,52966.16,11208.648,0.0,11208.648,0.0,52966.16,52966.16,0.0,0.0,0.0,55.39,1.0,0.0,0.0,0.0
477,53978.11,11422.796,0.0,11422.796,0.0,53978.11,53978.11,0.0,0.0,0.0,54.9648,1.0,0.0,0.0,0.0
478,54808.94,11598.616,0.0,11598.616,0.0,54808.94,54808.94,0.0,0.0,0.0,55.39,1.0,0.0,0.0,0.0
479,55099.26,11660.053,0.0,11660.053,0.0,55099.26,55099.26,0.0,0.0,0.0,54.94,1.0,0.0,0.0,0.0
480,55343.46,11711.73,0.0,11711.73,0.0,55343.46,55343.46,0.0,0.0,0.0,58.75,1.0,0.0,0.0,0.0
481,55283.34,11699.008,0.0,11699.008,0.0,55283.34,55283.34,0.0,0.0,0.0,57.95,1.0,0.0,0.0,0.0
482,55537.66,11752.827,0.0,11752.827,0.0,55537.66,55537.66,0.0,0.0,0.0,56.9008,1.0,0.0,0.0,0.0
483,55310.29,11704.711,0.0,11704.711,0.0,55310.29,55310.29,0.0,0.0,0.0,55.42,1.0,0.0,0.0,0.0
484,55452.68,11734.843,0.0,11734.843,0.0,55452.68,55452.68,0.0,0.0,0.0,56.9272,1.0,0.0,0.0,0.0
485,55466.9,11737.853,0.0,11737.853,0.0,55466.9,55466.9,0.0,0.0,0.0,56.936,1.0,0.0,0.0,0.0
486,55611.7,11768.495,0.0,11768.495,0.0,55611.7,55611.7,0.0,0.0,0.0,58.01,1.0,0.0,0.0,0.0
487,55728.13,11793.134,0.0,11793.134,0.0,55728.13,55728.13,0.0,0.0,0.0,58.02,1.0,0.0,0.0,0.0
488,55899.14,11829.323,0.0,11829.323,0.0,55899.14,55899.14,0.0,0.0,0.0,55.029833333333336,1.0,0.0,0.0,0.0
489,55660.53,11778.828,0.0,11778.828,0.0,55660.53,55660.53,0.0,0.0,0.0,55.04,1.0,0.0,0.0,0.0
490,55732.13,11793.98,0.0,11793.98,0.0,55732.13,55732.13,0.0,0.0,0.0,55.05,1.0,0.0,0.0,0.0
491,55583.85,11762.601,0.0,11762.601,0.0,55583.85,55583.85,0.0,0.0,0.0,55.06,1.0,0.0,0.0,0.0
492,55552.46,11755.959,0.0,11755.959,0.0,55552.46,55552.46,0.0,0.0,0.0,54.10544117647059,1.0,0.0,0.0,0.0
493,55351.11,11713.349,0.0,11713.349,0.0,55351.11,55351.11,0.0,0.0,0.0,54.21,1.0,0.0,0.0,0.0
494,55211.21,11683.744,0.0,11683.744,0.0,55211.21,55211.21,0.0,0.0,0.0,53.899166666666666,1.0,0.0,0.0,0.0
495,55416.32,11727.149,0.0,11727.149,0.0,55416.32,55416.32,0.0,0.0,0.0,54.23,1.0,0.0,0.0,0.0
496,55445.11,11733.241,0.0,11733.241,0.0,55445.11,55445.11,0.0,0.0,0.0,53.10916666666667,1.0,0.0,0.0,0.0
497,55353.05,11713.76,0.0,11713.76,0.0,55353.05,55353.05,0.0,0.0,0.0,53.66,1.0,0.0,0.0,0.0
498,55607.59,11767.625,0.0,11767.625,0.0,55607.59,55607.59,0.0,0.0,0.0,54.27,1.0,0.0,0.0,0.0
499,56062.93,11863.984,0.0,11863.984,0.0,56062.93,56062.93,0.0,0.0,0.0,54.28,1.0,0.0,0.0,0.0
500,56529.3,11962.677,0.0,11962.677,0.0,56529.3,56529.3,0.0,0.0,0.0,57.112,1.0,0.0,0.0,0.0
501,56907.64,12042.741,0.0,12042.741,0.0,56907.64,56907.64,0.0,0.0,0.0,57.1296,1.0,0.0,0.0,0.0
502,57594.24,12188.038,0.0,12188.038,0.0,57594.24,57594.24,0.0,0.0,0.0,58.036,1.0,0.0,0.0,0.0
503,58259.25,12328.767,0.0,12328.767,0.0,58259.25,58259.25,0.0,0.0,0.0,61.71580481622306,1.0,0.0,0.0,0.0
504,59176.05,12522.779,0.0,12522.779,0.0,59176.05,59176.05,0.0,0.0,0.0,65.98,1.0,0.0,0.0,0.0
505,59815.15,12658.025,0.0,12658.025,0.0,59815.15,59815.15,0.0,0.0,0.0,63.85,1.0,0.0,0.0,0.0
506,60774.55,12861.052,0.0,12861.052,0.0,60774.55,60774.55,0.0,0.0,0.0,69.07886363636364,1.0,0.0,0.0,0.0
507,61645.81,13045.428,0.0,13045.428,0.0,61645.81,61645.81,0.0,0.0,0.0,80.52,1.0,0.0,0.0,0.0
508,62346.1,13193.622,0.0,13193.622,0.0,62346.1,62346.1,0.0,0.0,0.0,85.12,1.0,0.0,0.0,0.0
509,63129.7,13359.447,0.0,13359.447,0.0,63129.7,63129.7,0.0,0.0,0.0,85.13,1.0,0.0,0.0,0.0
510,63837.27,13509.182,0.0,13509.182,0.0,63837.27,63837.27,0.0,0.0,0.0,88.22,1.0,0.0,0.0,0.0
511,64719.31,13695.839,0.0,13695.839,0.0,64719.31,64719.31,0.0,0.0,0.0,90.82,1.0,0.0,0.0,0.0
512,65109.85,13778.484,0.0,13778.484,0.0,65109.85,65109.85,0.0,0.0,0.0,88.26,1.0,0.0,0.0,0.0
513,65615.61,13885.513,0.0,13885.513,0.0,65615.61,65615.61,0.0,0.0,0.0,88.96,1.0,0.0,0.0,0.0
514,65888.49,13943.26,0.0,13943.26,0.0,65888.49,65888.49,0.0,0.0,0.0,100.31,1.0,0.0,0.0,0.0
515,66256.41,14021.118,0.0,14021.118,0.0,66256.41,66256.41,0.0,0.0,0.0,120.22,1.0,0.0,0.0,0.0
516,66329.93,14036.677,0.0,14036.677,0.0,66329.93,66329.93,0.0,0.0,0.0,112.35,1.0,0.0,0.0,0.0
517,66456.5,14063.461,0.0,14063.461,0.0,66456.5,66456.5,0.0,0.0,0.0,127.3,1.0,0.0,0.0,0.0
518,66712.16,14117.564,0.0,14117.564,0.0,66712.16,66712.16,0.0,0.0,0.0,130.96,1.0,0.0,0.0,0.0
519,66593.71,14092.497,0.0,14092.497,0.0,66593.71,66593.71,0.0,0.0,0.0,130.95,1.0,0.0,0.0,0.0
520,66542.39,14081.637,0.0,14081.637,0.0,66542.39,66542.39,0.0,0.0,0.0,130.94,1.0,0.0,0.0,0.0
521,66643.02,14102.932,0.0,14102.932,0.0,66643.02,66643.02,0.0,0.0,0.0,130.93,1.0,0.0,0.0,0.0
522,66477.2,14067.842,0.0,14067.842,0.0,66477.2,66477.2,0.0,0.0,0.0,130.91,1.0,0.0,0.0,0.0
523,66414.91,14054.66,0.0,14054.66,0.0,66414.91,66414.91,0.0,0.0,0.0,130.9,1.0,0.0,0.0,0.0
524,66429.2,14057.684,0.0,14057.684,0.0,66429.2,66429.2,0.0,0.0,0.0,130.89,1.0,0.0,0.0,0.0
525,66521.36,14077.187,0.0,14077.187,0.0,66521.36,66521.36,0.0,0.0,0.0,130.87,1.0,0.0,0.0,0.0
526,66603.9,14094.654,0.0,14094.654,0.0,66603.9,66603.9,0.0,0.0,0.0,130.86,1.0,0.0,0.0,0.0
527,66702.46,14115.511,0.0,14115.511,0.0,66702.46,66702.46,0.0,0.0,0.0,130.85,1.0,0.0,0.0,0.0
528,66710.02,14117.111,0.0,14117.111,0.0,66710.02,66710.02,0.0,0.0,0.0,130.83,1.0,0.0,0.0,0.0
529,66704.84,14116.015,0.0,14116.015,0.0,66704.84,66704.84,0.0,0.0,0.0,130.82,1.0,0.0,0.0,0.0
530,66897.34,14156.751,0.0,14156.751,0.0,66897.34,66897.34,0.0,0.0,0.0,130.81,1.0,0.0,0.0,0.0
531,66779.13,14131.736,0.0,14131.736,0.0,66779.13,66779.13,0.0,0.0,0.0,130.79,1.0,0.0,0.0,0.0
532,66799.58,14136.064,0.0,14136.064,0.0,66799.58,66799.58,0.0,0.0,0.0,130.78,1.0,0.0,0.0,0.0
533,66812.66,14138.831,0.0,14138.831,0.0,66812.66,66812.66,0.0,0.0,0.0,130.77,1.0,0.0,0.0,0.0
534,66730.04,14121.348,0.0,14121.348,0.0,66730.04,66730.04,0.0,0.0,0.0,130.75,1.0,0.0,0.0,0.0
535,66649.88,14104.384,0.0,14104.384,0.0,66649.88,66649.88,0.0,0.0,0.0,130.74,1.0,0.0,0.0,0.0
536,66301.23,14030.603,0.0,14030.603,0.0,66301.23,66301.23,0.0,0.0,0.0,130.73,1.0,0.0,0.0,0.0
537,66362.36,14043.539,0.0,14043.539,0.0,66362.36,66362.36,0.0,0.0,0.0,130.72,1.0,0.0,0.0,0.0
538,66039.45,13975.206,0.0,13975.206,0.0,66039.45,66039.45,0.0,0.0,0.0,130.7,1.0,0.0,0.0,0.0
539,65653.77,13893.588,0.0,13893.588,0.0,65653.77,65653.77,0.0,0.0,0.0,130.69,1.0,0.0,0.0,0.0
540,65506.47,13862.417,0.0,13862.417,0.0,65506.47,65506.47,0.0,0.0,0.0,130.68,1.0,0.0,0.0,0.0
541,64921.71,13738.67,0.0,13738.67,0.0,64921.71,64921.71,0.0,0.0,0.0,130.66,1.0,0.0,0.0,0.0
542,64784.26,13709.583,0.0,13709.583,0.0,64784.26,64784.26,0.0,0.0,0.0,130.65,1.0,0.0,0.0,0.0
543,64318.33,13610.984,0.0,13610.984,0.0,64318.33,64318.33,0.0,0.0,0.0,130.64,1.0,0.0,0.0,0.0
544,63946.82,13532.365,0.0,13532.365,0.0,63946.82,63946.82,0.0,0.0,0.0,130.62,1.0,0.0,0.0,0.0
545,63670.74,13473.941,0.0,13473.941,0.0,63670.74,63670.74,0.0,0.0,0.0,130.61,1.0,0.0,0.0,0.0
546,63225.4,13379.699,0.0,13379.699,0.0,63225.4,63225.4,0.0,0.0,0.0,130.6,1.0,0.0,0.0,0.0
547,62817.67,13293.415,0.0,13293.415,0.0,62817.67,62817.67,0.0,0.0,0.0,130.58,1.0,0.0,0.0,0.0
548,62496.0,13225.344,0.0,13225.344,0.0,62496.0,62496.0,0.0,0.0,0.0,130.57,1.0,0.0,0.0,0.0
549,62073.41,13135.916,0.0,13135.916,0.0,62073.41,62073.41,0.0,0.0,0.0,130.56,1.0,0.0,0.0,0.0
550,61769.09,13071.516,0.0,13071.516,0.0,61769.09,61769.09,0.0,0.0,0.0,130.55,1.0,0.0,0.0,0.0
551,61687.89,13054.333,0.0,13054.333,0.0,61687.89,61687.89,0.0,0.0,0.0,130.53,1.0,0.0,0.0,0.0
552,61278.8,12967.761,0.0,12967.761,0.0,61278.8,61278.8,0.0,0.0,0.0,130.52,1.0,0.0,0.0,0.0
553,61185.07,12947.926,0.0,12947.926,0.0,61185.07,61185.07,0.0,0.0,0.0,130.51,1.0,0.0,0.0,0.0
554,61143.1,12939.045,0.0,12939.045,0.0,61143.1,61143.1,0.0,0.0,0.0,130.49,1.0,0.0,0.0,0.0
555,60962.14,12900.75,0.0,12900.75,0.0,60962.14,60962.14,0.0,0.0,0.0,130.48,1.0,0.0,0.0,0.0
556,61003.23,12909.445,0.0,12909.445,0.0,61003.23,61003.23,0.0,0.0,0.0,130.47,1.0,0.0,0.0,0.0
557,60771.31,12860.367,0.0,12860.367,0.0,60771.31,60771.31,0.0,0.0,0.0,130.45,1.0,0.0,0.0,0.0
558,60888.04,12885.069,0.0,12885.069,0.0,60888.04,60888.04,0.0,0.0,0.0,130.44,1.0,0.0,0.0,0.0
559,60867.07,12880.631,0.0,12880.631,0.0,60867.07,60867.07,0.0,0.0,0.0,130.43,1.0,0.0,0.0,0.0
560,60638.55,12832.272,0.0,12832.272,0.0,60638.55,60638.55,0.0,0.0,0.0,130.41,1.0,0.0,0.0,0.0
561,60863.62,12879.901,0.0,12879.901,0.0,60863.62,60863.62,0.0,0.0,0.0,130.4,1.0,0.0,0.0,0.0
562,60658.45,12836.483,0.0,12836.483,0.0,60658.45,60658.45,0.0,0.0,0.0,130.39,1.0,0.0,0.0,0.0
563,60684.14,12841.92,0.0,12841.92,0.0,60684.14,60684.14,0.0,0.0,0.0,130.37,1.0,0.0,0.0,0.0
564,60366.71,12774.746,0.0,12774.746,0.0,60366.71,60366.71,0.0,0.0,0.0,130.36,1.0,0.0,0.0,0.0
565,60295.85,12759.75,0.0,12759.75,0.0,60295.85,60295.85,0.0,0.0,0.0,130.35,1.0,0.0,0.0,0.0
566,60170.73,12733.273,0.0,12733.273,0.0,60170.73,60170.73,0.0,0.0,0.0,126.28,1.0,0.0,0.0,0.0
567,59956.11,12687.855,0.0,12687.855,0.0,59956.11,59956.11,0.0,0.0,0.0,115.23,1.0,0.0,0.0,0.0
568,59541.58,12600.132,0.0,12600.132,0.0,59541.58,59541.58,0.0,0.0,0.0,107.07,1.0,0.0,0.0,0.0
569,59331.46,12555.667,0.0,12555.667,0.0,59331.46,59331.46,0.0,0.0,0.0,111.75,1.0,0.0,0.0,0.0
570,58771.09,12437.082,0.0,12437.082,0.0,58771.09,58771.09,0.0,0.0,0.0,99.61,1.0,0.0,0.0,0.0
571,58421.21,12363.041,0.0,12363.041,0.0,58421.21,58421.21,0.0,0.0,0.0,88.91,1.0,0.0,0.0,0.0
572,57752.09,12221.442,0.0,12221.442,0.0,57752.09,57752.09,0.0,0.0,0.0,88.93,1.0,0.0,0.0,0.0
573,56862.24,12033.133,0.0,12033.133,0.0,56862.24,56862.24,0.0,0.0,0.0,86.48,1.0,0.0,0.0,0.0
574,55664.39,11779.645,0.0,11779.645,0.0,55664.39,55664.39,0.0,0.0,0.0,77.38,1.0,0.0,0.0,0.0
575,55305.52,11703.701,0.0,11703.701,0.0,55305.52,55305.52,0.0,0.0,0.0,65.33,1.0,0.0,0.0,0.0
576,55381.56,11719.793,0.0,11719.793,0.0,55381.56,55381.56,0.0,0.0,0.0,62.91,1.0,0.0,0.0,0.0
577,55299.98,11702.529,0.0,11702.529,0.0,55299.98,55299.98,0.0,0.0,0.0,60.65,1.0,0.0,0.0,0.0
578,55209.98,11683.483,0.0,11683.483,0.0,55209.98,55209.98,0.0,0.0,0.0,59.05166666666666,1.0,0.0,0.0,0.0
579,55265.66,11695.266,0.0,11695.266,0.0,55265.66,55265.66,0.0,0.0,0.0,58.75,1.0,0.0,0.0,0.0
580,55275.14,11697.272,0.0,11697.272,0.0,55275.14,55275.14,0.0,0.0,0.0,62.85,1.0,0.0,0.0,0.0
581,55361.25,11715.495,0.0,11715.495,0.0,55361.25,55361.25,0.0,0.0,0.0,59.54,1.0,0.0,0.0,0.0
582,55708.23,11788.923,0.0,11788.923,0.0,55708.23,55708.23,0.0,0.0,0.0,59.53,1.0,0.0,0.0,0.0
583,55812.32,11810.95,0.0,11810.95,0.0,55812.32,55812.32,0.0,0.0,0.0,58.7,1.0,0.0,0.0,0.0
584,55922.06,11834.173,0.0,11834.173,0.0,55922.06,55922.06,0.0,0.0,0.0,60.56,1.0,0.0,0.0,0.0
585,55727.12,11792.92,0.0,11792.92,0.0,55727.12,55727.12,0.0,0.0,0.0,59.49,1.0,0.0,0.0,0.0
586,55751.38,11798.054,0.0,11798.054,0.0,55751.38,55751.38,0.0,0.0,0.0,58.66,1.0,0.0,0.0,0.0
587,55561.45,11757.861,0.0,11757.861,0.0,55561.45,55561.45,0.0,0.0,0.0,58.65,1.0,0.0,0.0,0.0
588,55348.48,11712.793,0.0,11712.793,0.0,55348.48,55348.48,0.0,0.0,0.0,58.63,1.0,0.0,0.0,0.0
589,55381.15,11719.706,0.0,11719.706,0.0,55381.15,55381.15,0.0,0.0,0.0,59.44,1.0,0.0,0.0,0.0
590,55406.35,11725.039,0.0,11725.039,0.0,55406.35,55406.35,0.0,0.0,0.0,58.61,1.0,0.0,0.0,0.0
591,55380.8,11719.632,0.0,11719.632,0.0,55380.8,55380.8,0.0,0.0,0.0,59.41,1.0,0.0,0.0,0.0
592,55201.81,11681.754,0.0,11681.754,0.0,55201.81,55201.81,0.0,0.0,0.0,66.3481877839475,1.0,0.0,0.0,0.0
593,55529.52,11751.104,0.0,11751.104,0.0,55529.52,55529.52,0.0,0.0,0.0,67.648204778157,1.0,0.0,0.0,0.0
594,55607.43,11767.591,0.0,11767.591,0.0,55607.43,55607.43,0.0,0.0,0.0,69.09,1.0,0.0,0.0,0.0
595,56074.64,11866.462,0.0,11866.462,0.0,56074.64,56074.64,0.0,0.0,0.0,70.18035440613026,1.0,0.0,0.0,0.0
596,56488.15,11953.969,0.0,11953.969,0.0,56488.15,56488.15,0.0,0.0,0.0,88.57,1.0,0.0,0.0,0.0
597,57063.35,12075.692,0.0,12075.692,0.0,57063.35,57063.35,0.0,0.0,0.0,88.55,1.0,0.0,0.0,0.0
598,57581.58,12185.359,0.0,12185.359,0.0,57581.58,57581.58,0.0,0.0,0.0,100.58,1.0,0.0,0.0,0.0
599,58345.38,12346.994,0.0,12346.994,0.0,58345.38,58345.38,0.0,0.0,0.0,124.63,1.0,0.0,0.0,0.0
600,59052.71,12496.678,0.0,12496.678,0.0,59052.71,59052.71,0.0,0.0,0.0,128.64,1.0,0.0,0.0,0.0
601,60052.44,12708.24,0.0,12708.24,0.0,60052.44,60052.44,0.0,0.0,0.0,128.66,1.0,0.0,0.0,0.0
602,60780.09,12862.225,0.0,12862.225,0.0,60780.09,60780.09,0.0,0.0,0.0,128.67,1.0,0.0,0.0,0.0
603,61569.93,13029.37,0.0,13029.37,0.0,61569.93,61569.93,0.0,0.0,0.0,128.69,1.0,0.0,0.0,0.0
604,62433.66,13212.152,0.0,13212.152,0.0,62433.66,62433.66,0.0,0.0,0.0,128.71,1.0,0.0,0.0,0.0
605,63212.9,13377.054,0.0,13377.054,0.0,63212.9,63212.9,0.0,0.0,0.0,128.72,1.0,0.0,0.0,0.0
606,63951.07,13533.265,0.0,13533.265,0.0,63951.07,63951.07,0.0,0.0,0.0,128.74,1.0,0.0,0.0,0.0
607,64650.12,13681.197,0.0,13681.197,0.0,64650.12,64650.12,0.0,0.0,0.0,128.75,1.0,0.0,0.0,0.0
608,65049.82,13765.781,0.0,13765.781,0.0,65049.82,65049.82,0.0,0.0,0.0,128.77,1.0,0.0,0.0,0.0
609,65671.37,13897.313,0.0,13897.313,0.0,65671.37,65671.37,0.0,0.0,0.0,128.79,1.0,0.0,0.0,0.0
610,66077.42,13983.241,0.0,13983.241,0.0,66077.42,66077.42,0.0,0.0,0.0,128.8,1.0,0.0,0.0,0.0
611,66401.02,14051.721,0.0,14051.721,0.0,66401.02,66401.02,0.0,0.0,0.0,128.82,1.0,0.0,0.0,0.0
612,66484.68,14069.425,0.0,14069.425,0.0,66484.68,66484.68,0.0,0.0,0.0,128.83,1.0,0.0,0.0,0.0
613,66704.84,14116.015,0.0,14116.015,0.0,66704.84,66704.84,0.0,0.0,0.0,128.85,1.0,0.0,0.0,0.0
614,66484.11,14069.304,0.0,14069.304,0.0,66484.11,66484.11,0.0,0.0,0.0,128.87,1.0,0.0,0.0,0.0
615,66592.12,14092.161,0.0,14092.161,0.0,66592.12,66592.12,0.0,0.0,0.0,128.88,1.0,0.0,0.0,0.0
616,66499.1,14072.476,0.0,14072.476,0.0,66499.1,66499.1,0.0,0.0,0.0,128.9,1.0,0.0,0.0,0.0
617,66635.51,14101.343,0.0,14101.343,0.0,66635.51,66635.51,0.0,0.0,0.0,128.91,1.0,0.0,0.0,0.0
618,66524.19,14077.786,0.0,14077.786,0.0,66524.19,66524.19,0.0,0.0,0.0,128.93,1.0,0.0,0.0,0.0
619,66520.95,14077.1,0.0,14077.1,0.0,66520.95,66520.95,0.0,0.0,0.0,128.95,1.0,0.0,0.0,0.0
620,66530.93,14079.212,0.0,14079.212,0.0,66530.93,66530.93,0.0,0.0,0.0,128.96,1.0,0.0,0.0,0.0
621,66528.43,14078.683,0.0,14078.683,0.0,66528.43,66528.43,0.0,0.0,0.0,128.98,1.0,0.0,0.0,0.0
622,66548.01,14082.826,0.0,14082.826,0.0,66548.01,66548.01,0.0,0.0,0.0,128.99,1.0,0.0,0.0,0.0
623,66679.46,14110.644,0.0,14110.644,0.0,66679.46,66679.46,0.0,0.0,0.0,129.01,1.0,0.0,0.0,0.0
624,66762.47,14128.21,0.0,14128.21,0.0,66762.47,66762.47,0.0,0.0,0.0,129.03,1.0,0.0,0.0,0.0
625,66824.89,14141.42,0.0,14141.42,0.0,66824.89,66824.89,0.0,0.0,0.0,129.04,1.0,0.0,0.0,0.0
626,66731.82,14121.724,0.0,14121.724,0.0,66731.82,66731.82,0.0,0.0,0.0,129.06,1.0,0.0,0.0,0.0
627,66872.34,14151.461,0.0,14151.461,0.0,66872.34,66872.34,0.0,0.0,0.0,129.07,1.0,0.0,0.0,0.0
628,66694.29,14113.782,0.0,14113.782,0.0,66694.29,66694.29,0.0,0.0,0.0,129.09,1.0,0.0,0.0,0.0
629,66659.66,14106.454,0.0,14106.454,0.0,66659.66,66659.66,0.0,0.0,0.0,129.11,1.0,0.0,0.0,0.0
630,66835.41,14143.646,0.0,14143.646,0.0,66835.41,66835.41,0.0,0.0,0.0,129.12,1.0,0.0,0.0,0.0
631,66545.65,14082.327,0.0,14082.327,0.0,66545.65,66545.65,0.0,0.0,0.0,129.14,1.0,0.0,0.0,0.0
632,66358.09,14042.636,0.0,14042.636,0.0,66358.09,66358.09,0.0,0.0,0.0,129.15,1.0,0.0,0.0,0.0
633,66257.75,14021.402,0.0,14021.402,0.0,66257.75,66257.75,0.0,0.0,0.0,129.17,1.0,0.0,0.0,0.0
634,66025.12,13972.173,0.0,13972.173,0.0,66025.12,66025.12,0.0,0.0,0.0,129.19,1.0,0.0,0.0,0.0
635,65796.71,13923.837,0.0,13923.837,0.0,65796.71,65796.71,0.0,0.0,0.0,129.2,1.0,0.0,0.0,0.0
636,65465.79,13853.808,0.0,13853.808,0.0,65465.79,65465.79,0.0,0.0,0.0,129.22,1.0,0.0,0.0,0.0
637,65035.86,13762.827,0.0,13762.827,0.0,65035.86,65035.86,0.0,0.0,0.0,129.23,1.0,0.0,0.0,0.0
638,64798.62,13712.622,0.0,13712.622,0.0,64798.62,64798.62,0.0,0.0,0.0,129.25,1.0,0.0,0.0,0.0
639,64315.02,13610.283,0.0,13610.283,0.0,64315.02,64315.02,0.0,0.0,0.0,129.27,1.0,0.0,0.0,0.0
640,63820.0,13505.528,0.0,13505.528,0.0,63820.0,63820.0,0.0,0.0,0.0,129.28,1.0,0.0,0.0,0.0
641,63588.99,13456.642,0.0,13456.642,0.0,63588.99,63588.99,0.0,0.0,0.0,129.3,1.0,0.0,0.0,0.0
642,63038.9,13340.232,0.0,13340.232,0.0,63038.9,63038.9,0.0,0.0,0.0,129.31,1.0,0.0,0.0,0.0
643,62753.36,13279.806,0.0,13279.806,0.0,62753.36,62753.36,0.0,0.0,0.0,129.33,1.0,0.0,0.0,0.0
644,62391.0,13203.124,0.0,13203.124,0.0,62391.0,62391.0,0.0,0.0,0.0,129.35,1.0,0.0,0.0,0.0
645,62163.3,13154.938,0.0,13154.938,0.0,62163.3,62163.3,0.0,0.0,0.0,129.36,1.0,0.0,0.0,0.0
646,61881.6,13095.325,0.0,13095.325,0.0,61881.6,61881.6,0.0,0.0,0.0,129.38,1.0,0.0,0.0,0.0
647,61683.04,13053.306,0.0,13053.306,0.0,61683.04,61683.04,0.0,0.0,0.0,129.39,1.0,0.0,0.0,0.0
648,61242.89,12960.162,0.0,12960.162,0.0,61242.89,61242.89,0.0,0.0,0.0,129.41,1.0,0.0,0.0,0.0
649,61196.99,12950.449,0.0,12950.449,0.0,61196.99,61196.99,0.0,0.0,0.0,129.43,1.0,0.0,0.0,0.0
650,60964.39,12901.226,0.0,12901.226,0.0,60964.39,60964.39,0.0,0.0,0.0,129.44,1.0,0.0,0.0,0.0
651,61008.91,12910.647,0.0,12910.647,0.0,61008.91,61008.91,0.0,0.0,0.0,129.46,1.0,0.0,0.0,0.0
652,61012.45,12911.397,0.0,12911.397,0.0,61012.45,61012.45,0.0,0.0,0.0,129.47,1.0,0.0,0.0,0.0
653,60951.59,12898.517,0.0,12898.517,0.0,60951.59,60951.59,0.0,0.0,0.0,125.86,1.0,0.0,0.0,0.0
654,60739.92,12853.724,0.0,12853.724,0.0,60739.92,60739.92,0.0,0.0,0.0,102.47,1.0,0.0,0.0,0.0
655,60724.82,12850.529,0.0,12850.529,0.0,60724.82,60724.82,0.0,0.0,0.0,99.1095238095238,1.0,0.0,0.0,0.0
656,60834.58,12873.756,0.0,12873.756,0.0,60834.58,60834.58,0.0,0.0,0.0,87.73,1.0,0.0,0.0,0.0
657,60661.96,12837.226,0.0,12837.226,0.0,60661.96,60661.96,0.0,0.0,0.0,69.82,1.0,0.0,0.0,0.0
658,60747.22,12855.269,0.0,12855.269,0.0,60747.22,60747.22,0.0,0.0,0.0,63.52995833333333,1.0,0.0,0.0,0.0
659,60685.92,12842.297,0.0,12842.297,0.0,60685.92,60685.92,0.0,0.0,0.0,58.74,1.0,0.0,0.0,0.0
660,60602.99,12824.747,0.0,12824.747,0.0,60602.99,60602.99,0.0,0.0,0.0,57.92,1.0,0.0,0.0,0.0
661,60310.38,12762.825,0.0,12762.825,0.0,60310.38,60310.38,0.0,0.0,0.0,55.656527777777775,1.0,0.0,0.0,0.0
662,60259.94,12752.151,0.0,12752.151,0.0,60259.94,60259.94,0.0,0.0,0.0,54.9,1.0,0.0,0.0,0.0
663,60004.41,12698.076,0.0,12698.076,0.0,60004.41,60004.41,0.0,0.0,0.0,53.90544117647059,1.0,0.0,0.0,0.0
664,59789.82,12652.665,0.0,12652.665,0.0,59789.82,59789.82,0.0,0.0,0.0,53.41,1.0,0.0,0.0,0.0
665,59422.75,12574.986,0.0,12574.986,0.0,59422.75,59422.75,0.0,0.0,0.0,50.7408,1.0,0.0,0.0,0.0
666,58786.88,12440.424,0.0,12440.424,0.0,58786.88,58786.88,0.0,0.0,0.0,48.17,1.0,0.0,0.0,0.0
667,58345.93,12347.11,0.0,12347.11,0.0,58345.93,58345.93,0.0,0.0,0.0,44.554761904761904,1.0,0.0,0.0,0.0
668,57865.34,12245.408,0.0,12245.408,0.0,57865.34,57865.34,0.0,0.0,0.0,43.748916666666666,1.0,0.0,0.0,0.0
669,56781.59,12016.066,0.0,12016.066,0.0,56781.59,56781.59,0.0,0.0,0.0,42.93208333333334,1.0,0.0,0.0,0.0
670,55722.24,11791.887,0.0,11791.887,0.0,55722.24,55722.24,0.0,0.0,0.0,41.9,1.0,0.0,0.0,0.0
671,55290.0,11700.417,0.0,11700.417,0.0,55290.0,55290.0,0.0,0.0,0.0,41.7,1.0,0.0,0.0,0.0
672,55381.02,11719.679,0.0,11719.679,0.0,55381.02,55381.02,0.0,0.0,0.0,41.7032,1.0,0.0,0.0,0.0
673,55394.37,11722.504,0.0,11722.504,0.0,55394.37,55394.37,0.0,0.0,0.0,41.26376344086021,1.0,0.0,0.0,0.0
674,55259.71,11694.007,0.0,11694.007,0.0,55259.71,55259.71,0.0,0.0,0.0,40.9,1.0,0.0,0.0,0.0
675,55289.12,11700.231,0.0,11700.231,0.0,55289.12,55289.12,0.0,0.0,0.0,40.89,1.0,0.0,0.0,0.0
676,55286.99,11699.78,0.0,11699.78,0.0,55286.99,55286.99,0.0,0.0,0.0,40.571261261261256,1.0,0.0,0.0,0.0
677,55435.51,11731.21,0.0,11731.21,0.0,55435.51,55435.51,0.0,0.0,0.0,40.504375,1.0,0.0,0.0,0.0
678,55709.16,11789.119,0.0,11789.119,0.0,55709.16,55709.16,0.0,0.0,0.0,40.87,1.0,0.0,0.0,0.0
679,55813.25,11811.147,0.0,11811.147,0.0,55813.25,55813.25,0.0,0.0,0.0,40.35462365591398,1.0,0.0,0.0,0.0
680,55813.0,11811.094,0.0,11811.094,0.0,55813.0,55813.0,0.0,0.0,0.0,40.28,1.0,0.0,0.0,0.0
681,55791.15,11806.47,0.0,11806.47,0.0,55791.15,55791.15,0.0,0.0,0.0,40.27,1.0,0.0,0.0,0.0
682,55689.78,11785.018,0.0,11785.018,0.0,55689.78,55689.78,0.0,0.0,0.0,40.26,1.0,0.0,0.0,0.0
683,55612.64,11768.694,0.0,11768.694,0.0,55612.64,55612.64,0.0,0.0,0.0,40.237311827956994,1.0,0.0,0.0,0.0
684,55476.28,11739.838,0.0,11739.838,0.0,55476.28,55476.28,0.0,0.0,0.0,40.92,1.0,0.0,0.0,0.0
685,55371.5,11717.664,0.0,11717.664,0.0,55371.5,55371.5,0.0,0.0,0.0,40.91,1.0,0.0,0.0,0.0
686,55258.86,11693.827,0.0,11693.827,0.0,55258.86,55258.86,0.0,0.0,0.0,40.91,1.0,0.0,0.0,0.0
687,55262.62,11694.623,0.0,11694.623,0.0,55262.62,55262.62,0.0,0.0,0.0,40.9,1.0,0.0,0.0,0.0
688,55446.32,11733.497,0.0,11733.497,0.0,55446.32,55446.32,0.0,0.0,0.0,42.63,1.0,0.0,0.0,0.0
689,55364.7,11716.225,0.0,11716.225,0.0,55364.7,55364.7,0.0,0.0,0.0,43.42,1.0,0.0,0.0,0.0
690,55709.98,11789.293,0.0,11789.293,0.0,55709.98,55709.98,0.0,0.0,0.0,47.0272,1.0,0.0,0.0,0.0
691,55995.96,11849.812,0.0,11849.812,0.0,55995.96,55995.96,0.0,0.0,0.0,49.5264,1.0,0.0,0.0,0.0
692,56401.22,11935.572,0.0,11935.572,0.0,56401.22,56401.22,0.0,0.0,0.0,53.56183247492545,1.0,0.0,0.0,0.0
693,56777.48,12015.196,0.0,12015.196,0.0,56777.48,56777.48,0.0,0.0,0.0,53.58,1.0,0.0,0.0,0.0
694,57596.08,12188.428,0.0,12188.428,0.0,57596.08,57596.08,0.0,0.0,0.0,54.88,1.0,0.0,0.0,0.0
695,58279.48,12333.048,0.0,12333.048,0.0,58279.48,58279.48,0.0,0.0,0.0,56.942251428571424,1.0,0.0,0.0,0.0
696,59092.87,12505.177,0.0,12505.177,0.0,59092.87,59092.87,0.0,0.0,0.0,58.19,1.0,0.0,0.0,0.0
697,59744.53,12643.081,0.0,12643.081,0.0,59744.53,59744.53,0.0,0.0,0.0,59.38937142857143,1.0,0.0,0.0,0.0
698,60826.58,12872.063,0.0,12872.063,0.0,60826.58,60826.58,0.0,0.0,0.0,61.96,1.0,0.0,0.0,0.0
699,61471.6,13008.561,0.0,13008.561,0.0,61471.6,61471.6,0.0,0.0,0.0,65.57489971346705,1.0,0.0,0.0,0.0
700,62485.61,13223.145,0.0,13223.145,0.0,62485.61,62485.61,0.0,0.0,0.0,79.17,1.0,0.0,0.0,0.0
701,63259.2,13386.852,0.0,13386.852,0.0,63259.2,63259.2,0.0,0.0,0.0,81.06853658536586,1.0,0.0,0.0,0.0
702,64082.19,13561.012,0.0,13561.012,0.0,64082.19,64082.19,0.0,0.0,0.0,83.75,1.0,0.0,0.0,0.0
703,64410.94,13630.582,0.0,13630.582,0.0,64410.94,64410.94,0.0,0.0,0.0,86.74141222247654,1.0,0.0,0.0,0.0
704,65055.19,13766.917,0.0,13766.917,0.0,65055.19,65055.19,0.0,0.0,0.0,83.72,1.0,0.0,0.0,0.0
705,65694.1,13902.123,0.0,13902.123,0.0,65694.1,65694.1,0.0,0.0,0.0,83.71,1.0,0.0,0.0,0.0
706,65877.99,13941.038,0.0,13941.038,0.0,65877.99,65877.99,0.0,0.0,0.0,84.33,1.0,0.0,0.0,0.0
707,66311.32,14032.738,0.0,14032.738,0.0,66311.32,66311.32,0.0,0.0,0.0,79.71098039215686,1.0,0.0,0.0,0.0
708,66459.35,14064.064,0.0,14064.064,0.0,66459.35,66459.35,0.0,0.0,0.0,74.47083333333333,1.0,0.0,0.0,0.0
709,66700.05,14115.001,0.0,14115.001,0.0,66700.05,66700.05,0.0,0.0,0.0,67.59,1.0,0.0,0.0,0.0
710,66547.32,14082.68,0.0,14082.68,0.0,66547.32,66547.32,0.0,0.0,0.0,60.016969696969696,1.0,0.0,0.0,0.0
711,66485.09,14069.511,0.0,14069.511,0.0,66485.09,66485.09,0.0,0.0,0.0,59.86,1.0,0.0,0.0,0.0
712,66498.36,14072.32,0.0,14072.32,0.0,66498.36,66498.36,0.0,0.0,0.0,83.68,1.0,0.0,0.0,0.0
713,66485.92,14069.687,0.0,14069.687,0.0,66485.92,66485.92,0.0,0.0,0.0,59.85,1.0,0.0,0.0,0.0
714,66523.66,14077.674,0.0,14077.674,0.0,66523.66,66523.66,0.0,0.0,0.0,59.85,1.0,0.0,0.0,0.0
715,66434.32,14058.768,0.0,14058.768,0.0,66434.32,66434.32,0.0,0.0,0.0,59.4528,1.0,0.0,0.0,0.0
716,66545.76,14082.35,0.0,14082.35,0.0,66545.76,66545.76,0.0,0.0,0.0,61.85,1.0,0.0,0.0,0.0
717,66670.0,14108.642,0.0,14108.642,0.0,66670.0,66670.0,0.0,0.0,0.0,62.79,1.0,0.0,0.0,0.0
718,66472.76,14066.902,0.0,14066.902,0.0,66472.76,66472.76,0.0,0.0,0.0,59.84,1.0,0.0,0.0,0.0
719,66739.03,14123.25,0.0,14123.25,0.0,66739.03,66739.03,0.0,0.0,0.0,58.0353125,1.0,0.0,0.0,0.0
720,66770.58,14129.927,0.0,14129.927,0.0,66770.58,66770.58,0.0,0.0,0.0,59.83,1.0,0.0,0.0,0.0
721,66876.07,14152.25,0.0,14152.25,0.0,66876.07,66876.07,0.0,0.0,0.0,58.06,1.0,0.0,0.0,0.0
722,66665.81,14107.755,0.0,14107.755,0.0,66665.81,66665.81,0.0,0.0,0.0,58.06,1.0,0.0,0.0,0.0
723,66818.42,14140.05,0.0,14140.05,0.0,66818.42,66818.42,0.0,0.0,0.0,57.26,1.0,0.0,0.0,0.0
724,66777.52,14131.395,0.0,14131.395,0.0,66777.52,66777.52,0.0,0.0,0.0,61.27,1.0,0.0,0.0,0.0
725,66795.58,14135.217,0.0,14135.217,0.0,66795.58,66795.58,0.0,0.0,0.0,67.40058154235146,1.0,0.0,0.0,0.0
726,66595.24,14092.821,0.0,14092.821,0.0,66595.24,66595.24,0.0,0.0,0.0,61.26045454545454,1.0,0.0,0.0,0.0
727,66565.06,14086.435,0.0,14086.435,0.0,66565.06,66565.06,0.0,0.0,0.0,61.28,1.0,0.0,0.0,0.0
728,66554.09,14084.113,0.0,14084.113,0.0,66554.09,66554.09,0.0,0.0,0.0,64.89,1.0,0.0,0.0,0.0
729,66478.35,14068.085,0.0,14068.085,0.0,66478.35,66478.35,0.0,0.0,0.0,67.56,1.0,0.0,0.0,0.0
730,66015.63,13970.165,0.0,13970.165,0.0,66015.63,66015.63,0.0,0.0,0.0,67.56,1.0,0.0,0.0,0.0
731,65839.88,13932.973,0.0,13932.973,0.0,65839.88,65839.88,0.0,0.0,0.0,64.91292664092664,1.0,0.0,0.0,0.0
732,65389.23,13837.607,0.0,13837.607,0.0,65389.23,65389.23,0.0,0.0,0.0,64.89,1.0,0.0,0.0,0.0
733,65209.72,13799.619,0.0,13799.619,0.0,65209.72,65209.72,0.0,0.0,0.0,67.57,1.0,0.0,0.0,0.0
734,64787.47,13710.263,0.0,13710.263,0.0,64787.47,64787.47,0.0,0.0,0.0,63.77,1.0,0.0,0.0,0.0
735,64313.62,13609.987,0.0,13609.987,0.0,64313.62,64313.62,0.0,0.0,0.0,60.006969696969705,1.0,0.0,0.0,0.0
736,63802.9,13501.909,0.0,13501.909,0.0,63802.9,63802.9,0.0,0.0,0.0,59.85,1.0,0.0,0.0,0.0
737,63493.26,13436.383,0.0,13436.383,0.0,63493.26,63493.26,0.0,0.0,0.0,59.85,1.0,0.0,0.0,0.0
738,63205.11,13375.405,0.0,13375.405,0.0,63205.11,63205.11,0.0,0.0,0.0,66.08,1.0,0.0,0.0,0.0
739,62663.8,13260.854,0.0,13260.854,0.0,62663.8,62663.8,0.0,0.0,0.0,63.9672,1.0,0.0,0.0,0.0
740,62456.47,13216.979,0.0,13216.979,0.0,62456.47,62456.47,0.0,0.0,0.0,77.39,1.0,0.0,0.0,0.0
741,61903.28,13099.913,0.0,13099.913,0.0,61903.28,61903.28,0.0,0.0,0.0,72.05,1.0,0.0,0.0,0.0
742,61828.28,13084.042,0.0,13084.042,0.0,61828.28,61828.28,0.0,0.0,0.0,79.08,1.0,0.0,0.0,0.0
743,61620.43,13040.057,0.0,13040.057,0.0,61620.43,61620.43,0.0,0.0,0.0,79.94,1.0,0.0,0.0,0.0
744,61532.65,13021.481,0.0,13021.481,0.0,61532.65,61532.65,0.0,0.0,0.0,75.4,1.0,0.0,0.0,0.0
745,61155.63,12941.696,0.0,12941.696,0.0,61155.63,61155.63,0.0,0.0,0.0,70.47045454545454,1.0,0.0,0.0,0.0
746,60961.4,12900.593,0.0,12900.593,0.0,60961.4,60961.4,0.0,0.0,0.0,67.59,1.0,0.0,0.0,0.0
747,60996.46,12908.013,0.0,12908.013,0.0,60996.46,60996.46,0.0,0.0,0.0,62.82,1.0,0.0,0.0,0.0
748,60982.95,12905.154,0.0,12905.154,0.0,60982.95,60982.95,0.0,0.0,0.0,61.35607142857143,1.0,0.0,0.0,0.0
749,60729.81,12851.585,0.0,12851.585,0.0,60729.81,60729.81,0.0,0.0,0.0,58.76916666666666,1.0,0.0,0.0,0.0
750,60718.29,12849.147,0.0,12849.147,0.0,60718.29,60718.29,0.0,0.0,0.0,58.1,1.0,0.0,0.0,0.0
751,60687.73,12842.68,0.0,12842.68,0.0,60687.73,60687.73,0.0,0.0,0.0,57.3,1.0,0.0,0.0,0.0
752,60811.86,12868.948,0.0,12868.948,0.0,60811.86,60811.86,0.0,0.0,0.0,56.339375,1.0,0.0,0.0,0.0
753,60649.6,12834.611,0.0,12834.611,0.0,60649.6,60649.6,0.0,0.0,0.0,54.34,1.0,0.0,0.0,0.0
754,60699.13,12845.092,0.0,12845.092,0.0,60699.13,60699.13,0.0,0.0,0.0,53.48,1.0,0.0,0.0,0.0
755,60704.01,12846.125,0.0,12846.125,0.0,60704.01,60704.01,0.0,0.0,0.0,52.65,1.0,0.0,0.0,0.0
756,60523.46,12807.917,0.0,12807.917,0.0,60523.46,60523.46,0.0,0.0,0.0,52.89,1.0,0.0,0.0,0.0
757,60494.84,12801.86,0.0,12801.86,0.0,60494.84,60494.84,0.0,0.0,0.0,52.5096,1.0,0.0,0.0,0.0
758,60283.35,12757.105,0.0,12757.105,0.0,60283.35,60283.35,0.0,0.0,0.0,48.68231481481481,1.0,0.0,0.0,0.0
759,60043.83,12706.418,0.0,12706.418,0.0,60043.83,60043.83,0.0,0.0,0.0,48.55648550724638,1.0,0.0,0.0,0.0
760,59715.5,12636.937,0.0,12636.937,0.0,59715.5,59715.5,0.0,0.0,0.0,52.8,1.0,0.0,0.0,0.0
761,59301.44,12549.314,0.0,12549.314,0.0,59301.44,59301.44,0.0,0.0,0.0,49.4296,1.0,0.0,0.0,0.0
762,58824.69,12448.425,0.0,12448.425,0.0,58824.69,58824.69,0.0,0.0,0.0,47.68100694444444,1.0,0.0,0.0,0.0
763,58502.33,12380.207,0.0,12380.207,0.0,58502.33,58502.33,0.0,0.0,0.0,46.9216,1.0,0.0,0.0,0.0
764,57691.04,12208.523,0.0,12208.523,0.0,57691.04,57691.04,0.0,0.0,0.0,45.23,1.0,0.0,0.0,0.0
765,56762.92,12012.115,0.0,12012.115,0.0,56762.92,56762.92,0.0,0.0,0.0,43.69,1.0,0.0,0.0,0.0
766,55806.04,11809.621,0.0,11809.621,0.0,55806.04,55806.04,0.0,0.0,0.0,42.82,1.0,0.0,0.0,0.0
767,55271.72,11696.549,0.0,11696.549,0.0,55271.72,55271.72,0.0,0.0,0.0,42.68,1.0,0.0,0.0,0.0
768,55264.7,11695.063,0.0,11695.063,0.0,55264.7,55264.7,0.0,0.0,0.0,41.82,1.0,0.0,0.0,0.0
769,55410.79,11725.979,0.0,11725.979,0.0,55410.79,55410.79,0.0,0.0,0.0,41.83,1.0,0.0,0.0,0.0
770,55368.27,11716.981,0.0,11716.981,0.0,55368.27,55368.27,0.0,0.0,0.0,41.21,1.0,0.0,0.0,0.0
771,55223.39,11686.321,0.0,11686.321,0.0,55223.39,55223.39,0.0,0.0,0.0,41.01,1.0,0.0,0.0,0.0
772,55341.43,11711.301,0.0,11711.301,0.0,55341.43,55341.43,0.0,0.0,0.0,41.01,1.0,0.0,0.0,0.0
773,55334.82,11709.902,0.0,11709.902,0.0,55334.82,55334.82,0.0,0.0,0.0,41.02,1.0,0.0,0.0,0.0
774,55689.12,11784.879,0.0,11784.879,0.0,55689.12,55689.12,0.0,0.0,0.0,41.02,1.0,0.0,0.0,0.0
775,55875.78,11824.379,0.0,11824.379,0.0,55875.78,55875.78,0.0,0.0,0.0,41.02,1.0,0.0,0.0,0.0
776,55743.73,11796.435,0.0,11796.435,0.0,55743.73,55743.73,0.0,0.0,0.0,41.02,1.0,0.0,0.0,0.0
777,55852.48,11819.449,0.0,11819.449,0.0,55852.48,55852.48,0.0,0.0,0.0,41.02,1.0,0.0,0.0,0.0
778,55774.24,11802.892,0.0,11802.892,0.0,55774.24,55774.24,0.0,0.0,0.0,41.02,1.0,0.0,0.0,0.0
779,55732.38,11794.033,0.0,11794.033,0.0,55732.38,55732.38,0.0,0.0,0.0,41.02,1.0,0.0,0.0,0.0
780,55425.59,11729.111,0.0,11729.111,0.0,55425.59,55425.59,0.0,0.0,0.0,41.02,1.0,0.0,0.0,0.0
781,55445.33,11733.288,0.0,11733.288,0.0,55445.33,55445.33,0.0,0.0,0.0,41.02,1.0,0.0,0.0,0.0
782,55287.92,11699.977,0.0,11699.977,0.0,55287.92,55287.92,0.0,0.0,0.0,41.02,1.0,0.0,0.0,0.0
783,55231.34,11688.004,0.0,11688.004,0.0,55231.34,55231.34,0.0,0.0,0.0,41.23,1.0,0.0,0.0,0.0
784,55413.94,11726.645,0.0,11726.645,0.0,55413.94,55413.94,0.0,0.0,0.0,41.03,1.0,0.0,0.0,0.0
785,55420.41,11728.014,0.0,11728.014,0.0,55420.41,55420.41,0.0,0.0,0.0,42.73,1.0,0.0,0.0,0.0
786,55773.2,11802.671,0.0,11802.671,0.0,55773.2,55773.2,0.0,0.0,0.0,42.91,1.0,0.0,0.0,0.0
787,55915.31,11832.745,0.0,11832.745,0.0,55915.31,55915.31,0.0,0.0,0.0,43.01,1.0,0.0,0.0,0.0
788,56449.96,11945.887,0.0,11945.887,0.0,56449.96,56449.96,0.0,0.0,0.0,47.0008,1.0,0.0,0.0,0.0
789,56817.01,12023.562,0.0,12023.562,0.0,56817.01,56817.01,0.0,0.0,0.0,50.51,1.0,0.0,0.0,0.0
790,57449.94,12157.502,0.0,12157.502,0.0,57449.94,57449.94,0.0,0.0,0.0,54.0720702754036,1.0,0.0,0.0,0.0
791,58292.53,12335.81,0.0,12335.81,0.0,58292.53,58292.53,0.0,0.0,0.0,55.48211267605634,1.0,0.0,0.0,0.0
792,58934.2,12471.599,0.0,12471.599,0.0,58934.2,58934.2,0.0,0.0,0.0,58.21,1.0,0.0,0.0,0.0
793,59736.28,12641.335,0.0,12641.335,0.0,59736.28,59736.28,0.0,0.0,0.0,64.78630681818183,1.0,0.0,0.0,0.0
794,60798.84,12866.193,0.0,12866.193,0.0,60798.84,60798.84,0.0,0.0,0.0,69.93315178571429,1.0,0.0,0.0,0.0
795,61667.47,13050.011,0.0,13050.011,0.0,61667.47,61667.47,0.0,0.0,0.0,84.89,1.0,0.0,0.0,0.0
796,62396.08,13204.199,0.0,13204.199,0.0,62396.08,62396.08,0.0,0.0,0.0,89.2,1.0,0.0,0.0,0.0
797,63192.69,13372.777,0.0,13372.777,0.0,63192.69,63192.69,0.0,0.0,0.0,101.43,1.0,0.0,0.0,0.0
798,63822.14,13505.98,0.0,13505.98,0.0,63822.14,63822.14,0.0,0.0,0.0,123.81,1.0,0.0,0.0,0.0
799,64658.87,13683.048,0.0,13683.048,0.0,64658.87,64658.87,0.0,0.0,0.0,127.38,1.0,0.0,0.0,0.0
800,65119.17,13780.457,0.0,13780.457,0.0,65119.17,65119.17,0.0,0.0,0.0,127.39,1.0,0.0,0.0,0.0
801,65754.43,13914.89,0.0,13914.89,0.0,65754.43,65754.43,0.0,0.0,0.0,127.39,1.0,0.0,0.0,0.0
802,66114.95,13991.183,0.0,13991.183,0.0,66114.95,66114.95,0.0,0.0,0.0,127.39,1.0,0.0,0.0,0.0
803,66240.21,14017.69,0.0,14017.69,0.0,66240.21,66240.21,0.0,0.0,0.0,127.39,1.0,0.0,0.0,0.0
804,66383.99,14048.117,0.0,14048.117,0.0,66383.99,66383.99,0.0,0.0,0.0,127.39,1.0,0.0,0.0,0.0
805,66451.87,14062.481,0.0,14062.481,0.0,66451.87,66451.87,0.0,0.0,0.0,127.4,1.0,0.0,0.0,0.0
806,66551.93,14083.656,0.0,14083.656,0.0,66551.93,66551.93,0.0,0.0,0.0,127.4,1.0,0.0,0.0,0.0
807,66513.63,14075.551,0.0,14075.551,0.0,66513.63,66513.63,0.0,0.0,0.0,127.4,1.0,0.0,0.0,0.0
808,66625.51,14099.227,0.0,14099.227,0.0,66625.51,66625.51,0.0,0.0,0.0,127.4,1.0,0.0,0.0,0.0
809,66417.68,14055.246,0.0,14055.246,0.0,66417.68,66417.68,0.0,0.0,0.0,127.4,1.0,0.0,0.0,0.0
810,66360.66,14043.18,0.0,14043.18,0.0,66360.66,66360.66,0.0,0.0,0.0,127.41,1.0,0.0,0.0,0.0
811,66438.33,14059.616,0.0,14059.616,0.0,66438.33,66438.33,0.0,0.0,0.0,127.41,1.0,0.0,0.0,0.0
812,66623.12,14098.721,0.0,14098.721,0.0,66623.12,66623.12,0.0,0.0,0.0,127.41,1.0,0.0,0.0,0.0
813,66518.21,14076.52,0.0,14076.52,0.0,66518.21,66518.21,0.0,0.0,0.0,127.41,1.0,0.0,0.0,0.0
814,66614.35,14096.865,0.0,14096.865,0.0,66614.35,66614.35,0.0,0.0,0.0,127.42,1.0,0.0,0.0,0.0
815,66558.67,14085.082,0.0,14085.082,0.0,66558.67,66558.67,0.0,0.0,0.0,127.42,1.0,0.0,0.0,0.0
816,66755.48,14126.731,0.0,14126.731,0.0,66755.48,66755.48,0.0,0.0,0.0,127.42,1.0,0.0,0.0,0.0
817,66601.38,14094.121,0.0,14094.121,0.0,66601.38,66601.38,0.0,0.0,0.0,127.42,1.0,0.0,0.0,0.0
818,66753.42,14126.295,0.0,14126.295,0.0,66753.42,66753.42,0.0,0.0,0.0,127.42,1.0,0.0,0.0,0.0
819,66841.88,14145.015,0.0,14145.015,0.0,66841.88,66841.88,0.0,0.0,0.0,127.43,1.0,0.0,0.0,0.0
820,66931.91,14164.067,0.0,14164.067,0.0,66931.91,66931.91,0.0,0.0,0.0,127.43,1.0,0.0,0.0,0.0
821,66834.48,14143.449,0.0,14143.449,0.0,66834.48,66834.48,0.0,0.0,0.0,127.43,1.0,0.0,0.0,0.0
822,66694.78,14113.886,0.0,14113.886,0.0,66694.78,66694.78,0.0,0.0,0.0,127.43,1.0,0.0,0.0,0.0
823,66513.11,14075.441,0.0,14075.441,0.0,66513.11,66513.11,0.0,0.0,0.0,127.44,1.0,0.0,0.0,0.0
824,66523.31,14077.6,0.0,14077.6,0.0,66523.31,66523.31,0.0,0.0,0.0,127.44,1.0,0.0,0.0,0.0
825,66281.27,14026.379,0.0,14026.379,0.0,66281.27,66281.27,0.0,0.0,0.0,127.44,1.0,0.0,0.0,0.0
826,66111.63,13990.48,0.0,13990.48,0.0,66111.63,66111.63,0.0,0.0,0.0,127.44,1.0,0.0,0.0,0.0
827,65631.04,13888.778,0.0,13888.778,0.0,65631.04,65631.04,0.0,0.0,0.0,127.44,1.0,0.0,0.0,0.0
828,65328.89,13824.837,0.0,13824.837,0.0,65328.89,65328.89,0.0,0.0,0.0,127.45,1.0,0.0,0.0,0.0
829,65274.42,13813.311,0.0,13813.311,0.0,65274.42,65274.42,0.0,0.0,0.0,127.45,1.0,0.0,0.0,0.0
830,64824.01,13717.995,0.0,13717.995,0.0,64824.01,64824.01,0.0,0.0,0.0,127.45,1.0,0.0,0.0,0.0
831,64403.21,13628.946,0.0,13628.946,0.0,64403.21,64403.21,0.0,0.0,0.0,127.45,1.0,0.0,0.0,0.0
832,64004.58,13544.588,0.0,13544.588,0.0,64004.58,64004.58,0.0,0.0,0.0,127.45,1.0,0.0,0.0,0.0
833,63560.07,13450.521,0.0,13450.521,0.0,63560.07,63560.07,0.0,0.0,0.0,127.46,1.0,0.0,0.0,0.0
834,63059.68,13344.629,0.0,13344.629,0.0,63059.68,63059.68,0.0,0.0,0.0,127.46,1.0,0.0,0.0,0.0
835,62778.44,13285.114,0.0,13285.114,0.0,62778.44,62778.44,0.0,0.0,0.0,127.46,1.0,0.0,0.0,0.0
836,62452.88,13216.219,0.0,13216.219,0.0,62452.88,62452.88,0.0,0.0,0.0,127.46,1.0,0.0,0.0,0.0
837,62019.82,13124.575,0.0,13124.575,0.0,62019.82,62019.82,0.0,0.0,0.0,127.47,1.0,0.0,0.0,0.0
838,61755.63,13068.668,0.0,13068.668,0.0,61755.63,61755.63,0.0,0.0,0.0,127.47,1.0,0.0,0.0,0.0
839,61522.86,13019.409,0.0,13019.409,0.0,61522.86,61522.86,0.0,0.0,0.0,127.47,1.0,0.0,0.0,0.0
840,61342.34,12981.208,0.0,12981.208,0.0,61342.34,61342.34,0.0,0.0,0.0,127.47,1.0,0.0,0.0,0.0
841,61148.2,12940.124,0.0,12940.124,0.0,61148.2,61148.2,0.0,0.0,0.0,127.47,1.0,0.0,0.0,0.0
842,61068.23,12923.201,0.0,12923.201,0.0,61068.23,61068.23,0.0,0.0,0.0,127.48,1.0,0.0,0.0,0.0
843,60890.84,12885.662,0.0,12885.662,0.0,60890.84,60890.84,0.0,0.0,0.0,127.48,1.0,0.0,0.0,0.0
844,60775.37,12861.226,0.0,12861.226,0.0,60775.37,60775.37,0.0,0.0,0.0,127.48,1.0,0.0,0.0,0.0
845,60856.6,12878.416,0.0,12878.416,0.0,60856.6,60856.6,0.0,0.0,0.0,127.48,1.0,0.0,0.0,0.0
846,60930.78,12894.114,0.0,12894.114,0.0,60930.78,60930.78,0.0,0.0,0.0,127.49,1.0,0.0,0.0,0.0
847,60677.39,12840.491,0.0,12840.491,0.0,60677.39,60677.39,0.0,0.0,0.0,127.49,1.0,0.0,0.0,0.0
848,60877.02,12882.737,0.0,12882.737,0.0,60877.02,60877.02,0.0,0.0,0.0,127.49,1.0,0.0,0.0,0.0
849,60927.46,12893.411,0.0,12893.411,0.0,60927.46,60927.46,0.0,0.0,0.0,127.49,1.0,0.0,0.0,0.0
850,60792.26,12864.8,0.0,12864.8,0.0,60792.26,60792.26,0.0,0.0,0.0,127.49,1.0,0.0,0.0,0.0
851,60623.83,12829.157,0.0,12829.157,0.0,60623.83,60623.83,0.0,0.0,0.0,127.5,1.0,0.0,0.0,0.0
852,60599.32,12823.97,0.0,12823.97,0.0,60599.32,60599.32,0.0,0.0,0.0,127.5,1.0,0.0,0.0,0.0
853,60341.66,12769.445,0.0,12769.445,0.0,60341.66,60341.66,0.0,0.0,0.0,127.5,1.0,0.0,0.0,0.0
854,60181.67,12735.588,0.0,12735.588,0.0,60181.67,60181.67,0.0,0.0,0.0,127.5,1.0,0.0,0.0,0.0
855,59866.9,12668.976,0.0,12668.976,0.0,59866.9,59866.9,0.0,0.0,0.0,127.5,1.0,0.0,0.0,0.0
856,59618.73,12616.459,0.0,12616.459,0.0,59618.73,59618.73,0.0,0.0,0.0,127.51,1.0,0.0,0.0,0.0
857,59334.39,12556.287,0.0,12556.287,0.0,59334.39,59334.39,0.0,0.0,0.0,123.93,1.0,0.0,0.0,0.0
858,58943.09,12473.481,0.0,12473.481,0.0,58943.09,58943.09,0.0,0.0,0.0,105.07,1.0,0.0,0.0,0.0
859,58181.23,12312.256,0.0,12312.256,0.0,58181.23,58181.23,0.0,0.0,0.0,101.22,1.0,0.0,0.0,0.0
860,57796.83,12230.91,0.0,12230.91,0.0,57796.83,57796.83,0.0,0.0,0.0,94.08,1.0,0.0,0.0,0.0
861,56810.29,12022.139,0.0,12022.139,0.0,56810.29,56810.29,0.0,0.0,0.0,87.25,1.0,0.0,0.0,0.0
862,55555.7,11756.644,0.0,11756.644,0.0,55555.7,55555.7,0.0,0.0,0.0,84.85,1.0,0.0,0.0,0.0
863,55351.44,11713.419,0.0,11713.419,0.0,55351.44,55351.44,0.0,0.0,0.0,84.22,1.0,0.0,0.0,0.0
864,55389.84,11721.545,0.0,11721.545,0.0,55389.84,55389.84,0.0,0.0,0.0,67.61074074074074,1.0,0.0,0.0,0.0
865,55224.92,11686.645,0.0,11686.645,0.0,55224.92,55224.92,0.0,0.0,0.0,68.02,1.0,0.0,0.0,0.0
866,55378.77,11719.203,0.0,11719.203,0.0,55378.77,55378.77,0.0,0.0,0.0,68.02,1.0,0.0,0.0,0.0
867,55285.42,11699.448,0.0,11699.448,0.0,55285.42,55285.42,0.0,0.0,0.0,65.33,1.0,0.0,0.0,0.0
868,55253.29,11692.649,0.0,11692.649,0.0,55253.29,55253.29,0.0,0.0,0.0,83.61,1.0,0.0,0.0,0.0
869,55453.28,11734.97,0.0,11734.97,0.0,55453.28,55453.28,0.0,0.0,0.0,84.23,1.0,0.0,0.0,0.0
870,55773.47,11802.729,0.0,11802.729,0.0,55773.47,55773.47,0.0,0.0,0.0,84.23,1.0,0.0,0.0,0.0
871,55850.97,11819.129,0.0,11819.129,0.0,55850.97,55850.97,0.0,0.0,0.0,84.23,1.0,0.0,0.0,0.0
872,55941.6,11838.308,0.0,11838.308,0.0,55941.6,55941.6,0.0,0.0,0.0,68.02,1.0,0.0,0.0,0.0
873,55891.43,11827.691,0.0,11827.691,0.0,55891.43,55891.43,0.0,0.0,0.0,68.03,1.0,0.0,0.0,0.0
874,55632.37,11772.869,0.0,11772.869,0.0,55632.37,55632.37,0.0,0.0,0.0,83.61,1.0,0.0,0.0,0.0
875,55453.06,11734.924,0.0,11734.924,0.0,55453.06,55453.06,0.0,0.0,0.0,84.23,1.0,0.0,0.0,0.0
876,55415.12,11726.895,0.0,11726.895,0.0,55415.12,55415.12,0.0,0.0,0.0,86.72276701617203,1.0,0.0,0.0,0.0
877,55245.78,11691.059,0.0,11691.059,0.0,55245.78,55245.78,0.0,0.0,0.0,85.27,1.0,0.0,0.0,0.0
878,55289.56,11700.324,0.0,11700.324,0.0,55289.56,55289.56,0.0,0.0,0.0,87.27,1.0,0.0,0.0,0.0
879,55149.37,11670.657,0.0,11670.657,0.0,55149.37,55149.37,0.0,0.0,0.0,87.27,1.0,0.0,0.0,0.0
880,55457.99,11735.967,0.0,11735.967,0.0,55457.99,55457.99,0.0,0.0,0.0,87.27,1.0,0.0,0.0,0.0
881,55417.72,11727.445,0.0,11727.445,0.0,55417.72,55417.72,0.0,0.0,0.0,87.73,1.0,0.0,0.0,0.0
882,55687.42,11784.519,0.0,11784.519,0.0,55687.42,55687.42,0.0,0.0,0.0,99.14,1.0,0.0,0.0,0.0
883,55974.63,11845.298,0.0,11845.298,0.0,55974.63,55974.63,0.0,0.0,0.0,117.1,1.0,0.0,0.0,0.0
884,56627.44,11983.445,0.0,11983.445,0.0,56627.44,56627.44,0.0,0.0,0.0,127.58,1.0,0.0,0.0,0.0
885,56996.29,12061.501,0.0,12061.501,0.0,56996.29,56996.29,0.0,0.0,0.0,127.59,1.0,0.0,0.0,0.0
886,57487.88,12165.53,0.0,12165.53,0.0,57487.88,57487.88,0.0,0.0,0.0,127.59,1.0,0.0,0.0,0.0
887,58354.84,12348.996,0.0,12348.996,0.0,58354.84,58354.84,0.0,0.0,0.0,127.59,1.0,0.0,0.0,0.0
888,59095.86,12505.81,0.0,12505.81,0.0,59095.86,59095.86,0.0,0.0,0.0,127.6,1.0,0.0,0.0,0.0
889,59809.55,12656.84,0.0,12656.84,0.0,59809.55,59809.55,0.0,0.0,0.0,127.6,1.0,0.0,0.0,0.0
890,60723.86,12850.325,0.0,12850.325,0.0,60723.86,60723.86,0.0,0.0,0.0,127.6,1.0,0.0,0.0,0.0
891,61737.21,13064.77,0.0,13064.77,0.0,61737.21,61737.21,0.0,0.0,0.0,127.6,1.0,0.0,0.0,0.0
892,62375.24,13199.789,0.0,13199.789,0.0,62375.24,62375.24,0.0,0.0,0.0,127.61,1.0,0.0,0.0,0.0
893,63194.64,13373.19,0.0,13373.19,0.0,63194.64,63194.64,0.0,0.0,0.0,127.61,1.0,0.0,0.0,0.0
894,63941.72,13531.286,0.0,13531.286,0.0,63941.72,63941.72,0.0,0.0,0.0,127.61,1.0,0.0,0.0,0.0
895,64520.24,13653.712,0.0,13653.712,0.0,64520.24,64520.24,0.0,0.0,0.0,127.62,1.0,0.0,0.0,0.0
896,65086.99,13773.647,0.0,13773.647,0.0,65086.99,65086.99,0.0,0.0,0.0,127.62,1.0,0.0,0.0,0.0
897,65463.74,13853.374,0.0,13853.374,0.0,65463.74,65463.74,0.0,0.0,0.0,127.62,1.0,0.0,0.0,0.0
898,65983.97,13963.465,0.0,13963.465,0.0,65983.97,65983.97,0.0,0.0,0.0,127.63,1.0,0.0,0.0,0.0
899,66368.94,14044.932,0.0,14044.932,0.0,66368.94,66368.94,0.0,0.0,0.0,127.63,1.0,0.0,0.0,0.0
900,66367.71,14044.672,0.0,14044.672,0.0,66367.71,66367.71,0.0,0.0,0.0,127.63,1.0,0.0,0.0,0.0
901,66524.24,14077.796,0.0,14077.796,0.0,66524.24,66524.24,0.0,0.0,0.0,127.63,1.0,0.0,0.0,0.0
902,66469.69,14066.252,0.0,14066.252,0.0,66469.69,66469.69,0.0,0.0,0.0,127.64,1.0,0.0,0.0,0.0
903,66444.44,14060.909,0.0,14060.909,0.0,66444.44,66444.44,0.0,0.0,0.0,127.64,1.0,0.0,0.0,0.0
904,66602.04,14094.26,0.0,14094.26,0.0,66602.04,66602.04,0.0,0.0,0.0,127.64,1.0,0.0,0.0,0.0
905,66519.61,14076.817,0.0,14076.817,0.0,66519.61,66519.61,0.0,0.0,0.0,127.65,1.0,0.0,0.0,0.0
906,66539.21,14080.964,0.0,14080.964,0.0,66539.21,66539.21,0.0,0.0,0.0,127.65,1.0,0.0,0.0,0.0
907,66562.07,14085.802,0.0,14085.802,0.0,66562.07,66562.07,0.0,0.0,0.0,127.65,1.0,0.0,0.0,0.0
908,66680.99,14110.968,0.0,14110.968,0.0,66680.99,66680.99,0.0,0.0,0.0,127.66,1.0,0.0,0.0,0.0
909,66697.19,14114.396,0.0,14114.396,0.0,66697.19,66697.19,0.0,0.0,0.0,127.66,1.0,0.0,0.0,0.0
910,66631.29,14100.45,0.0,14100.45,0.0,66631.29,66631.29,0.0,0.0,0.0,127.66,1.0,0.0,0.0,0.0
911,66737.27,14122.878,0.0,14122.878,0.0,66737.27,66737.27,0.0,0.0,0.0,127.66,1.0,0.0,0.0,0.0
912,66860.2,14148.892,0.0,14148.892,0.0,66860.2,66860.2,0.0,0.0,0.0,127.67,1.0,0.0,0.0,0.0
913,66887.64,14154.699,0.0,14154.699,0.0,66887.64,66887.64,0.0,0.0,0.0,127.67,1.0,0.0,0.0,0.0
914,66860.44,14148.943,0.0,14148.943,0.0,66860.44,66860.44,0.0,0.0,0.0,127.67,1.0,0.0,0.0,0.0
915,66839.72,14144.558,0.0,14144.558,0.0,66839.72,66839.72,0.0,0.0,0.0,127.68,1.0,0.0,0.0,0.0
916,66810.61,14138.398,0.0,14138.398,0.0,66810.61,66810.61,0.0,0.0,0.0,127.68,1.0,0.0,0.0,0.0
917,66872.97,14151.594,0.0,14151.594,0.0,66872.97,66872.97,0.0,0.0,0.0,127.68,1.0,0.0,0.0,0.0
918,66628.03,14099.76,0.0,14099.76,0.0,66628.03,66628.03,0.0,0.0,0.0,127.69,1.0,0.0,0.0,0.0
919,66659.09,14106.333,0.0,14106.333,0.0,66659.09,66659.09,0.0,0.0,0.0,127.69,1.0,0.0,0.0,0.0
920,66488.27,14070.184,0.0,14070.184,0.0,66488.27,66488.27,0.0,0.0,0.0,127.69,1.0,0.0,0.0,0.0
921,66330.26,14036.746,0.0,14036.746,0.0,66330.26,66330.26,0.0,0.0,0.0,127.69,1.0,0.0,0.0,0.0
922,66084.63,13984.766,0.0,13984.766,0.0,66084.63,66084.63,0.0,0.0,0.0,127.7,1.0,0.0,0.0,0.0
923,65723.21,13908.283,0.0,13908.283,0.0,65723.21,65723.21,0.0,0.0,0.0,127.7,1.0,0.0,0.0,0.0
924,65538.33,13869.159,0.0,13869.159,0.0,65538.33,65538.33,0.0,0.0,0.0,127.7,1.0,0.0,0.0,0.0
925,65100.37,13776.478,0.0,13776.478,0.0,65100.37,65100.37,0.0,0.0,0.0,127.71,1.0,0.0,0.0,0.0
926,64689.98,13689.632,0.0,13689.632,0.0,64689.98,64689.98,0.0,0.0,0.0,127.71,1.0,0.0,0.0,0.0
927,64340.48,13615.671,0.0,13615.671,0.0,64340.48,64340.48,0.0,0.0,0.0,127.71,1.0,0.0,0.0,0.0
928,63981.99,13539.808,0.0,13539.808,0.0,63981.99,63981.99,0.0,0.0,0.0,127.72,1.0,0.0,0.0,0.0
929,63576.19,13453.933,0.0,13453.933,0.0,63576.19,63576.19,0.0,0.0,0.0,127.72,1.0,0.0,0.0,0.0
930,63297.58,13394.974,0.0,13394.974,0.0,63297.58,63297.58,0.0,0.0,0.0,127.72,1.0,0.0,0.0,0.0
931,62811.89,13292.192,0.0,13292.192,0.0,62811.89,62811.89,0.0,0.0,0.0,127.72,1.0,0.0,0.0,0.0
932,62469.68,13219.774,0.0,13219.774,0.0,62469.68,62469.68,0.0,0.0,0.0,127.73,1.0,0.0,0.0,0.0
933,62199.41,13162.58,0.0,13162.58,0.0,62199.41,62199.41,0.0,0.0,0.0,127.73,1.0,0.0,0.0,0.0
934,61748.94,13067.252,0.0,13067.252,0.0,61748.94,61748.94,0.0,0.0,0.0,127.73,1.0,0.0,0.0,0.0
935,61425.65,12998.838,0.0,12998.838,0.0,61425.65,61425.65,0.0,0.0,0.0,127.74,1.0,0.0,0.0,0.0
936,61446.82,13003.318,0.0,13003.318,0.0,61446.82,61446.82,0.0,0.0,0.0,127.74,1.0,0.0,0.0,0.0
937,61235.37,12958.571,0.0,12958.571,0.0,61235.37,61235.37,0.0,0.0,0.0,127.74,1.0,0.0,0.0,0.0
938,61129.67,12936.203,0.0,12936.203,0.0,61129.67,61129.67,0.0,0.0,0.0,127.74,1.0,0.0,0.0,0.0
939,60954.52,12899.137,0.0,12899.137,0.0,60954.52,60954.52,0.0,0.0,0.0,127.75,1.0,0.0,0.0,0.0
940,60688.63,12842.87,0.0,12842.87,0.0,60688.63,60688.63,0.0,0.0,0.0,127.75,1.0,0.0,0.0,0.0
941,60850.81,12877.19,0.0,12877.19,0.0,60850.81,60850.81,0.0,0.0,0.0,127.75,1.0,0.0,0.0,0.0
942,60912.41,12890.226,0.0,12890.226,0.0,60912.41,60912.41,0.0,0.0,0.0,127.76,1.0,0.0,0.0,0.0
943,60859.06,12878.936,0.0,12878.936,0.0,60859.06,60859.06,0.0,0.0,0.0,127.76,1.0,0.0,0.0,0.0
944,60870.91,12881.444,0.0,12881.444,0.0,60870.91,60870.91,0.0,0.0,0.0,127.76,1.0,0.0,0.0,0.0
945,60916.83,12891.162,0.0,12891.162,0.0,60916.83,60916.83,0.0,0.0,0.0,127.77,1.0,0.0,0.0,0.0
946,60611.66,12826.582,0.0,12826.582,0.0,60611.66,60611.66,0.0,0.0,0.0,127.77,1.0,0.0,0.0,0.0
947,60650.47,12834.795,0.0,12834.795,0.0,60650.47,60650.47,0.0,0.0,0.0,127.77,1.0,0.0,0.0,0.0
948,60530.76,12809.462,0.0,12809.462,0.0,60530.76,60530.76,0.0,0.0,0.0,127.77,1.0,0.0,0.0,0.0
949,60404.41,12782.724,0.0,12782.724,0.0,60404.41,60404.41,0.0,0.0,0.0,127.78,1.0,0.0,0.0,0.0
950,60113.87,12721.24,0.0,12721.24,0.0,60113.87,60113.87,0.0,0.0,0.0,127.78,1.0,0.0,0.0,0.0
951,60005.1,12698.222,0.0,12698.222,0.0,60005.1,60005.1,0.0,0.0,0.0,127.78,1.0,0.0,0.0,0.0
952,59505.56,12592.51,0.0,12592.51,0.0,59505.56,59505.56,0.0,0.0,0.0,127.79,1.0,0.0,0.0,0.0
953,59369.95,12563.812,0.0,12563.812,0.0,59369.95,59369.95,0.0,0.0,0.0,127.79,1.0,0.0,0.0,0.0
954,58942.81,12473.421,0.0,12473.421,0.0,58942.81,58942.81,0.0,0.0,0.0,127.79,1.0,0.0,0.0,0.0
955,58420.08,12362.802,0.0,12362.802,0.0,58420.08,58420.08,0.0,0.0,0.0,127.8,1.0,0.0,0.0,0.0
956,57831.32,12238.209,0.0,12238.209,0.0,57831.32,57831.32,0.0,0.0,0.0,127.8,1.0,0.0,0.0,0.0
957,56781.56,12016.06,0.0,12016.06,0.0,56781.56,56781.56,0.0,0.0,0.0,127.8,1.0,0.0,0.0,0.0
958,55680.1,11782.97,0.0,11782.97,0.0,55680.1,55680.1,0.0,0.0,0.0,127.8,1.0,0.0,0.0,0.0
959,55310.51,11704.757,0.0,11704.757,0.0,55310.51,55310.51,0.0,0.0,0.0,127.81,1.0,0.0,0.0,0.0
